identifier,serviceDepartmentName,address,isPartOf,contactPoint
08415966-ad7b-487f-befd-e1439889cbe1,Plastic Surgery,d00fb068-4b3d-4b2a-b70b-d8a791fd7815,3e70f16a-5548-4822-9e1b-372ad3fbf47a,92a90fd2-b0a3-4f75-aced-e02f0114a577
ba95b4f6-925f-47cb-b968-36c77c79ed7c,Emergency,327bb556-9162-43b7-af1d-4b70ba5a29ff,3e70f16a-5548-4822-9e1b-372ad3fbf47a,1e82b4bb-3335-419c-8922-4fa0365d3eed
572de2ff-eaaa-4a3e-b1db-d1d548e003be,Pulmonary,1d2152f4-51b3-46f6-8736-65614da72eb9,3e70f16a-5548-4822-9e1b-372ad3fbf47a,a33c8dc3-f69c-47e2-9e81-d10221968b62
5bb955f9-3157-45cc-8cfc-d7467a440b34,Psychiatric,405e342d-fbe3-4bf9-88f1-559e1f265d01,3e70f16a-5548-4822-9e1b-372ad3fbf47a,f61d103d-f860-4014-ab3c-1658aa3042f9
699303f1-bde8-4282-bc76-ff58677e0399,Gastroenterologic,81b377bd-59ea-469a-a09c-93ded12ea61b,b306d1a8-e5ee-4c76-948b-2758d7ab7928,c40732b4-ef17-42f4-900c-fe8021323c24
676b94a1-ecd2-442d-a246-b8560a94891e,Speech Pathology,890974e4-1ddd-415a-b323-e4341bbf9922,b306d1a8-e5ee-4c76-948b-2758d7ab7928,5bbbd419-4bc3-415a-a539-ed269af1e66f
17bcd323-24b4-4126-af1f-7a150631d91b,Podiatric,beabdee5-c861-4c36-b916-751942a699a5,b306d1a8-e5ee-4c76-948b-2758d7ab7928,cda9cfae-10ff-4de8-a6ff-73b5b36cddb8
5fe1ea9c-ca70-4692-90d8-416a4fe569dd,Optometric,3e0f7488-5c88-4320-a7b0-a957c0fa5031,b306d1a8-e5ee-4c76-948b-2758d7ab7928,c38efb8c-1536-4c1f-90b3-59d9ff0a837a
8e83e494-438f-4430-a485-1962ecf75dbc,Geriatric,3b6b8130-f687-4f7a-b683-4a01bdb5ff1d,b306d1a8-e5ee-4c76-948b-2758d7ab7928,0aa1ee6f-1b04-4aa4-a3f3-3d5519248947
db761752-463b-46af-bc8c-7cf6bda2d21f,Speech Pathology,b235872f-f682-43bd-8174-dc65f9646b27,9b38fe80-3042-4325-a28f-5ab01fdb8b32,725964c4-73c4-4ceb-8467-81798383818f
551a9eb6-dcad-43bf-b755-b4635c340e94,Toxicologic,54bb58bd-4e8b-4b51-ba0c-d3b5e85c7c1b,9b38fe80-3042-4325-a28f-5ab01fdb8b32,9383bed6-dbcf-4686-8232-4d7203d03575
758eff25-033f-492f-ad9d-81e70685e760,Geriatric,e2238f55-48e4-42fd-b89e-d0ff2c8cb3fc,9b38fe80-3042-4325-a28f-5ab01fdb8b32,81190840-8a64-44fd-8b58-46c879e32aa0
2e001a75-6efa-4a18-be6f-85818a6993de,Cardiovascular,1acd3824-43ab-4db8-8e45-aea58fdd2315,9b38fe80-3042-4325-a28f-5ab01fdb8b32,41f3ca1d-02af-47f5-8ef2-de43231e58b0
9041f147-c758-4bde-9822-d64549c85564,Diet Nutrition,5774a8f0-bc73-40c9-9918-cda4d95e1ab2,9b38fe80-3042-4325-a28f-5ab01fdb8b32,641cd0b7-3aa0-46f4-862e-8578a05206d2
18ef618f-5c42-4088-ab28-d7d6651bf718,Nursing,931e0d80-fc7e-4ebb-9616-7a2f57a47b99,c9e4dab2-0edc-4d2b-8470-f0e7f76fbfb8,5d81778a-5ef7-4581-af71-f4aead1c4859
9d02e44c-b5e5-425d-9efa-351400c99f27,Gynecologic,14b64d4f-c548-4917-b297-30a1560e409d,c9e4dab2-0edc-4d2b-8470-f0e7f76fbfb8,44a07ecb-5fb2-4686-8bee-3f1d5fc97072
34fef750-4570-4961-a32d-7ed8b2192894,Infectious,673ce1e6-fb95-40e0-acd8-88239993bdd7,c9e4dab2-0edc-4d2b-8470-f0e7f76fbfb8,4f5a41c7-0fa0-4b35-a7b1-13deedeeefbd
3db9237c-9939-469d-bf12-d62ab5a19983,Genetic,e90a2364-3a03-473e-bb9b-df46f5930c38,c9e4dab2-0edc-4d2b-8470-f0e7f76fbfb8,cbce125b-da1c-4162-b87e-3cae01b62820
b6a49911-5597-48f5-82b4-2bf869e5ab7b,Surgical,d4e3fd71-e861-43fd-bca1-248409aaae6d,c9e4dab2-0edc-4d2b-8470-f0e7f76fbfb8,86d26605-33d6-4c61-a8f8-a67abdf76a13
316bef00-8dc7-4e48-9e29-3bd91ae3b638,Musculoskeletal,514f652f-cb71-4e2f-bbe1-4cbd9b7f3e1b,a32c9b6f-391c-4046-bd4a-5d5128fafd04,cd1fe22d-965d-4317-ab5e-68c2e3d86d14
3bc4b9f8-8263-4a78-8050-87bdff555ae5,Cardiovascular,eb63d7ef-1540-454d-a644-d4f4e0985dd3,a32c9b6f-391c-4046-bd4a-5d5128fafd04,35331bc5-5abd-452e-a300-47d0085d7943
9f890d09-37ac-4d7d-bf5c-7c2dde74ae04,Hematologic,19f8b828-a40a-4ab8-aea4-e39843f26ed2,a32c9b6f-391c-4046-bd4a-5d5128fafd04,53ec7d88-1994-49c4-8995-e98cc82dd858
f81721d5-de90-479d-b231-468b4e3a4082,Diet Nutrition,a63a98d1-f116-4fa5-b3ad-f6e2736243ad,a32c9b6f-391c-4046-bd4a-5d5128fafd04,7a9f3f59-c92c-463c-8309-28ae79dac846
cdeb0960-a754-4bad-995a-ef240ffefecd,Pulmonary,08f2bc96-d0a7-46b0-9c3e-5d9b0640151e,c1378be5-b7a2-4e0a-83a8-987936a98d74,c078dac2-bb2b-46f3-ad6d-3a646d2b0123
df29a50e-133d-4e6f-99d7-b48a7cefa36f,Geriatric,d592d2ca-1926-4a1b-a161-960086983739,c1378be5-b7a2-4e0a-83a8-987936a98d74,08cf9fa6-8a68-417b-811e-95c392a55f24
5503ca91-6bbd-4a43-8d8d-f058be046bc7,Diet Nutrition,ff893bcf-c3e3-487b-9fae-c0ab3a70f605,c1378be5-b7a2-4e0a-83a8-987936a98d74,df539ccb-6f1a-4171-a7ca-44921e51f22a
ddf65a9e-76fe-4ca0-8b2d-50976b19fe49,Nursing,ecba187c-570a-4533-bcc3-12ae80678ee3,c1378be5-b7a2-4e0a-83a8-987936a98d74,4dc0500f-b917-431e-b683-c8ecd34f0013
9727212f-9293-4a3f-b3c0-9c1aa943ccd2,Oncologic,70a3eddd-79fb-4bcd-b382-650595d570e1,d974c146-e8ec-41b3-9145-91aef03d866a,2aa8ac45-fc22-453f-98c4-07a8adfd429f
9dadf9e4-cebd-49bd-b77d-a5f9618a327d,Cardiovascular,2a08214c-3c91-41d0-8f28-b6f3fc788700,d974c146-e8ec-41b3-9145-91aef03d866a,550a89db-b99c-48da-9c01-6a1ee64c8980
98ec02e1-bccc-457a-bb1e-adb046fbd74c,Dentistry,dd0d8085-fa84-479f-9774-80db5ab3f451,d974c146-e8ec-41b3-9145-91aef03d866a,ad8c71a6-f3c4-42c5-86af-1de6503b4bfa
c4cd6141-9283-4c77-8615-594c3ae1ab40,Otolaryngologic,ccde7b53-f511-4f71-b4d9-380be321095e,d974c146-e8ec-41b3-9145-91aef03d866a,cd62fd36-d5f2-437e-95dc-506c99d8adaf
61c2dec4-2588-48d3-a0a1-fdd7d610f700,Psychiatric,faca0a80-5fd9-4507-be82-8c9b54bd103a,19724ce3-1bd0-4448-aa2b-32004c9a0ae1,70e388bd-a4a9-4afd-9114-75f2217718ac
3162ef95-096b-43e6-a1a4-3722625300a2,Podiatric,156d3de3-241f-4c26-885e-520447468251,19724ce3-1bd0-4448-aa2b-32004c9a0ae1,7189094a-910f-4fed-a277-6fdff94cd0da
3b4590c6-7380-427c-af25-a8cdde699e1e,Laboratory Science,b0fca11e-8cec-413e-afb3-dafa6d9ed7ae,19724ce3-1bd0-4448-aa2b-32004c9a0ae1,2aa092ae-b15a-4270-82a5-887cf25494de
d24f6919-7d1d-439e-b453-6a9b7ecbcd45,Pediatric,9d592a7b-2542-4ff6-8710-01c5c02e3a7a,19724ce3-1bd0-4448-aa2b-32004c9a0ae1,e439d480-cec1-471a-b5c8-506049c73507
6b223250-fb2d-45f7-abd1-dbf8c0a562e8,Toxicologic,dc0f71ff-12ef-4ae2-b46d-dff4865d2030,19724ce3-1bd0-4448-aa2b-32004c9a0ae1,b205b5f7-e0c0-4353-a043-c58869ad4787
98d0cbb7-7844-4648-a01b-7208f7f3032b,Respiratory Therapy,107a34af-5c72-4d49-a375-d8af7b50c356,b3b68b57-da54-4267-9d13-8266d26d5396,358db639-90bf-4abd-a5d6-49dc41d1c954
4c85e837-f5cf-4897-83c8-e3748fa6b8f1,Rheumatologic,04da2f4c-1127-4e77-8c13-2eec9b1958d8,b3b68b57-da54-4267-9d13-8266d26d5396,700e6a4f-2543-43f8-b349-f09340601a0d
c314f367-f984-48a6-8ec0-03b677760e5d,Speech Pathology,6c63086a-e06e-4d8a-aa18-91a549075479,b3b68b57-da54-4267-9d13-8266d26d5396,272c763d-87a6-4c7c-8117-5ae3822fcf7a
3bbd199b-9e54-4fa6-a328-652a2d0c9076,Respiratory Therapy,bad0e4d2-f9db-4648-99bc-0787974b0fff,4b5ca436-953c-478e-a106-7a8cd7a3283c,e4ad3121-1c57-40c9-bdfd-b88eae4fd0d7
cee41404-5648-4f4b-8c74-7a90317f1e9b,Podiatric,97ad1730-763c-4274-b719-509c5b786208,4b5ca436-953c-478e-a106-7a8cd7a3283c,779571dd-f67d-4311-b3a8-79fd90916a5f
a2bbb49e-df72-45b5-b01b-0592b2c6fc80,Respiratory Therapy,5d67ed18-0be3-4dd4-9e46-5d888c6f140e,4b5ca436-953c-478e-a106-7a8cd7a3283c,762d4c36-5b90-4e06-aa05-004a271fb4e5
b5153684-7c74-477e-b72b-29841514a092,Renal,ea4bf4c7-3501-4ab6-b46b-deda13779d45,4124405b-91fc-4e88-81c1-6e984d6cd782,e924bbb0-cb8a-47fb-b6aa-7946a5cecde7
e98498cd-c064-4c3c-a774-40d1d6a816f2,Infectious,7a04a0d5-d997-44bf-a09f-d44768e72010,4124405b-91fc-4e88-81c1-6e984d6cd782,4dcaf1c1-ea1f-4a93-9134-0a4193339293
eeb8ded2-9dd4-4d96-9014-ea85378f3834,Toxicologic,b88e5969-a6f0-47bc-ac00-4781934dafd1,4124405b-91fc-4e88-81c1-6e984d6cd782,7c39c32a-7291-4b34-8a64-8b77a7ed6194
3500c00f-0450-4efc-9db1-d12e5177fbcf,Pathology,43a1a51e-1abc-43a3-a280-9a497d65e308,084fa819-052d-4ad3-a6c0-0984c734bb05,da531989-ca13-434b-9b7d-ff426c138b6a
c61a423b-2f5a-4402-a2c8-78274e132492,Pediatric,9378de03-3c44-44a5-a8ef-1f7c347cc539,084fa819-052d-4ad3-a6c0-0984c734bb05,6f3d0471-f883-44ec-8625-80f6b224f96d
74816fcd-a58f-455b-a7ab-5912e2ab5667,Pediatric,2d6efa7d-6a25-4d90-99e2-a4c57b57619f,084fa819-052d-4ad3-a6c0-0984c734bb05,439983f1-3595-4baf-b432-dcbc983af186
0d10f74b-56fa-4e4d-9198-ba274329e499,Geriatric,65f64da9-086e-4705-8be0-b1766993400e,084fa819-052d-4ad3-a6c0-0984c734bb05,01a95f82-a339-4317-99f6-b8098aab78d6
b083d572-7c72-44ce-a9c9-bb10dde16baa,Radiography,ccd6b053-f952-4b70-a6c7-54b399092b7c,e27ac8e9-d1c3-41bc-86be-643217ee0eb0,40136ca4-6810-4e35-9c19-53809b00f4f3
e5e8a321-b111-4bef-8b73-49be41e9b9ce,Surgical,59688841-0df5-4972-876e-f1af37eb9bfb,e27ac8e9-d1c3-41bc-86be-643217ee0eb0,4a4d2091-733e-4301-b28f-aeb01654012d
0079a59f-b90f-4320-a2a3-cbd5d5c05774,Public Health,de047110-f364-48a0-9939-ab398f22c548,e27ac8e9-d1c3-41bc-86be-643217ee0eb0,bdc2acbb-b2f4-45e8-9b0a-23afbda98d6b
1e544cc5-7ab0-4ef0-89da-2bbb57561bef,Psychiatric,f48a7aeb-100d-4114-8d19-08c8461aac84,e27ac8e9-d1c3-41bc-86be-643217ee0eb0,d39cfec1-cbd5-4fbe-ae50-1b5a739ed5b6
6d9b582d-d90a-4a60-9f14-f1c8afbd507f,Toxicologic,4f8529fc-ca81-42d4-ae7b-259fc37164aa,064f768d-b080-4003-9e7f-503c4b1347f6,5710c060-2ea2-4ca2-9fda-de0ea9b0a8ae
7ecf1da5-a332-4af3-bb65-687cefc9594d,Genetic,55dcee03-dcb5-4e02-abc0-92e01e7c6252,064f768d-b080-4003-9e7f-503c4b1347f6,acf2ad7e-39b0-4a24-8285-676a83673f0a
6d62a191-7dde-43ae-9a7a-5d98b6c843e4,Obstetric,64cb2808-eae4-4deb-9edc-f3a9beb78d97,064f768d-b080-4003-9e7f-503c4b1347f6,96d3e516-0f79-46a3-a110-bb6c79735da7
cdd1e166-3317-4126-a0cb-72ad45f4eaa8,Obstetric,320bb03a-708e-408a-b875-be9799fff4ba,064f768d-b080-4003-9e7f-503c4b1347f6,80f2f7b1-7294-4e45-9eb6-eee6b17672e2
328992a1-73e3-4abd-a1a5-123f38dd43bd,Neurologic,c57f314c-17fc-422c-9683-1b09e8b174a4,064f768d-b080-4003-9e7f-503c4b1347f6,b13a56f2-2e82-422e-8c69-532180707982
7d9a8481-de24-4f01-bdca-fb55d386458c,Dermatology,68ec562e-0059-435c-ad77-c2a98b680b6a,6ab01563-8cff-4bb1-8ca4-9aaf6b944e09,9c0c7b1e-9230-46a1-8ca0-2f81a512090c
1481783c-d253-4435-9001-24a7ec6c392d,Respiratory Therapy,04490b5d-aa14-425c-b9aa-80fc2daa0123,6ab01563-8cff-4bb1-8ca4-9aaf6b944e09,b6608cf3-b2e1-4848-9d87-667a79b638c8
2d807fd4-9cc2-44fa-8a37-927604e7d97c,Radiography,556a666d-5019-4572-b109-bc67a0f80547,6ab01563-8cff-4bb1-8ca4-9aaf6b944e09,9bbdf967-ca12-420e-947b-e7889abb1ee4
c7175f90-ec3f-421d-9e53-feafb3befece,Respiratory Therapy,4c072c16-540f-4137-909a-a3b5ba923a64,7bb8c2f1-1624-4318-a326-52e8a1ab17c0,b2570a2e-8074-4d98-a42d-9ecca78ac646
f5fddc69-3d8b-4235-910f-8f667311274d,Podiatric,9d2e5daa-3788-47ce-bcab-7a91183947ef,7bb8c2f1-1624-4318-a326-52e8a1ab17c0,96721bd0-ed1c-48ff-8f53-f5237a470ddc
80d8241f-4e4b-41a1-ae21-e8f7defe6dfc,Musculoskeletal,6a9000a8-f744-45c9-963f-464362d63c9d,7bb8c2f1-1624-4318-a326-52e8a1ab17c0,623fc5b9-976d-4953-a47f-1aaf5875de0f
a97e76ef-ebef-4ae1-89c3-a12df0bed3ed,Gastroenterologic,5f7e3898-2ddb-4eff-9da7-2833e1bfbdfa,120961ea-0913-4087-95d3-8ca9986cc8d5,4f5ab827-3b33-445b-952b-c38cce0790d7
6e323ff4-c345-495e-b8fa-29e6831520ca,Dermatology,9883502e-7f32-4e78-a7fe-651efd8c2a6f,120961ea-0913-4087-95d3-8ca9986cc8d5,8dfc0cb0-dc97-4aec-8fac-816ce2d371cc
5516c1a6-45d3-4a2c-8826-8550d171a798,Gynecologic,b31190b6-21e4-4b25-adb2-bb78765d13de,120961ea-0913-4087-95d3-8ca9986cc8d5,68aeb048-72ec-4932-a075-44b56eb7b98b
25b09e48-1ca1-4fa7-83b8-bbaa7e24238e,Radiography,bcb7b35d-6829-4389-a110-e83c1a44cf29,51783032-8066-449b-b1d7-92a07d25cefb,b18f3aee-34a2-4626-804b-d39754a9d898
268ac0fc-c404-41fb-98fb-3f2c1602a437,Pulmonary,2970243b-3d47-43df-a97f-9e57cd84cbf3,51783032-8066-449b-b1d7-92a07d25cefb,8054c15c-aeed-440b-9755-f4a05962ceba
1a694238-8f48-4ea4-9443-04640642485f,Infectious,21258915-7b10-477c-bf32-e5f786bbc79d,51783032-8066-449b-b1d7-92a07d25cefb,326e1c2f-2fcf-48b7-bcef-f66406a70ddf
54496139-add6-4d20-93f3-f048d814a978,Community Health,fe3b6267-c382-4cf9-8f32-e3157a2b15d6,51783032-8066-449b-b1d7-92a07d25cefb,fed602eb-b300-43f7-85ed-f42f3c5a74fd
e675e7e7-f848-419a-91fa-1e143cde8704,Infectious,db03dadf-a10f-4588-b1e1-9146f654f453,a5e3a719-6bf5-4dfd-94a8-762b2b12c92c,e1f51fdc-c203-453a-8b78-44b004747134
56123a73-379e-44d2-a764-10c23f6b772a,Obstetric,055c64dd-e478-40a6-9368-e0d60b46b634,a5e3a719-6bf5-4dfd-94a8-762b2b12c92c,b11826f6-66c3-400c-9cae-80b846695f55
842aab1f-f7e9-435b-9701-c3d37f796c6b,Urologic,cb562026-a4d6-4d94-9097-be87168d8bf9,a5e3a719-6bf5-4dfd-94a8-762b2b12c92c,536ff84c-82c7-4e62-9f61-7ff963611515
4e9fd040-b468-48d3-beab-9dfd514ae2ef,Radiography,ee7150cd-f25b-4180-a41f-26d3b6f6fec4,a5e3a719-6bf5-4dfd-94a8-762b2b12c92c,275ab60d-7b1e-4ff7-8476-d9681803b6e7
8a73d028-68a0-4ddb-a338-b9cd6f64d5df,Cardiovascular,3a1e1faa-400a-47fc-b5ca-4006085698d7,a5e3a719-6bf5-4dfd-94a8-762b2b12c92c,3922c73e-84d7-41e2-a0c5-f3291ea2d7d4
9869dfaa-e173-49c0-8a6f-7151df0540c5,Musculoskeletal,0ce131dc-eece-4051-94b6-35d80f23d695,aa66b464-8420-48d9-b261-d0d2a1c2d9bf,87e8b9a7-1116-4820-a76d-4b32212178c7
0547ae03-1181-4f74-addb-5678801fa463,Laboratory Science,8cff3e99-1e8e-4d52-aab9-c1851af0ed28,aa66b464-8420-48d9-b261-d0d2a1c2d9bf,02951560-27e6-411e-b94d-aba2251a54b7
2bdeeefe-495e-4e7c-ac7f-9f90a2d6d8c8,Radiography,b97c9029-ddf0-4312-8bb7-89b41be62446,aa66b464-8420-48d9-b261-d0d2a1c2d9bf,df6a1985-6ecb-4b06-bdcc-900ae689bad6
0f036ad4-020d-4a8f-a5c7-120ef1232231,Geriatric,e4058234-14ab-4236-933c-c2c7a78a25da,0b5aafef-85a1-482a-8761-585b4168705a,c0123520-4db9-4f3e-af65-10194f9d9bbb
2370539b-ee4a-4b62-88de-092dcc22ccb5,Obstetric,571532b3-3839-4b4d-a0b0-dea7560ba7be,0b5aafef-85a1-482a-8761-585b4168705a,590b57d9-b56a-4ae6-b7fa-36fc5587e3c5
15fc5f40-45ab-4403-a741-8726203da639,Pediatric,1ddf3199-a03c-4061-a8a7-d3daf0591d22,0b5aafef-85a1-482a-8761-585b4168705a,a323d79e-7386-4418-b1db-0a78f2fd8e7a
c1a8ccc3-5c33-4a30-94fc-085b307cb228,Renal,2a9df500-ff2a-4d86-baa5-07d4fe68155c,0b5aafef-85a1-482a-8761-585b4168705a,6a2edd95-7915-4d51-aded-413bb43f355f
160bd6aa-7246-4d4b-ba67-a0cafc14e5c1,Oncologic,c16a8771-a94a-440c-8926-e63271bd78ea,0b5aafef-85a1-482a-8761-585b4168705a,a0b837ed-b3a2-41dc-8fa2-f35c90c86387
5d934080-18ca-41b5-ab5d-eb8a645d327b,Psychiatric,737ab5fd-791d-40c4-bf13-63754f439433,3fee2fc7-2e2d-4fdf-b57b-8a920a12f3b3,4f22070d-ed39-4be0-9153-9f8f503618d0
6c77700a-55d6-4f9b-85b0-3a351c16dc39,Plastic Surgery,4c8909e3-1d54-4d05-b0de-ca69debcb6d2,3fee2fc7-2e2d-4fdf-b57b-8a920a12f3b3,eafa6b45-463f-4d8c-8f80-ac174fd9853b
87a95185-5166-465b-b046-463493a7468c,Physiotherapy,d2865c01-77f7-4d19-8ee5-ddf0d996f125,3fee2fc7-2e2d-4fdf-b57b-8a920a12f3b3,6db16e7a-23e0-484e-bc30-9d334ea8c3b1
9c1607dd-6831-44bc-a669-93e9f141f337,Neurologic,b4901da8-af3e-4140-81c9-edfe2ba1c841,3d798f0b-e6cd-4595-94f0-d65dbd6817b6,50574997-9916-408e-bb51-a89031eb113c
30a407e9-923e-467e-b117-f2741840bff8,Physiotherapy,d3901a57-e545-4672-a955-c5439ccb8846,3d798f0b-e6cd-4595-94f0-d65dbd6817b6,9dcc668f-a400-4b48-9c53-1539d20c450c
b61c14e4-aa74-4b72-810b-d9bde2ce792c,Anesthesia,085c52f0-f19d-49dd-9bb6-cafb82acaff5,3d798f0b-e6cd-4595-94f0-d65dbd6817b6,aa9bb48d-2134-44aa-bc8f-167a04d6466e
9d2b0c26-787e-4f5e-bb88-f47db68a0d8c,Hematologic,c04139ad-c89a-4359-a03f-debf966d66ed,9db3466d-1ba6-4c61-aaf9-4919e69b7971,8f675968-0a01-40c1-a2d3-3a20d1e831d6
75f31bf4-5e96-4772-b582-21ccd759af90,Midwifery,65a20e0a-e151-40df-b36f-6e304c05e703,9db3466d-1ba6-4c61-aaf9-4919e69b7971,dd618829-ef78-4dcd-bd12-928d5fceaae6
7c208bb3-0de5-469c-9ab9-57917bd042c3,Physiotherapy,86494985-7b7c-42e3-acbb-98aed2d657be,9db3466d-1ba6-4c61-aaf9-4919e69b7971,24d8b7fe-d00c-4571-bf3a-49929d92c16e
3a08493c-3271-4cf6-8071-ec94327bf1b3,Dermatology,329c4a2f-156e-40c4-8f86-7760a8b0cbeb,9db3466d-1ba6-4c61-aaf9-4919e69b7971,bb87bc20-bcd9-4fda-ab40-6d2296906a35
90e0fdac-78de-437c-8164-e43959404fbf,Obstetric,64022306-649c-4312-991c-bb26c189fcb9,0ee5144d-8a1d-4b42-92d6-ff735b3a4595,0fdde282-ec31-4254-874f-be492c737464
e3c6cbee-5bc0-4198-ba39-ff7042862c45,Plastic Surgery,d11b3ec4-2a3c-4c48-9d73-4dcb989822a6,0ee5144d-8a1d-4b42-92d6-ff735b3a4595,d4d28851-7042-424d-affb-6b09467365a7
57fb7373-af22-4c7a-9dee-acba905d811c,Gynecologic,d6acf304-5a2b-4c73-a04e-263e574b411a,0ee5144d-8a1d-4b42-92d6-ff735b3a4595,e8c77b7b-86b9-4ea0-b171-cb88513b7956
8ca9db0b-5347-4d8a-84ba-f4271e49dc9e,Neurologic,509e7263-2a8a-4952-8344-866204a4211a,839137a6-a977-4b71-9e6d-2d7e9f312acb,3563e294-bf3e-477a-8557-3355b5f22c1d
4f926225-ad4f-4f49-97c1-bb39cd66eb5d,Toxicologic,6326ee35-3e40-4347-9907-e4c01a254c4e,839137a6-a977-4b71-9e6d-2d7e9f312acb,0d08fd13-43b5-4520-bb19-e603aa041558
88bf6f17-0493-404f-b5ed-e251e738dc60,Rheumatologic,c87e7309-2c99-4175-9a3a-fac9365c6e11,839137a6-a977-4b71-9e6d-2d7e9f312acb,f28f30c0-3354-40ac-b1e8-0db531733582
5eb5d53c-0ca1-42be-a947-0a0ddd999070,Pharmacy Specialty,987695b0-23ac-4b84-be35-a53466ef219a,f1c58f44-7e08-4c1b-8da6-a326451437d6,821096d4-cad7-4b0b-82ab-36a75dff74f4
859fe637-8db5-4c77-b41b-6adaa013ba3e,Community Health,542ffd61-23e8-48ba-93b2-b82856d830a3,f1c58f44-7e08-4c1b-8da6-a326451437d6,5b5b1743-ba9c-4ff3-9f0d-918f2662a1d2
e3c88c7a-d356-46e5-9d1e-cd3cd2b46686,Genetic,bbf60181-8edc-4f3f-bb3c-b1db792613ac,f1c58f44-7e08-4c1b-8da6-a326451437d6,af2b8e1b-fe5f-4e3b-9c19-85fceda86200
f0ebb870-2e0b-4868-a5a9-ff7ea25df068,Diet Nutrition,9b736c70-ca28-467f-855a-188d948340fa,583678ee-f3ca-4f64-a7fa-8b8a909b471c,65db0d81-1bc6-4506-86d7-401971cdf65e
05dcb25e-1698-40e4-836c-f99b3e486b65,Urologic,7dd82bab-0573-4f5b-8b4f-f2e2182c539b,583678ee-f3ca-4f64-a7fa-8b8a909b471c,e3d936bf-0a1e-4938-ad38-4bd846c8a642
b1d0261e-f260-4be5-866e-3924320919da,Gynecologic,e4f78188-ab8b-4683-a51b-95d40f633fda,583678ee-f3ca-4f64-a7fa-8b8a909b471c,c2ef4084-ce86-494b-9d46-3576b07607d1
8bb05656-6ffe-43e8-818f-44bb980bf457,Toxicologic,e94f51b2-cf74-4443-8248-3212f7023321,c74dd25c-6dbf-459c-837d-975248f3531c,00285474-d00d-46ea-9dc0-a98f4ad9ef2e
7e7c6aec-2c5f-4867-b22c-260d5d028333,Community Health,86d34bfe-1de4-4628-ad10-0cbf767bf585,c74dd25c-6dbf-459c-837d-975248f3531c,adc7bc54-42b3-4a4b-b11e-02d4015a50ba
0935d6cf-3486-412b-af77-324560ac257b,Oncologic,01cf8436-31cc-42bb-9e83-e5414492cc12,c74dd25c-6dbf-459c-837d-975248f3531c,e3b9c7bd-9c1f-4b59-bf33-296d5f7e494a
4b297968-6a85-45ae-84a8-035c3f9d7cf6,Neurologic,f9a31bd2-3fee-4277-bf90-c4b98e87e850,c74dd25c-6dbf-459c-837d-975248f3531c,df333f14-b69d-40da-80f4-c7a47db4aa2c
a1ba4586-e54d-47a1-8260-845744ab05ee,Laboratory Science,9ad098f6-599d-4000-ba17-9e2f54ed0e60,dd1f8e30-731c-477a-b6bc-a2a2be792965,4ed0cd4d-5850-45c2-a0a2-2b16cf1e6ccf
160b3ffa-251a-45b2-8071-4bb79b8ad161,Renal,1704e146-312c-4940-a497-78e2194c955f,dd1f8e30-731c-477a-b6bc-a2a2be792965,f0740b85-0ab7-45a4-a1e5-d4398b3d69b7
194cceef-f9e7-4a22-aebd-a4e75f26595e,Gastroenterologic,19c502db-1bad-42f5-90da-e03db25b8444,dd1f8e30-731c-477a-b6bc-a2a2be792965,157245a6-50d2-498b-bdef-65bfa46d6bca
5aedb724-3d49-459f-b710-6d15cdff3c31,Toxicologic,16e77920-5120-4f9c-b94b-a37c928b66d5,dd1f8e30-731c-477a-b6bc-a2a2be792965,14ab54b4-c114-497f-acee-452fde13865c
32fc4ab1-012d-47ce-87a9-cc2589baedaa,Rheumatologic,9b7f3e35-16fb-488c-9e44-ea1ce188ea61,30d6863f-11c2-42d8-8126-77895c6be596,70e86f99-fbf2-47a3-aaad-d5ee2d9a5462
7efc5b0d-a271-4e89-b10e-9f7c919108b0,Primary Care,85d40ed2-763f-4abd-b602-6e8a026019f0,30d6863f-11c2-42d8-8126-77895c6be596,05b7e19c-c846-4f9c-8563-a8eb667efc95
b964a0c7-a670-4775-a8d4-4ca7918a4325,Primary Care,4ecf5732-3f6e-43e2-920a-3b503ad25d09,30d6863f-11c2-42d8-8126-77895c6be596,6e4d0cd1-40ea-4c2e-a0eb-fc5ef56db9ae
d8c2b8af-4a68-4a00-8a41-77e047978178,Laboratory Science,25b6d5a5-47ce-427b-8b25-74647591789b,53f3c158-42ce-41c0-8cd9-f2af339c5a75,8c11dd86-39f9-43b4-814c-27c8aff2b729
e7a01b9d-f769-4287-9a36-81979956c974,Pulmonary,b7bb0adc-5d89-4352-80d9-06afd61aac3d,53f3c158-42ce-41c0-8cd9-f2af339c5a75,d0a7b26f-d7b4-455a-a025-de1c1fdbdbfa
8c5574cc-785f-40a7-b766-88560b9714b0,Emergency,64f33f45-f633-4d9d-b3dd-4a2b40b7c7ba,53f3c158-42ce-41c0-8cd9-f2af339c5a75,6f3f49f4-f025-4f13-8b00-bc3b68cd12ac
df01d2ae-aaa0-49b8-b981-3b85187dd9c6,Emergency,7c261b43-eef7-4d97-ab98-f113f546e1d0,2ebed37d-05d1-46b6-acee-c38d511fcda9,3cd10068-c29a-486e-adb6-db1da33f1754
f44002b2-16a3-4263-834c-ff3c409936ef,Cardiovascular,3d7082f0-91e7-4aca-827e-b997718c4d39,2ebed37d-05d1-46b6-acee-c38d511fcda9,bbf6da7c-447a-4243-9124-e8bf3f4f8738
ec5148ee-964a-408e-985f-85dfa5793822,Midwifery,da11d2c9-43e6-4d9b-9e7e-0170a4819363,2ebed37d-05d1-46b6-acee-c38d511fcda9,72c80696-7225-432c-adfe-de0d43bf6504
7d6dc439-48a7-47be-8055-8dbbf2504339,Nursing,7e48a1c8-ef4d-478a-b195-c85b1a78dfc0,2ebed37d-05d1-46b6-acee-c38d511fcda9,e1d49a09-26bb-4c32-b045-ca2fe01714ba
165f71e2-d77c-42ae-98d1-bbfa485469ec,Pediatric,a47bc229-a657-427e-85fc-b47763ba97a1,59cd012a-06b4-4b6f-9f94-e3c818a77594,fe7654e0-3112-409f-beaf-19d064bcedcb
3d38c859-f810-4d78-a75a-7cfed10a8fe7,Pulmonary,93aa8737-f9ef-47d5-bf43-36a5dbaa94c4,59cd012a-06b4-4b6f-9f94-e3c818a77594,7da41e43-2a13-44ce-bad0-c58552e4e825
b3975b23-1b40-4f69-8383-4e7ad0a8fd43,Hematologic,c275663e-85ae-4d15-a3d1-4466dbe7afb7,59cd012a-06b4-4b6f-9f94-e3c818a77594,58523bc0-dac9-4b86-bfde-dc97a687be4a
3adc2893-bc99-49c4-90fa-59e7ed6177be,Renal,11d0fd54-750e-41b1-997e-b2fc26fc574c,59cd012a-06b4-4b6f-9f94-e3c818a77594,c8bb01fe-bfb6-430d-a057-b5b78a36d030
f7cf7116-3746-4504-9e17-ca5fe53d1459,Speech Pathology,36f4851f-431d-479a-9ec3-40991ca7b806,59cd012a-06b4-4b6f-9f94-e3c818a77594,301c8730-62fe-4d68-95f4-5a1fe1d292ab
ee6d6c4d-fbac-46f5-87c8-a4cc6445d014,Pulmonary,6aa33909-aff3-4c60-a7a2-d842dac513d3,ebbe1a41-c781-411f-acb3-8568291a58af,a6bb529a-4a6e-41d2-b781-5143521a9b07
9c3ecbc8-b715-4f06-aaae-38c4ba2d47f1,Optometric,0b4e3fdc-4907-48b0-8530-aee39044d06c,ebbe1a41-c781-411f-acb3-8568291a58af,f1810962-6222-4f78-b662-21f804e93690
2ecb559c-510c-4f3a-9180-d2a0acdffd0f,Gynecologic,d2bd504f-53bc-4098-afb1-fa076a8cfe71,ebbe1a41-c781-411f-acb3-8568291a58af,cd2af216-37ab-490d-81d9-93cf26f787ed
062384ff-fb6d-40ce-a121-89809111f1f5,Psychiatric,97582cd6-dac2-4c5a-8d88-01dec51e4f7d,c9a6e611-613f-418d-896e-f1a5ac707464,98aa03b6-a0f0-4a56-ac00-caa08fbd4130
32068b53-5963-43d9-b6d6-42824b6a1b1d,Hematologic,13c49a5c-892c-4c7c-92c1-138bd7bec639,c9a6e611-613f-418d-896e-f1a5ac707464,964cc436-f18e-44f8-a3b1-fa5b983203de
b0977501-9c68-4b36-aa46-a794a60153ea,Endocrine,43e1dfa2-2522-466b-89ab-9a1b986079bb,c9a6e611-613f-418d-896e-f1a5ac707464,fc62a7d0-e42e-450a-8dd9-d9683afed6be
96447c04-7fec-4d97-8e13-c327b461cc8f,Geriatric,1a35187c-79da-40b9-920c-d3b84d26d96f,52526d45-9c68-4df1-8a51-5e8746ba6855,dfa4807e-b1a1-4d39-b1ab-ea96e2f4c35c
7e6f332d-367c-4088-bf4a-d1b5a72fabab,Obstetric,3d85cd44-1426-4795-b1b2-7d3eb8daa7f2,52526d45-9c68-4df1-8a51-5e8746ba6855,f9e65cca-81e2-40ec-a57c-f826491f7bd6
e46fde3b-87f6-4faa-8ce3-1c63feb6a282,Toxicologic,d1935abb-42ce-4886-a7c8-a86a03fd60b3,52526d45-9c68-4df1-8a51-5e8746ba6855,701688a2-a15b-49b6-9385-375ca1f0c098
85c4b44f-f93b-4dbf-83ae-a2d1ba2bdab5,Obstetric,0adaf92d-2534-4858-b1e8-9782e23d2e90,52526d45-9c68-4df1-8a51-5e8746ba6855,333ea67c-c5ad-4ab1-8e36-01575695ac3c
406ec398-9a4a-4a9c-a735-a17352ec0382,Toxicologic,b80150f9-c7a3-477c-b229-31d3a38685f6,0a9d499c-a269-4c2d-a14f-1ddc4bc972ce,599691d6-1565-4e5d-9455-81daa5d01c19
a20b197e-afe9-49ad-bd4a-6945d77f1503,Optometric,52c28839-db51-4bc0-a2bd-6dd6cdd67b39,0a9d499c-a269-4c2d-a14f-1ddc4bc972ce,c12c2611-de41-4380-87c5-71562d68e33b
101efc05-873e-40dd-bdcb-54acb369907d,Diet Nutrition,9f78299c-b9a9-4a03-bf8d-c9f2e3a10464,0a9d499c-a269-4c2d-a14f-1ddc4bc972ce,0a4d3590-f9b4-4573-878a-2aafd8dc0cb1
350b62e7-9712-41a9-aecb-26826fe47e69,Surgical,eee13dc0-e1e4-49cf-8dba-6d8f7ab8572c,0a9d499c-a269-4c2d-a14f-1ddc4bc972ce,a0e33935-f515-49fd-b68b-604992edb418
0fad3771-8272-44df-b830-5e4bc3d4540a,Primary Care,b50aea15-20ff-42cb-a857-548c9e689188,8e33dcab-be68-4e2b-bd63-7b3afc0b1519,fccdbab0-b13b-40ac-b0cc-eeb348d46113
e76419b8-e79a-48b5-92ef-181c62ada603,Public Health,7d3e3711-2985-4817-a937-cc865f40ec47,8e33dcab-be68-4e2b-bd63-7b3afc0b1519,197e30de-8aa9-4d3f-bd63-37b3d5957c15
6a1dbb17-b140-4b0c-906f-4e7f311e42da,Obstetric,b889d6c7-1221-4a43-9f15-b76d8718685c,8e33dcab-be68-4e2b-bd63-7b3afc0b1519,bee4da7a-b175-431d-aca6-2a60701b9ea6
cd7dd454-f384-4334-abbd-44b7f61ad046,Pulmonary,5f82283e-4d7a-4830-8950-724d7dbfd37f,8e33dcab-be68-4e2b-bd63-7b3afc0b1519,f2d72a3b-0e35-42ed-b632-50a278a17688
85a81960-0eab-45f6-966a-acac95d05ad6,Diet Nutrition,c7e470d9-9d81-4b64-83c7-4f42c4b9ee85,8d37aebb-8fc7-47e3-a8b7-4f3dec3826bc,dcc33394-4678-4a81-acb7-c5bf0e58cd63
c55dcbc2-fc3b-48bf-9b90-c25975fc3303,Anesthesia,0a97b6f9-aaf5-4770-a208-1bc46f3454e0,8d37aebb-8fc7-47e3-a8b7-4f3dec3826bc,3579404f-b0a1-4815-b470-b8c2e842be8d
c5440df0-0080-4826-9b25-9968f499341a,Nursing,bf5057fe-bbdb-499e-9be2-6a9c4f0743b1,8d37aebb-8fc7-47e3-a8b7-4f3dec3826bc,f55aae57-7c63-447a-a71c-bf0fac3a2eab
bd6b774d-0e15-49f5-bdea-a0c1cc19b2c9,Neurologic,93f0e4b4-3871-48d4-a341-68653b6803ee,8d37aebb-8fc7-47e3-a8b7-4f3dec3826bc,191fa8bc-9675-462f-9157-c073b3e19908
5c856338-a519-4d02-ad0b-587f1320cceb,Cardiovascular,14dfffd5-9d9f-4090-baf9-439753a34be0,8d37aebb-8fc7-47e3-a8b7-4f3dec3826bc,079092e4-537d-4c63-95a2-888492747f90
1f4801e6-57bc-4738-9f96-c7b66e9f2924,Genetic,8cc66bfd-eebe-444c-a8eb-7deb67672789,3ad23fbf-2e57-4864-83eb-280e79017990,f58d588b-f650-4f8b-a564-5fbdc832befb
af9665b0-0cbb-465f-9a2e-de5b9688778b,Pharmacy Specialty,2d5ac28c-f8c6-401f-9e8d-3dac1ff99c18,3ad23fbf-2e57-4864-83eb-280e79017990,6acff518-7e76-489b-82bc-47b9753d547a
c701315b-a7ce-4506-b190-08f9639c4462,Psychiatric,7a5829c1-d315-48c9-93f0-b2f5968d1581,3ad23fbf-2e57-4864-83eb-280e79017990,ece7e249-2dce-4b0b-81ee-a5822737460b
9329393d-9d73-4bef-93d0-abba7d7d5c0a,Public Health,8f5c1488-2b22-49a9-886f-43d91980da38,3ad23fbf-2e57-4864-83eb-280e79017990,bceeb65e-93e3-45fd-a26f-cd30db10c789
dde06374-cc77-4ea8-9ffa-2389df417dee,Optometric,4fe97f7b-3b14-436a-8bdd-595c0099319c,ed3032ed-824c-4948-b474-b1a4f2684ee1,6b5f837d-62ed-4378-ba8f-667e19bcbfa6
a5696097-b24e-43ff-a0f6-eda73de609e2,Respiratory Therapy,a4d4ee9b-9de7-4046-a2c8-6a4976ebbb2e,ed3032ed-824c-4948-b474-b1a4f2684ee1,c394fc59-f63d-44de-81ee-38589bbe90a0
b2c6e2e2-3bf4-47b2-a6d3-0fca62f8237a,Psychiatric,d99dd5d7-6ad1-421e-92e8-f6afa2b2af7e,ed3032ed-824c-4948-b474-b1a4f2684ee1,a49ef488-5537-4063-896b-6016aff747dd
ed834f16-93e5-43e4-8719-7bf163694ce2,Renal,1acaa971-9fd6-495b-91ac-8823e847ca2b,ed3032ed-824c-4948-b474-b1a4f2684ee1,cf5737e4-b3ea-4c2d-82c0-02ed04314365
253b6e44-1916-40e3-9800-201a9cc6d351,Toxicologic,cd63b97e-d94d-4cd0-a83b-af0436dfdf93,ed3032ed-824c-4948-b474-b1a4f2684ee1,d5ad1c81-c6bc-4e2a-be9d-98fdc0fef09a
b60a6384-70d1-46d3-88be-e994081434b9,Genetic,7fc071bd-346d-4398-b144-088aadf8dbc8,1ee1723b-4a96-46a4-a752-41027acf6bcc,325ac15c-3391-4a64-9ff3-c8b23064f0fc
a908c744-fc56-49dc-b432-df57bae747f7,Physiotherapy,3df2a81b-a4e1-45dd-9843-bb4401650350,1ee1723b-4a96-46a4-a752-41027acf6bcc,ce1be150-d154-47a8-ae61-157c78f63095
92716ec5-d77b-49c9-b0a0-292e958ef526,Geriatric,232aabb1-47e9-4726-8a51-f91354cd927e,1ee1723b-4a96-46a4-a752-41027acf6bcc,dc01d5dc-967e-4ff2-a638-b53dea04c35d
6d3b41b3-59e0-4ba2-9253-1d5b37b84200,Toxicologic,bb70815a-c58d-476f-bbdd-4130be7c18ea,53a9ec5d-b9b5-470e-b346-f7c6437249fd,8df54a24-e6e4-49f4-aed4-4b11144844d2
c158169c-4f43-40d0-87e1-918a115d3e44,Genetic,58acab37-934c-4ac7-827b-384253449005,53a9ec5d-b9b5-470e-b346-f7c6437249fd,dfea9ee1-2eb4-41ac-8dce-9658d8621586
d383ef52-9d14-43a5-a49f-86975fd00911,Pharmacy Specialty,f09aea3f-232f-499b-b59c-c90aac7d6d40,53a9ec5d-b9b5-470e-b346-f7c6437249fd,1f8339e3-e2ce-4135-a92b-6d89f3f09037
4fd31bda-4d2e-473e-9d37-7dd5bbdb886a,Gastroenterologic,688ba9e7-0449-4aef-90a2-7b0ea7ef9956,95331356-074f-4be0-84f2-0133f45c8840,744fe6af-9765-45fd-8982-493b08e0e8df
1fef3dd6-ed8f-402e-930c-f4ed5d87f7dc,Cardiovascular,bde2f7a4-0029-4b0b-9fa6-28625ae33a0e,95331356-074f-4be0-84f2-0133f45c8840,1828315d-ce25-4002-9831-94d420cfce4e
88edd6d3-d9a0-490f-a961-95fa159a1f56,Emergency,38fc7db8-9222-4bd0-b327-b039dc4f9b59,95331356-074f-4be0-84f2-0133f45c8840,30ecb60b-101a-41f3-9afb-681df870155c
496fd519-6c1f-4da6-adcd-732af4d20476,Infectious,2f889483-3c73-446d-a28a-7cc429a6bc74,6a8d3e84-20fe-452b-96fe-23018c3af69e,f799e296-48d4-4935-bb81-6204184f368d
947c1b26-bb86-487b-95ac-437ca13efb41,Physiotherapy,73557453-1da1-4e1a-999e-10e71138b1e2,6a8d3e84-20fe-452b-96fe-23018c3af69e,48d988a1-e8e3-4274-b7e0-d5717085dbbc
82d6d502-fa46-49f2-8a8f-4a806a615a6e,Physiotherapy,9dd68ce9-d264-4c64-884f-a1a7c0d32d89,6a8d3e84-20fe-452b-96fe-23018c3af69e,e9044701-dba8-4ae0-97d2-ef1c54dee045
9b73f94e-83ff-4b81-88c9-a3a5fa3c27b8,Obstetric,020da7e7-aef3-4182-bc42-940cb81a840c,69560c06-3008-4519-ad83-095163eaa005,dad39cfe-ffb3-44a3-a34c-3f1890645d72
35ea89b3-dc07-48eb-b475-0c52f9f602db,Pharmacy Specialty,e7c1b6a8-bc65-4fdb-a7f8-927724101196,69560c06-3008-4519-ad83-095163eaa005,1e804c7b-fba4-4c0f-a6e6-a50615152e75
2c650537-b5ca-4a87-b6b1-b2ccd55bcf68,Geriatric,079b6afb-cce4-4ca7-9043-c53ae6739bcf,69560c06-3008-4519-ad83-095163eaa005,f7ddf9a6-a499-4205-82cf-1dd3dd79270b
67f69d5b-54c5-4344-9888-84eed7819ccc,Plastic Surgery,2223ac1d-276d-4cb4-88d9-bbb6381768ca,69560c06-3008-4519-ad83-095163eaa005,60bb1747-aebb-4b34-b28b-9a83e1986337
e8f6777b-13c8-4ca1-98ff-d19ec596bb33,Dermatology,74c88f42-3567-4412-b920-a9cb6916312b,69560c06-3008-4519-ad83-095163eaa005,5e66ddc3-a775-4c44-ae07-9366cd2fe151
df198e4a-4768-4189-9c0d-10e686cefc79,Psychiatric,0bde3249-cd06-43c9-9149-fe6377f141cd,840658d1-c1da-4d39-b735-0626dca8b6fd,a0c8c192-8525-4132-ac3c-6326cb8c2c5e
867b77e6-9a66-4840-a744-e88837124754,Public Health,78ec4ac4-5fd6-4f49-9329-0b13ac234f14,840658d1-c1da-4d39-b735-0626dca8b6fd,7342d96b-1ae3-4e4f-b815-9ed24afe17f8
a946a3a2-5d87-47c1-9593-95d008472231,Physiotherapy,8ccde8ad-4a88-449d-8e22-49237bc1a87f,840658d1-c1da-4d39-b735-0626dca8b6fd,a093e30f-1e1e-4dd9-bb19-22568c44605e
02160910-abe5-40ec-9fe1-59cdca54e759,Radiography,e98449fb-ba4c-40a8-a0dc-f37b8c013495,840658d1-c1da-4d39-b735-0626dca8b6fd,8ffd1977-c5b8-43b0-8d36-c61a7332c4ee
17107262-a5b3-45fe-8197-5cbb303a77db,Urologic,92bb7f1f-3775-4ba9-afe5-d8224ad874e8,840658d1-c1da-4d39-b735-0626dca8b6fd,0a6acd24-c07b-409a-9baf-9167e069d95f
777964a0-3ab6-4743-a345-f0bc97f74a5e,Pulmonary,d30b748a-e64b-47ce-ab91-93025633c34e,8a74bec5-6951-443e-8a6c-b87cdfb87708,eb91da1a-a4e5-47e7-9526-d2fced9ac510
3c0e61e8-1413-43fe-b56f-bfc5fe8b7972,Genetic,584c1484-a8ef-4278-9975-36a8d8b23694,8a74bec5-6951-443e-8a6c-b87cdfb87708,1ee1ecba-cc10-4506-8f67-1bcfaebb192a
7e273807-c8fb-4d3a-8dc1-21762880c285,Genetic,2ea6d7bf-cac5-4b0a-a5a9-bfbcdd9e635f,8a74bec5-6951-443e-8a6c-b87cdfb87708,4273de5a-4028-439c-be00-e4e72ae49aaa
6e448971-dc2f-437f-b5bd-2a621f55f27a,Surgical,ed59751a-4753-4335-8703-c5f15b4f5458,27a0008c-0b44-461f-96c7-354aef82c4d6,ad145b77-baaf-4b88-b386-efa938e850a1
69755086-9c01-40a7-ac0d-670f053842f5,Pediatric,86863e50-b8a8-4409-8d64-cd61a3769512,27a0008c-0b44-461f-96c7-354aef82c4d6,2e57aaa0-803f-485a-bcad-455e3ba2cf16
0b81f595-6109-4517-af07-9b76f2b762c6,Optometric,0502629d-81eb-4561-bfae-217e9e2d720d,27a0008c-0b44-461f-96c7-354aef82c4d6,8e9a6a56-e6aa-4560-a18d-f6f5149f3972
84dc55da-90eb-4a85-b9f7-303a16e4dd6a,Pharmacy Specialty,7da69555-f78e-4166-bb2f-bde51c30ebae,27a0008c-0b44-461f-96c7-354aef82c4d6,301f5124-3d17-4fd0-baa2-27b8b398d5d3
7c83153e-d11c-41f7-817b-49cf249cebe0,Musculoskeletal,f68af6a8-c21f-4252-a321-fa697151f48f,27a0008c-0b44-461f-96c7-354aef82c4d6,d4e3d24c-834a-4646-9037-5023784ff7cf
8506d5ba-50fa-49aa-a7a6-03553af1aead,Diet Nutrition,f2bb8a67-ec5b-43af-8b90-e059cc1590c6,feeac13d-5813-42c2-a33e-383454e27ea6,b2645654-489d-40b6-8057-b53792ec01d0
80a1c19c-e19b-4dd7-b46c-54a557630d70,Primary Care,a7b40929-3f26-4191-9a09-4c0551c756d4,feeac13d-5813-42c2-a33e-383454e27ea6,29e36d71-5f1e-4cb7-8af1-d4e748cf1902
ee3c763d-2997-4088-ba31-24df44f10516,Musculoskeletal,022c88c0-b563-446c-9cbf-0c64c039c71e,feeac13d-5813-42c2-a33e-383454e27ea6,749ef679-c161-4767-b28a-85434a974df5
fb2d92c2-f138-49c6-9c6d-ae6f4f044779,Dermatology,c5b5d451-cdf3-4232-a215-b52235b7df75,feeac13d-5813-42c2-a33e-383454e27ea6,be662032-07f6-4f43-857e-d87b71d7ec55
7d3eea80-c6ef-4bff-b6cf-bac7c21dce78,Genetic,fb7d8c44-650b-4499-965a-cedf7ef1748c,feeac13d-5813-42c2-a33e-383454e27ea6,5c00fd95-a37a-4445-abe7-57d29462fc24
70b3b8d1-15dd-431a-b9e4-4e0e3fab9169,Rheumatologic,6b1190ef-e8cf-4812-ac57-53187ba55437,53fd2516-d1bf-4aba-a908-923b1551f819,a5800fe0-c2b4-4ef4-8459-7d0edede780b
6b4601e6-6096-43ab-b427-f0e67d7b6e7b,Gynecologic,1ad9ec63-ba64-4b01-a76c-5c21513a81ca,53fd2516-d1bf-4aba-a908-923b1551f819,a27f0e23-2afc-4b18-95b5-7021ff744ba7
673cde97-6c04-4b1b-b474-7c7592c2674a,Otolaryngologic,4402d7c5-5371-4155-ac2b-3b43738a67ee,53fd2516-d1bf-4aba-a908-923b1551f819,ade2cc44-29f6-43bb-b8e0-81d5e5d3fd8b
408e1b98-82da-4e1d-9995-ab9b9715dd88,Pathology,63aa09e3-6fdb-4d54-bd0d-fcc63a38dc11,a94501d7-f9d0-4163-9ef1-274a13801f25,68bf06b1-2822-4647-8016-2ad0079720d1
5239ca37-b2aa-46eb-8cd5-9c36a588907e,Speech Pathology,917429b0-9773-4ac7-97b1-a69b171ceff1,a94501d7-f9d0-4163-9ef1-274a13801f25,c6d80cc2-f7b2-473a-8b2e-cee15d6fc6c0
dd89c848-240c-4fd7-a16f-54d5c964323d,Pulmonary,77e4b1c1-77ab-475d-a717-743f4adb2666,a94501d7-f9d0-4163-9ef1-274a13801f25,ec1b6b54-fe80-479c-9e4d-0f1518d92228
96b4a573-a938-4a56-b671-9865bbcfb3c4,Midwifery,fcb6865b-2e70-4419-864b-e13495954e63,a94501d7-f9d0-4163-9ef1-274a13801f25,081fdb40-7ada-4270-b8ed-5f6c6d043ca0
1283537d-ae12-4069-a70c-825f8e534a4f,Infectious,ce90746c-2725-4a9c-9a47-b4a9ffb4d662,7ff5101d-3f1c-431b-86ff-76d11fe32b56,cf33fafd-1d83-473d-b8c7-43fb67c0a54f
39739c23-a1c1-4975-bdad-9e7df71ba9fa,Physiotherapy,1f0d3601-2ce4-4400-89bf-1bd23aaadbe6,7ff5101d-3f1c-431b-86ff-76d11fe32b56,9af1c0f7-4db8-418c-b028-4df2843a92a7
5afc9598-5e03-46b7-9b4d-45c9694a753c,Gastroenterologic,a54643b7-71b1-4f59-b268-495d0f2cd3b3,7ff5101d-3f1c-431b-86ff-76d11fe32b56,be76feab-3fe3-4ef9-9234-21832eefb25b
3d05e7c4-49b0-4f3a-a4b4-1b9f68986032,Pharmacy Specialty,06758928-6a0f-4f42-88cd-a9b55e5a7b11,7ff5101d-3f1c-431b-86ff-76d11fe32b56,37acf1c6-535b-45ef-8015-af310a3f0b9b
fc9360ad-8261-4c21-9346-ceb3b072e8ef,Gastroenterologic,d65e5de6-4120-47c5-bce5-af5d4f351d34,7ff5101d-3f1c-431b-86ff-76d11fe32b56,031d0b58-10ab-4ce4-b9a9-749ac95845ed
0adb0ece-f19e-4888-bad4-824c11eddebf,Gynecologic,09785886-6546-40ea-a119-9b372bf8efdb,3665b6a5-634d-4412-816a-5ea8618a4763,67e08976-90ec-43c3-8550-027e0c1fe665
ce3ef9d1-00cf-415e-af51-5cdc61a35882,Rheumatologic,3a232817-ac21-44c5-b4de-4f243d8fd773,3665b6a5-634d-4412-816a-5ea8618a4763,5cb9b33a-af2a-4161-9b16-6ec552fa1579
8d4dd9f5-d7dd-48ce-9e31-fb8b5f6543e4,Pulmonary,2e9c87b2-406e-4a06-84c9-9c1a38f511d9,3665b6a5-634d-4412-816a-5ea8618a4763,2c0bf54f-4e25-477b-928a-23669eab8688
f3aed477-7003-4524-a2ee-540de163f432,Hematologic,e0170029-c618-4045-8a9d-59f9e27f71fd,3665b6a5-634d-4412-816a-5ea8618a4763,bdc50359-a45b-4246-930c-e37ce8a7979c
c5bf954d-0a9c-40c0-8129-7e8e34cf3d5d,Podiatric,79546a17-388a-4e7b-8fa5-1a73b4c0d639,25d203e3-992e-4dea-8374-32634a0609aa,4868f62d-52a6-42cd-bce3-c4b29555b6d5
4bad5842-b0c7-410e-bc4f-d2fa3dab6e30,Oncologic,568417d0-775e-4686-8cb8-ad13ebf7b844,25d203e3-992e-4dea-8374-32634a0609aa,c00acfcf-268e-4cc5-a826-4359549bd0c2
e7dbb858-bc2e-47ff-b88a-db38112ecc8d,Psychiatric,656f30e6-f691-425e-83b0-f2d3cbfbc572,25d203e3-992e-4dea-8374-32634a0609aa,6d6f8f7b-6fcb-4fef-a8e5-f17a43452a22
e274bf60-155f-4547-a12d-a1b36a02ec75,Respiratory Therapy,acb3e64b-4b2b-4839-90b3-940cf3be2b73,25d203e3-992e-4dea-8374-32634a0609aa,9f9e4255-e6f8-4c17-962c-cc2155f1c7f3
d422f5e4-6b37-4ff0-94e5-ac7f655a3517,Pharmacy Specialty,33976f54-a627-411c-a741-92a6a15d00f2,2adb6a67-83ad-4758-83e1-592e3765002d,1d458d56-9038-4a1a-9a87-a62315a3899d
049abf9d-5cc9-4822-8d37-35939d486bf1,Dermatology,f4ade208-29a6-4a4d-9eb4-e6300615377a,2adb6a67-83ad-4758-83e1-592e3765002d,ad095b96-d80b-4ba8-a001-3df020c34a55
689f74ea-108e-4777-95b7-1925686cdeaf,Psychiatric,5219d5c3-ed87-4e84-8d88-d35691eb585b,2adb6a67-83ad-4758-83e1-592e3765002d,89f20d3c-c2ea-4c4d-90b4-583f1fb975e2
f45d02db-02d4-4c01-a6cb-9e52108956c0,Obstetric,a7be5443-8010-42b8-ab2f-ead91dfe8d40,c8359b91-6e93-4faf-9502-e1d5167ad089,71d12f7f-5151-4caf-91c8-1918748c3af0
761ad23e-f36d-4e9c-bb27-bd7749d83dc4,Pulmonary,fa2b6c87-feb8-4839-ae16-208a920a9b43,c8359b91-6e93-4faf-9502-e1d5167ad089,9c741612-24de-4de9-a173-d9dee1a8fc40
82525a36-9421-4554-a2fe-b8f25d6fa81f,Speech Pathology,7ce7194b-a9f2-442b-8cee-48d661d2191a,c8359b91-6e93-4faf-9502-e1d5167ad089,08c61717-54e8-46df-878b-fe1c1c5f5b7a
4d8c5f7a-e7bb-445f-b688-3842902342f6,Diet Nutrition,577b78d4-e010-477e-ba6e-30bf70fdd411,c8359b91-6e93-4faf-9502-e1d5167ad089,8faa953f-9fe9-41a9-9d52-d37eba39c558
0c81a049-037a-433e-8d9b-de1188c55591,Public Health,51ccfaaa-931f-4649-b56a-07c364c8d42b,c8359b91-6e93-4faf-9502-e1d5167ad089,667ee8a0-0529-417d-846d-159eb5c2c5dc
72ad9dfb-1f24-4379-9b2d-87eb624c740a,Neurologic,35d74923-c983-453c-bcf9-cb1aa31f5461,28da2b89-c130-4a09-8ddd-03bb756aa13d,28055635-3869-41d5-84f6-5b194e682ad2
7fc8c2e7-8a2d-486e-a910-124a603fa8f0,Podiatric,b0537fbb-2bcd-4cf3-adfc-297ac2888198,28da2b89-c130-4a09-8ddd-03bb756aa13d,ce9aa076-faac-4f76-af30-a7a2585340c4
422b80ef-bded-43f6-93e0-4d41c84724e1,Physiotherapy,4eb43ad4-92c6-4edf-a9e6-72e49685da72,28da2b89-c130-4a09-8ddd-03bb756aa13d,b143f50c-a25a-4423-943a-764ef1104875
b723b681-7f51-4cb6-9df2-c440652f2cc0,Diet Nutrition,c0f2b58b-cc72-4558-b887-a1233263dd11,23f3e5ae-d1de-4fa8-a1c5-63425033b5a4,016e5a82-c402-4b0e-b2f9-904b5e2800be
0e2a04bd-3c16-40af-b3be-516709463e6f,Community Health,38b7db84-c39a-41ec-92b4-6ef212905a3a,23f3e5ae-d1de-4fa8-a1c5-63425033b5a4,ab9d275a-d360-482d-9d5d-d3b309a76a9f
78b5c1de-ce9c-45a7-a717-69118230088e,Primary Care,d8958961-1d03-4632-a1ef-443569eafdb8,23f3e5ae-d1de-4fa8-a1c5-63425033b5a4,7838c85e-4ab0-4893-b45c-759a691fcf9a
bba16224-4663-4bff-b0df-50beb8c9a6d3,Midwifery,ff86e9fd-5f0f-42f4-bc22-f2753a831ec4,23f3e5ae-d1de-4fa8-a1c5-63425033b5a4,75345204-80e5-4365-9a11-0afa372e33be
cd973899-2ed1-4953-90ee-5b4a93b75659,Dentistry,42db17dc-77df-4e63-9fc7-5d5233ccec76,23f3e5ae-d1de-4fa8-a1c5-63425033b5a4,22320962-c7b4-4529-85c1-144658df0b5f
72627f2d-94b3-45d8-9505-0eaece3a6647,Renal,c5f82087-1e4e-4c47-bf69-0a7e08f46f44,0d326347-dcbc-486e-a2e8-6f7add6af484,f551bbcd-ef99-4720-9203-d693614ec0bc
c8fdb279-ba6c-4f8f-a2df-2127f272dca7,Dentistry,9e268ce0-cb49-4926-8ebe-97441b6043ff,0d326347-dcbc-486e-a2e8-6f7add6af484,aa432be3-0b9d-4223-8054-4cb4196fe97d
dc93ee55-cdcc-4c66-8a40-c0909c2151a2,Pulmonary,308f3d08-410e-40fc-94ee-511c8b599c63,0d326347-dcbc-486e-a2e8-6f7add6af484,b11a2e81-5957-485b-9bf1-90617b81739d
a3ccd99f-706f-4532-8b20-c56fd304d06c,Anesthesia,f7892518-fc99-40b0-a287-7b0968786cbc,0d326347-dcbc-486e-a2e8-6f7add6af484,4ff0394d-f15f-4fa4-984c-108758121bee
a8f67572-e5af-4ba5-9cc2-5e544016bf22,Cardiovascular,5c146299-4404-43fb-8e93-1f818eecedff,0d326347-dcbc-486e-a2e8-6f7add6af484,ed0c46ce-8361-415f-893a-f911d0982437
88ba469c-af36-4055-a429-a8172c39222f,Dermatology,8fe0cb1a-17bb-425f-9abb-2b4bbe99d695,673ef518-c6cb-4179-a239-f30a70525bb6,9308dc6a-40bf-4e54-9fdb-86be22d70617
1010e768-13f1-4080-bc0d-d51a9e00559b,Radiography,ff9f52c7-28a9-4c64-aee6-39e605a80eca,673ef518-c6cb-4179-a239-f30a70525bb6,04714862-1cf5-4a1d-806b-40fefcde10fe
0d100f2e-a2a9-4b19-b355-089cd42d8dd6,Infectious,27bea4db-a1b2-4a92-bcdb-e1056c441570,673ef518-c6cb-4179-a239-f30a70525bb6,dd978cd2-3016-4e5b-b3eb-3cf4d96bab49
f171bea9-649d-497c-9925-46e9b7bd7bec,Musculoskeletal,9e888d32-0c4b-4dfa-ad01-b7b14bc1343e,673ef518-c6cb-4179-a239-f30a70525bb6,24e60c17-b95a-4bfb-827f-2f523905b6dc
082e2655-4fa0-4558-bd90-8d75f54608bd,Cardiovascular,8f94f05f-f4b0-4218-9c6c-d0491ad8ff4f,673ef518-c6cb-4179-a239-f30a70525bb6,9268ab5e-e8ad-4355-86e3-5301abde06de
4cb4ac37-8987-423e-8743-0c8111417413,Midwifery,a016b5b6-bc80-45f5-8717-2938771928d2,c81a58a6-6245-4749-b9a6-edc1099fb91b,4095555c-53ae-47e5-a625-421b89e4abe1
561e9d96-315d-48d4-83fa-6c59a9e80538,Public Health,db4adf79-a6c1-402d-a380-282ea255337d,c81a58a6-6245-4749-b9a6-edc1099fb91b,dbdb2409-250c-4975-9573-cfa147ac0175
1fe43d64-aace-4c9a-9c59-8fa1f543be48,Anesthesia,092d92e4-d1df-4cc0-a1d8-0302e9773b06,c81a58a6-6245-4749-b9a6-edc1099fb91b,91a0dc95-ec10-4bd3-9e03-50fa72ea8bd1
74d52980-32ac-4612-8fc5-449674ab4658,Infectious,5b9482ed-1969-4d41-93a5-5d1298b5ee85,c81a58a6-6245-4749-b9a6-edc1099fb91b,74cf7701-c7ce-4878-8811-16e5a4c0dde0
2b6bd0f8-12f9-43e8-a88d-dd04b1aa2f93,Plastic Surgery,d474ae8e-6a4c-4b4b-9222-4a535e64b288,c81a58a6-6245-4749-b9a6-edc1099fb91b,8102ce40-9b93-4e61-a8d1-af8947f9e252
5f626f6c-36e8-4a48-b65b-74b88174b1ef,Laboratory Science,471db312-aeee-46d5-a536-c20e4329eeef,49ac2f36-b202-454f-a2a1-0ce2d545de36,bf1c8815-e898-4868-b5c7-5c9bf5492fe4
0d816d4a-fd6b-4ceb-9aca-7acd33b87dd4,Oncologic,704b2b61-62c7-431e-9da9-cdbca1c61284,49ac2f36-b202-454f-a2a1-0ce2d545de36,266ffc1e-c1bf-4e37-8462-66db3dd3cb3c
2084035c-63b5-4759-b0a7-9039285fe1cc,Renal,05c0826a-c67c-4d5a-8504-74442a6188b2,49ac2f36-b202-454f-a2a1-0ce2d545de36,02c3a5fd-79f5-478f-816c-03df3e333680
cbcc3da5-1653-480b-b6c4-1e793c4edc00,Physiotherapy,72b8ffe7-09c1-4ae3-85ee-aa53ff5ce505,3e5aed83-5272-4246-a57e-a412a2157489,fd02e6af-e691-4734-bc3b-dded42c13e9f
ee9b54fe-5120-4bb8-ba3e-059d8181b2f8,Surgical,156377d9-7574-4884-9545-67698cf78e49,3e5aed83-5272-4246-a57e-a412a2157489,2af16108-0e06-4345-9afd-64a1ed509b48
40bd6acc-5e30-44c3-9aee-a67f3178d8c2,Primary Care,d39fc0fa-965d-4589-aabe-af2e723437bf,3e5aed83-5272-4246-a57e-a412a2157489,2396c5f6-9fbd-4cfc-a847-b6d31bb9fa28
6c8198a7-ec54-463d-85d4-1f0f1228d6c7,Surgical,56731588-79d3-4f63-8c4a-3950345d7816,3e5aed83-5272-4246-a57e-a412a2157489,e1715a0b-58d2-4ff2-b63d-0aa34ee06a50
5ea7917e-b4e6-489a-8d0d-a057270a8e47,Gynecologic,61cc6889-82ee-4082-9c7f-eb8bfa294b11,ef6ed981-be23-4d25-ac78-8719d9371f2a,7873fc81-043d-47e5-af0e-3937f4bb2a5c
2e6d25bd-f0d8-4998-ad70-b34ee0d0289b,Midwifery,3f4abad4-0edf-4c50-b219-4ca9c66a764d,ef6ed981-be23-4d25-ac78-8719d9371f2a,ad981793-0165-4b74-99a7-638c84bf383c
da392adb-c37a-489e-b6ca-285a541e95b5,Physiotherapy,4d47990e-2310-47ae-afcc-c53c4a2c3395,ef6ed981-be23-4d25-ac78-8719d9371f2a,4d0fbf96-15c9-4dc4-ac72-5b8256c062a1
2e94d11d-fb2d-457b-a94e-004099396df6,Renal,c7e59b73-8e49-4b2e-9dce-efa627ff85b1,ef6ed981-be23-4d25-ac78-8719d9371f2a,ff730758-a1d7-415f-83f7-805ab2e170f6
ab368a8f-2549-49b7-ba30-868e46a1b09b,Oncologic,bf58c150-71ee-4f38-8948-45fb8a259e2f,ef6ed981-be23-4d25-ac78-8719d9371f2a,86917eca-2434-486a-ae38-2822b8fba5c0
af914c1c-7422-4d9f-9f38-af026c23fcf8,Optometric,fd940478-bbb6-4059-8a59-f5dc395ac924,3a72a669-e03c-4361-a14e-10ee230c2ebd,45b18f59-08b3-4bfb-a763-615035546e70
6153cd45-f61c-4ded-a03a-04e25bc2bcc7,Surgical,b1366ef0-1afe-4e9c-88a0-ad107349b23b,3a72a669-e03c-4361-a14e-10ee230c2ebd,a12ab315-2121-4e24-b76b-5e22f44cddbc
6761d457-9dfe-478a-ac17-d3e2375d0e51,Dentistry,fe86e65c-18ce-4760-9b67-ea4203c41edf,3a72a669-e03c-4361-a14e-10ee230c2ebd,b45bdd37-dda1-4aa2-b5b5-2170ec3b9a45
9ad9c036-3280-41be-bd74-f38d93750668,Midwifery,594de949-8e2f-4e0e-975c-4a9ae985f7c1,3a72a669-e03c-4361-a14e-10ee230c2ebd,183291be-6852-4a8b-94d0-e75789e5e7a9
241241e4-e7e4-4f52-b4bd-fb0e07661109,Neurologic,b6c3763f-c084-4b5f-beb2-85ef479935f6,3a72a669-e03c-4361-a14e-10ee230c2ebd,58e71b7b-cc0a-4936-bb33-0e5fcb00bc7c
c1abdb85-2b7e-4e1e-bad5-2d4663d029f4,Diet Nutrition,7192b7fc-a3cf-4324-b0cf-0b93d6e5586b,a3289b58-a62f-45c2-b0cc-8eec3b3fd363,c2d99561-8013-4073-b949-c2a24a6e1526
2bbdea79-70dd-4ccf-bd4e-5a2047d2eaba,Rheumatologic,4b040b7a-92e3-4c2d-99a2-881c15a9242b,a3289b58-a62f-45c2-b0cc-8eec3b3fd363,2b6a1d95-d729-46ba-a107-0ff02081671b
8c608ede-0f55-4ed8-b49b-5516fdcef83c,Gynecologic,1e3f6d3e-27b0-47f3-ad76-31fc71e16a87,a3289b58-a62f-45c2-b0cc-8eec3b3fd363,d1f8ddcb-2db4-4871-95ad-0ef51a29d182
8acdefbc-eb10-4fc3-8eaa-f186c92ea841,Endocrine,5358447c-3331-49ac-8ba7-462717db3ca9,a3289b58-a62f-45c2-b0cc-8eec3b3fd363,81e6da0a-93aa-4c3c-8dd1-ee41d2f064fd
81cd058b-531c-42ac-af4e-eca2cec65103,Toxicologic,506ea048-30a7-48e1-b33c-56826053a94b,a3289b58-a62f-45c2-b0cc-8eec3b3fd363,a7cc9904-604f-45c2-bceb-5c716b26807d
bbd0bb3c-5432-4ddc-8c74-f49170786fd7,Anesthesia,34301ab4-86d6-47d1-8496-33b7df6c33f0,8428d344-7194-4be4-9de0-103a4e2e2c6e,0152eb6d-03ca-4fc9-aabb-7e02f222c949
2f4a4da5-3dea-49b8-bf34-bfe34f9ccc04,Pharmacy Specialty,8cdd88dd-1868-451b-bf34-d7d5c03a36b5,8428d344-7194-4be4-9de0-103a4e2e2c6e,c858b218-efc2-4ebc-b00e-d2c91dfe89a9
572ff10a-c3a2-4520-8489-45f61a98d8ed,Podiatric,b0708e82-07f9-4a7f-be14-c1908b12561b,8428d344-7194-4be4-9de0-103a4e2e2c6e,aa6dc853-0219-43d2-92d3-fb9bb6319fec
bd922f27-954e-4d4b-bc1b-6a78400c3b33,Toxicologic,41761cbe-21a0-4c70-903d-c1c318d69a54,c9d4e1bb-c4d3-4ec2-baf3-d90e586a7302,1cc60610-03b5-4dd7-b367-f6846d76fa63
90f2fbb6-53f2-4876-9ca5-93d9532f8364,Musculoskeletal,3f269f91-1d91-4daf-967e-eb28a19e0635,c9d4e1bb-c4d3-4ec2-baf3-d90e586a7302,f4a2fe96-5dd6-4ff8-b53b-658513f16423
b67918a3-be3a-4bfa-b415-9f231edcde4d,Urologic,9a37d1c8-8df7-4a5b-b232-50cb29f114f5,c9d4e1bb-c4d3-4ec2-baf3-d90e586a7302,c94f25d0-0920-4edf-a81d-3e22adbfcbe7
68a96531-548f-40ba-99d4-8a2c9b5c40cc,Anesthesia,785bc569-e52a-4a9a-8141-2f5351004cdc,857d114b-4b91-4be8-bea4-ca6a33423b60,dae372ec-c3ff-4deb-879c-92cff89ce0ee
434cbc53-a07a-401c-a5d7-ce9be4e1f87c,Radiography,85021f59-5472-4fd0-83e4-6cf0c1a1b036,857d114b-4b91-4be8-bea4-ca6a33423b60,a1220027-2f59-44c3-97aa-e1a3c14156b5
72bf5a95-75a2-49c1-a044-e81fb7d7800b,Toxicologic,db39ae44-c79c-4835-b2a7-3453074861a4,857d114b-4b91-4be8-bea4-ca6a33423b60,f3d849ba-47d8-4f8e-bf1b-289b7c0cf524
c7ef28e7-a8ad-43ad-932e-bc549e730586,Diet Nutrition,556da1e7-4e65-443c-9ec6-a70588432213,857d114b-4b91-4be8-bea4-ca6a33423b60,fe02894e-0ca0-45e2-8e43-aa3b6acc5515
3331a347-cc1a-41f9-bca5-2579e78914fe,Oncologic,c0409b8b-8176-4c72-857e-69bdfd08f61e,aeff988b-b5ec-4796-9c5f-3db707b52a8b,b89b8426-3e14-4c00-85e1-f98d39be3773
aeb518f8-eb3e-4906-aef0-e1bc1f57f4c8,Urologic,03665273-0982-4050-9c9a-6e13d51d43c3,aeff988b-b5ec-4796-9c5f-3db707b52a8b,0764a06c-bf7e-495e-9927-c4518dca7e3a
31b68567-86ee-44b6-88c7-f3515d1e9609,Renal,09d77150-abff-4a25-909e-e5ba1af6b2cb,aeff988b-b5ec-4796-9c5f-3db707b52a8b,165ede97-1c8b-41c8-9dbf-afb13decddd1
96f19b44-987b-4ae0-915a-d0321e67caa0,Infectious,72ab28fc-b5a8-47fc-a36a-b68a1d527699,aeff988b-b5ec-4796-9c5f-3db707b52a8b,ea45b7f7-af43-4b94-866e-de0a8277b85c
b76f5697-228e-4fbd-99b8-99b66b2cd7b7,Surgical,bddaa347-5ee6-4430-9be5-c0997397d0dc,0a9ffe96-fdf0-4605-ab7b-2370940ca324,3b788475-dab4-44b0-b392-62f3a54389d5
471eda53-549c-4c57-b108-89a5811713fb,Urologic,9c4448e5-b7df-47ad-b1fe-d80d21c21541,0a9ffe96-fdf0-4605-ab7b-2370940ca324,90e95478-8466-4e3f-bd73-d3cb6ec6ccea
5d43704c-8e1a-4be9-acbb-e8a0c6db54d6,Neurologic,b0f732f7-eb50-45f1-94d0-a31fe1df3b76,0a9ffe96-fdf0-4605-ab7b-2370940ca324,36379ee5-56bf-4493-b0e1-8a3acae269d0
ce334eef-16a2-4117-8048-e3064b8bf507,Surgical,aceca3f5-842f-4199-a00d-cee45427dc44,0a9ffe96-fdf0-4605-ab7b-2370940ca324,13b44e7e-0eeb-4794-b9e7-63d92cd078c2
25f7e29b-4ada-46bd-b4f2-cada4dd68d36,Anesthesia,d1f22cad-309c-46d4-9734-7e13b017d2d8,4306dd16-a5b4-46b4-8d03-7e583ca58162,a0010156-0aa7-48af-92de-4d01bd350f16
cad60db8-ab34-450f-9b9f-3f5536425264,Hematologic,e52ccbae-dc8b-470e-ae3a-bb7cf8b81678,4306dd16-a5b4-46b4-8d03-7e583ca58162,da715d33-b148-4c52-8eaf-5159ffd55b2e
e45ee216-f315-44a2-aca8-169f5c8d7f4a,Primary Care,64a09784-5b5b-4b0a-9807-fde998ae1d95,4306dd16-a5b4-46b4-8d03-7e583ca58162,16e1e094-df33-4753-90bb-cbdb7bf04a96
91c8aa21-029c-42df-b5cb-aa79478903e9,Gastroenterologic,6cc35cb2-e94a-47ac-9b1f-97c8b8479ed1,4306dd16-a5b4-46b4-8d03-7e583ca58162,6e7129aa-feff-4e38-9bed-2fe65f6fbe73
3e2cdb0f-542f-4485-9ed4-787f3c8ef1df,Pulmonary,3152e057-17a0-4f42-bd0d-267d4d3e1e1e,314a332e-eb9f-488e-b877-5b599f3da6ae,52c14036-bb35-4ec1-be1a-f7de4214f93c
ccf5b994-7839-40ee-b60b-6d3821a5ac1d,Primary Care,d30f35b9-46a0-4155-8f17-6d08f7d97f1c,314a332e-eb9f-488e-b877-5b599f3da6ae,d7e5486c-066b-43ff-bfb0-7b560d823875
b81c0cd4-f797-49ea-9872-daa0a2947b91,Anesthesia,51856779-b316-4062-a414-10e95153e035,314a332e-eb9f-488e-b877-5b599f3da6ae,f7bee641-3b2f-4a90-9ff1-4d89f7d6a6e8
e7a769d9-ffd0-47be-9b49-4da768167afd,Cardiovascular,e04a250d-e915-4332-81d3-8c5790bf3778,565e5ae7-ad82-4067-ab35-94148ed2b26b,a9b5856d-ed2b-4f70-a294-3a6ea4602295
04eabde4-2257-4ed6-93e7-2b095889c1b9,Geriatric,bf6cbfcc-3fb4-4ba8-b96a-4166cd9161a7,565e5ae7-ad82-4067-ab35-94148ed2b26b,d986ee5f-2655-43bd-8547-8d5fedda6196
56275abb-e795-4e1d-af9f-94f68eb9556d,Rheumatologic,500e2d6d-cbc4-4f7f-9411-18b0db1286c2,565e5ae7-ad82-4067-ab35-94148ed2b26b,abae20c5-0a18-4db1-8f0d-3e4e1a6b157e
2555d0f8-62aa-42ab-84d6-4ded95a1b3f2,Optometric,069c2773-9a54-4f67-89d6-7cbbc7dc7d2b,19b6b91b-1f69-4a01-b5f5-b0d2042e4fec,eee60611-1022-4370-9d74-957112511980
f1e8caaa-d89b-4d23-ab99-364e6f014c70,Primary Care,cd62806a-bead-460c-822e-4505f3812799,19b6b91b-1f69-4a01-b5f5-b0d2042e4fec,c1310ba3-3dd6-4c5c-8355-616166598471
09237dcc-b77c-4af1-b5fa-5ae843ff4aa7,Plastic Surgery,afb5fe36-642d-4f77-9f58-442823a6e63d,19b6b91b-1f69-4a01-b5f5-b0d2042e4fec,45404068-639d-4dc1-8895-e48e6e22238d
fd649343-570a-40f2-911f-8adcef952b05,Public Health,4075dcd9-0db7-4ceb-9eb7-4dc658e73926,e45e95b9-69f8-4b8b-bdd5-d97e086d996c,c98941b5-c13d-4d40-a8d3-6aed21dbc4bc
3a704a02-7a9f-4320-b9cb-96b99f2259f0,Oncologic,2066baa4-1aac-4190-8a6c-6d4d33f7b73b,e45e95b9-69f8-4b8b-bdd5-d97e086d996c,0f6ab56d-9d09-4255-9497-fc91b9c60d7c
f6e7ae20-8627-4671-ade5-30c68704b6b4,Radiography,55bcb664-1675-457f-88f0-13ee579a24da,e45e95b9-69f8-4b8b-bdd5-d97e086d996c,8531f831-e8bc-4885-bdc4-1fb4eb995bd7
43c2d8fb-4ca4-4894-b9be-6694cd1d31ef,Geriatric,1a02744e-6b70-488d-99b3-f5f7ae83a3e8,e45e95b9-69f8-4b8b-bdd5-d97e086d996c,135bc2c0-9a28-4a97-8ac3-ef09febfb798
d608ae93-aa74-4fff-a43d-3f7fb1bb47ce,Oncologic,1eaf15ef-a870-407e-8d71-98d2b6c7ec17,6f5714d7-a0be-4a1c-802b-2f928dc57bd9,905c4c31-a4dd-4b19-bb7d-72d1a41248e2
25ed5d8a-8ff7-401a-bd9c-ca3891d192be,Optometric,cb7b6e94-8019-4ed0-9894-e4e67e557b45,6f5714d7-a0be-4a1c-802b-2f928dc57bd9,550e2c02-d5b0-4e5b-83d7-0f2fa3beabb8
0fc7349a-4487-4daa-84d8-4ce53110e56b,Hematologic,0af8d933-5f99-497f-b0ef-6d2b0af3b8f2,6f5714d7-a0be-4a1c-802b-2f928dc57bd9,445919ac-474a-4b64-802e-03ca023f3852
7d2559dc-acec-4850-bff8-d12f1eef4a5e,Psychiatric,65083f22-c030-41bf-aaf2-1870e75284ad,6f5714d7-a0be-4a1c-802b-2f928dc57bd9,8c236c88-e995-4828-9ba9-2df9c6fc9080
a4ef5e13-8608-49be-b4cf-d79479b7d0d4,Pediatric,4c1a3858-2be8-4c74-b955-8319282877e1,3a94f14b-0830-4ee6-9a9c-1d73f173d2fe,0aa809b3-9e85-4909-804a-51b83cdb5984
ffc987ac-5d7c-4717-a45f-921fadb44f9a,Gastroenterologic,251f91c2-a7bc-4259-af00-7b75ba2e7f02,3a94f14b-0830-4ee6-9a9c-1d73f173d2fe,6242b126-b825-4b90-94c9-a3e931df417a
4b1e22d4-77df-4ac2-a659-fa080638d48f,Physiotherapy,58bd9178-b940-4711-ad7e-b26a6d7cd889,3a94f14b-0830-4ee6-9a9c-1d73f173d2fe,e119dfef-8cbb-422f-8202-db4041560591
4fcfdb3a-1667-43f3-a1ac-c803e4f28b82,Laboratory Science,09c95e12-141c-4bda-b578-27cddcbf26cb,3a94f14b-0830-4ee6-9a9c-1d73f173d2fe,0a56e066-1be7-4a10-8ea3-9958fe3bf4f9
397c11f6-f730-4019-92b3-3a88c958574b,Surgical,867572b4-623a-47d8-8cc3-f60631879eb8,0a5a61a0-6c87-4cd1-916b-47e2e0460545,fba76c47-c80d-493d-9c06-1fb298a1d76a
79f47697-b36e-4146-9298-bd2503c6a61a,Gynecologic,04bbf9e5-8637-451c-9e21-9f1faf40279c,0a5a61a0-6c87-4cd1-916b-47e2e0460545,fa43e1e4-6bb3-4fd3-9c27-500238a97499
7c0c04df-8df3-49a0-9cc3-d3d1eab959a4,Radiography,9a8ecf1b-e846-406c-b341-712a790e5564,0a5a61a0-6c87-4cd1-916b-47e2e0460545,9a035309-38ca-438e-a876-cd089aedbbee
17f36b88-74f4-4dd9-af35-ddf639a2c00a,Dentistry,753529be-37d7-4f61-9e7f-9920f3135e31,3f84747c-8d94-4a55-a11a-4073bafcd1c4,09548224-ea5a-44c8-ac5f-c26cb68c0d7e
6fefd954-1fff-421f-8762-06712dea4de2,Geriatric,abab8afa-079b-4d72-86de-0552d1527d38,3f84747c-8d94-4a55-a11a-4073bafcd1c4,c296d339-c30a-4514-be68-0fb922119d4a
7eccc858-7949-4268-90bc-78a93fb8431d,Pharmacy Specialty,93398288-ac13-49b9-836c-0483f9a11410,3f84747c-8d94-4a55-a11a-4073bafcd1c4,47e83a90-6810-4ec9-9aee-b5708db6df71
8727f485-6cb4-4273-9f68-6f171016e2d7,Gastroenterologic,ee62255e-f0ed-42c8-a8fc-50b6885b6c61,0a73a9a9-df49-4c15-a38b-c512d13d78bc,4c7afd06-66b6-451b-a66e-265d1b1e82da
86326bf5-b206-416c-9aac-62b546684664,Laboratory Science,87626cc3-6724-41fd-9e16-41ef12ce3ed7,0a73a9a9-df49-4c15-a38b-c512d13d78bc,492699c4-3b0f-45c5-98ea-ca600d270777
0df23548-2c12-429c-887b-0acfc535c13d,Pediatric,6e2a275f-3ca6-4542-8f86-74b91c96d543,0a73a9a9-df49-4c15-a38b-c512d13d78bc,68d4c57e-d379-4377-a1d9-973e971cfcf7
8c25d3ff-f4cc-4b62-a7bb-695c6496d69d,Radiography,b1f944e9-de54-44cf-98b1-44e2e7d69fd5,0a73a9a9-df49-4c15-a38b-c512d13d78bc,0bc585e3-e6ce-49f9-8faf-f1533ab7f518
c8e7e4e5-d3eb-4a23-b64b-f06e22a23be8,Optometric,c44117e6-2c98-49d9-bd88-deb7fc584d66,d296e670-f35f-4a3e-ad38-505b5e8a511b,799c82ee-f742-453b-a7a1-28de18310104
9b4a4276-da41-4bbc-b40b-5ddba649ec91,Psychiatric,f84b85e7-da12-4d3a-bcaa-db1a7dcd07ad,d296e670-f35f-4a3e-ad38-505b5e8a511b,5b93822b-cec8-44aa-a000-4c9f716f9ea7
b07ce4cb-bc28-4c8c-9e6a-0f46a893e447,Pulmonary,eedbba8b-0f83-41ee-b2ac-89bdb2998fa3,d296e670-f35f-4a3e-ad38-505b5e8a511b,b0ca76f7-17f9-4524-8332-ed33bba6e752
473d6d85-56d2-4bf9-9b82-7bb955fc6343,Radiography,1ba43eaf-84f4-4346-9301-6d9e87d3b238,d296e670-f35f-4a3e-ad38-505b5e8a511b,87e87d1f-9af4-402a-8703-a4230fa8aee9
bc5d29d3-9a2d-40f6-8804-f5c3cbfac49f,Emergency,8089a684-556e-4366-9752-b057bb0b995d,6b35da2c-0446-4ea7-8abf-5c57c5795b58,9e10c493-1619-4d45-972b-481353e1a084
fedc7f35-b7aa-4e20-8e93-5f4e83edc84f,Gynecologic,ebfc0256-aab1-47c6-acd8-66053d3b57b9,6b35da2c-0446-4ea7-8abf-5c57c5795b58,3cd345dc-0368-457f-b979-5e8c51e25ba3
8c3eb09e-f500-4048-8357-1b7097c18f1f,Emergency,199ff3c7-a132-4fe7-a8a0-605c28c7cf45,6b35da2c-0446-4ea7-8abf-5c57c5795b58,1bcb34b5-9845-4633-8fde-2a352034cd95
de42c97f-1a8d-45c7-9e3b-82786b0d4a8f,Speech Pathology,a1f121ab-5964-413d-8ac3-7c6bcce60499,6b35da2c-0446-4ea7-8abf-5c57c5795b58,bb23ea44-32dd-42ab-96a6-d1ec9bb07b0b
472472be-4bbd-42bc-9ae5-ff8af0df4878,Pharmacy Specialty,87f311b5-b275-4630-b558-720bfe33e8fa,41b11180-65de-4f1a-ad26-904840131e33,baed9352-b79f-478c-895f-b252e6832156
bce32469-f6c0-4e9a-8791-002dfc4fb338,Anesthesia,2c040f51-7fd1-41e5-bf77-d3ae781e6a65,41b11180-65de-4f1a-ad26-904840131e33,75070970-1377-4c4a-8aea-d65b6cb04a44
6bac0545-3eba-4de8-bcab-875e57310e3c,Anesthesia,17c4dfab-12d2-4972-8dbe-9e150be73c99,41b11180-65de-4f1a-ad26-904840131e33,0cd7a60f-57b8-45f5-8942-c6bfb85db720
45ba2ca4-b39e-4b24-8cfa-e9aa7a6fec24,Primary Care,5f2a8e3e-d839-49b0-b4fc-5bf097ddc839,11124406-6e30-41ba-8ed0-081835d2cfcb,987efb24-8f2f-415e-b352-7b6ba1ca90c1
a6b6a80a-220c-4451-a714-0f4350f5a5a0,Pulmonary,b7de6805-20d9-4b3c-b87c-f1e24d0b8806,11124406-6e30-41ba-8ed0-081835d2cfcb,270ee70a-874f-4a84-a13a-e771a9939d2b
bd4c17dc-dc8f-43e5-85b2-4dc78739b481,Pulmonary,d5b5430c-8ab6-42b0-a63b-5358059f01ae,11124406-6e30-41ba-8ed0-081835d2cfcb,d16e32ea-f8c0-4b63-bd33-ee6373d59240
ba686ef2-f115-4c1c-b3d5-5a90fb0cb7db,Hematologic,4e5e2b2c-1faf-4e59-9d7f-51e011ecdee5,11124406-6e30-41ba-8ed0-081835d2cfcb,ba9de0e8-1042-4587-87db-b81a22cf13c1
9ec07e3b-caf6-4a62-af63-e4ccb39ab50f,Radiography,a926e02a-dcec-409b-b44b-77ce9d8ee4ff,13f60dff-788a-4a15-bd58-bb0206e80047,5e464a74-ab0b-4dd5-bd03-5741e8f7e9f7
543ce0fa-7d97-4cf4-96f5-ce4136b73ede,Plastic Surgery,ba72b29f-f9b1-4dbd-ac2a-79d65862d4ab,13f60dff-788a-4a15-bd58-bb0206e80047,d9f1b249-8bf4-4ccb-9382-ed7813751d5b
b70dfd66-a70a-4b1a-9191-cfd99218df37,Podiatric,adf63331-e063-4199-809b-e1a75d310df6,13f60dff-788a-4a15-bd58-bb0206e80047,5edf4ce8-1c4d-4b4a-a349-dc8d427becbc
36fb8c42-55f9-4f50-92a2-703d03fde8fb,Speech Pathology,a456ac83-2fd2-43dc-8fc1-076c820be76e,ccc6315b-4a97-476d-9ce5-adf75264c9a6,b878690b-cde0-4275-9b89-04b3ad44c92c
e6f587c8-3f17-4fb6-b75b-c0986102bba2,Infectious,d6bcfb6b-d475-477d-aac6-907086150251,ccc6315b-4a97-476d-9ce5-adf75264c9a6,b947eb45-3708-440a-b5fd-e999e6844c60
0d1f7157-c155-4e3b-a9ea-24cbb2d8af99,Infectious,a24e35ed-1651-423f-9f0e-68c0e27d8d11,ccc6315b-4a97-476d-9ce5-adf75264c9a6,f725b007-e192-499f-8d89-17df03e645b9
9dd1ada7-8d28-4871-8407-0466e818865c,Emergency,395650ae-6546-4097-b546-9de5278dd499,ccc6315b-4a97-476d-9ce5-adf75264c9a6,84b34919-b5fd-4201-9963-16f9500b9b04
a4e81b71-1a2a-422d-9a23-d0e99a940774,Surgical,acbebe26-a7db-41db-a8ba-e4b527bb171c,ccc6315b-4a97-476d-9ce5-adf75264c9a6,791931e9-5d61-4584-929d-4e8c68cad7a1
b2e173ab-e89a-4364-bcab-ff63d68e1a45,Gynecologic,eb6661d3-ff30-4d96-b436-767d0a6a9be0,b6870e20-1450-42ed-bda1-04bcf565e82a,d502fee9-dc95-4466-bdb9-a3254766f1c7
7e3f8737-b779-4dc3-81f0-7c7e96fea40c,Neurologic,b9158ed5-e230-4063-a6be-2cfa2faf5ddc,b6870e20-1450-42ed-bda1-04bcf565e82a,26d6ec32-3848-4348-afa4-5063b191aeca
d34a9beb-e034-43bb-8e76-000bf07474bb,Endocrine,09ab8efa-729e-4fb1-b8d6-4f071f38f3c6,b6870e20-1450-42ed-bda1-04bcf565e82a,99880164-8b01-4cc5-85a1-350b996ac4d8
0e0e5651-42b6-476d-8a6a-d09e6a795806,Urologic,6e884f76-9f94-47a8-b378-76abd7e76f31,b6870e20-1450-42ed-bda1-04bcf565e82a,ecc1f73a-f6da-4ea4-904f-6fa276d02998
c6628572-f135-44a7-a03c-09547e38e04d,Speech Pathology,519ce370-951e-49a9-94d9-724bcca6216f,b6870e20-1450-42ed-bda1-04bcf565e82a,1f7f9031-72e8-41f7-8533-a4ba714358ac
94a5d6d2-8889-4af9-ac06-a266ffe0826c,Primary Care,ad5b97ad-006b-4a01-bdbc-26e78734baef,23d8c480-0e67-487c-8f12-7621756ab870,e5816dfc-d0eb-4f91-a716-d7150ce384e3
90aade45-858d-4e4a-9352-047355bf55d5,Infectious,a6cc99ac-8c22-4625-afd8-72007f98b2fd,23d8c480-0e67-487c-8f12-7621756ab870,a4667d03-c76b-4d39-9c56-81510825cbd9
93515f5e-cfd3-42bf-8c31-47ab1f829322,Endocrine,668ded57-91eb-4616-bcfc-5e8fa900ae61,23d8c480-0e67-487c-8f12-7621756ab870,01668796-e975-406b-8043-af980dc44252
f14d23a2-16ce-4acb-b11e-d1a363237dfd,Pharmacy Specialty,ce6b1385-5e53-48da-9047-c33c3e65989c,23d8c480-0e67-487c-8f12-7621756ab870,179414b6-3d86-48c0-86d9-e13b38384cfa
2f7a8e02-fae7-4a2d-a8fd-a39743efd8af,Rheumatologic,bff369fd-0fb3-4216-aff6-8edf6a5fbbd6,23d8c480-0e67-487c-8f12-7621756ab870,3ecfb74d-089e-439f-a0b6-7c2c3582a6ff
b3fa12fd-77a0-4206-9055-20ae7d7b3f54,Endocrine,2c608c40-e1bd-4746-adda-1463906c391f,748fd139-0c6d-43b7-9c14-1ab52c8aee2d,c4ab61df-8ed2-47d5-b378-928b56d7ea85
34e11138-ee53-4b74-8395-edd810a061e4,Infectious,b93a1c92-9452-4b68-81f7-c10e7f70cc70,748fd139-0c6d-43b7-9c14-1ab52c8aee2d,ddd54120-c0b8-4a6d-94cf-afc77f83c6e8
98adbd40-0497-42c6-92dc-5673f4d02f2d,Cardiovascular,8bc2f6f5-70b7-4586-90cd-bb11340c518c,748fd139-0c6d-43b7-9c14-1ab52c8aee2d,2d699b77-8f40-4388-8cc6-985b51faf0e7
1f68497c-8199-4b6f-9590-1aedc7adbcb1,Respiratory Therapy,8644436a-214e-4c10-a652-9aff54287c89,5e3fafbf-fc06-43de-adb3-a8a79e9e44c5,48ea5a56-7010-480a-af5c-18a85a12e96f
bfcb257c-3d51-465f-abe0-557a633eef3c,Nursing,85eb115e-fec7-4137-8e94-37505858ae08,5e3fafbf-fc06-43de-adb3-a8a79e9e44c5,88d9b611-3bc7-457d-b739-aa73824f850b
3e8f9b1a-cd05-4ce5-aef9-5fa6e63dbf4c,Pulmonary,17484b1c-9d61-4002-811b-529e6145d2a2,5e3fafbf-fc06-43de-adb3-a8a79e9e44c5,ff248000-2975-4da5-94d1-4d49ff6581ca
1443d131-077c-46cd-9237-185ad2789042,Pediatric,ae2aa67f-4a90-445d-a592-467796ebb2b3,7a31daf1-2dcb-410e-b7a1-5f3beb5dc17d,20fd8edf-a20e-42ab-a504-458552b1540d
05839058-b7e3-4d66-a427-0bbb1d09f845,Musculoskeletal,30150406-c0ac-4845-8f0a-4f1d99affdf1,7a31daf1-2dcb-410e-b7a1-5f3beb5dc17d,d2a9a83e-33a3-4fc5-9e97-4c5582042b8f
8050881c-9c23-4d6c-a91f-a16dbdb69cdc,Respiratory Therapy,495109c5-9020-41cb-9c4d-c502a5ef30cd,7a31daf1-2dcb-410e-b7a1-5f3beb5dc17d,84d73559-259c-4519-bed1-e00b9e437088
094d1c26-8022-4d18-b2d4-b711ee2121e9,Physiotherapy,7790e902-b31f-49ed-92ce-f4d339f950f5,7a31daf1-2dcb-410e-b7a1-5f3beb5dc17d,27e13b47-fa11-4dc5-a8e3-cb0ac3c8ad84
c951ab85-3f65-4cfe-8878-228cd15e5685,Primary Care,bd84ac7c-068c-4375-9fac-a4a1d8fa61f9,9b73b023-3402-447a-85b3-a01ee4146592,f33fbc27-b675-41e6-bfab-25a2996ae0c5
72a8eb24-d563-4e77-bcbf-9090e4612a49,Anesthesia,7c1691b4-3bbf-4d08-bca0-9ca1733c2b58,9b73b023-3402-447a-85b3-a01ee4146592,3c568c36-e83d-4ca4-88ed-d7bbf037d58c
17ae33ff-7930-479d-be66-d1f35f0b9207,Cardiovascular,e33a8212-d774-4dcb-8969-37b7d94a5b7d,9b73b023-3402-447a-85b3-a01ee4146592,94b78d8f-f1cf-4467-80ca-94d1a820effb
25f41c9f-e399-4068-b199-cf3d402435a7,Pathology,aa798d9b-6d17-48d8-9231-c521e170f082,9b73b023-3402-447a-85b3-a01ee4146592,1c286c71-41c5-4128-8555-42210aacf91c
fb0fb999-0777-4678-bc89-7d01483e3b0c,Anesthesia,6e9bd342-07c0-400f-85ff-d61b51f00aad,fa679a04-2b44-47a2-94e1-b6c1584957f2,ffbff0ff-7045-40ad-b09b-8d10636791d1
207beda1-f823-4a82-a1b8-c7432b65e81a,Cardiovascular,6121cc0c-525c-42ea-854b-f14ef147d5c0,fa679a04-2b44-47a2-94e1-b6c1584957f2,055c43f9-daf5-49d5-a115-604dac9c1a94
9350a953-62d0-4c3f-ad7e-c713d3da6caf,Oncologic,a04fdc86-2c9c-4db3-ab92-4da9a163a7cf,fa679a04-2b44-47a2-94e1-b6c1584957f2,dfe60869-6b8d-446f-9209-a76c21236e65
c1cee9ea-c6d9-445e-b18c-dbc1b4c90ae8,Anesthesia,00da5e70-027d-48dd-98bb-b0a9dfcff5af,fa679a04-2b44-47a2-94e1-b6c1584957f2,1361eca3-1748-4b25-a52f-701664a7a4df
c795140e-fb09-41a8-b383-3cdc9f814122,Anesthesia,b63b0ac4-c671-441d-88d9-b7ff58b1c832,88c15972-ec73-4312-90a5-8c1fdeaf5252,92355e65-7255-40d2-9922-cb0f29055c9a
c90b4a64-e657-4eba-8f19-347b4607c009,Midwifery,8f041c18-afa0-4c08-acff-a6d533d34a61,88c15972-ec73-4312-90a5-8c1fdeaf5252,24278be4-574a-48ae-b378-1636a6c90638
ed54c519-6c17-432e-8dad-dad506726d22,Radiography,01518e30-e7ce-4182-833f-d7f759cbb836,88c15972-ec73-4312-90a5-8c1fdeaf5252,dc95dfb3-18d1-4a9e-858f-4574fc9ab74c
1f61a8a2-9976-45ee-836c-5ce940ef8ad3,Public Health,6364e890-ffe6-459c-8b8c-2f3f01586fcc,88c15972-ec73-4312-90a5-8c1fdeaf5252,036d10dd-a39a-48b3-840f-d34e2e004989
467d4f9e-4859-49ce-bd7a-c4a5c7f5b7ec,Laboratory Science,631453f4-5768-42a9-9a30-72b6466faaa1,88c15972-ec73-4312-90a5-8c1fdeaf5252,59097afb-133f-40a2-963c-fe1df72f3bde
15392b6e-8bc0-45bf-bc98-9d4a7a865f61,Physiotherapy,723c7bc3-64a2-4291-a492-ac551654fe52,b9f15b79-2d53-413c-a9a9-464bcd024ec0,823600ac-2c36-485b-b553-2ed31686a8e2
143f5774-4b97-4969-8d1a-1119f04ccd77,Radiography,c30ccdd8-1cda-4e2b-8ced-b02dc0dc83c7,b9f15b79-2d53-413c-a9a9-464bcd024ec0,aa87b4f8-d29e-4635-8ee8-7598042c13dd
482c15dd-5546-4e35-a4f4-db769961c661,Podiatric,d42f0328-4e16-46a9-9a30-72b3e7934b00,b9f15b79-2d53-413c-a9a9-464bcd024ec0,0f2c4a2f-666f-47d1-8bea-783869c6c559
20bf81e8-6785-4457-8288-8ff922cea693,Nursing,d5964131-dcb3-4aaf-9a0b-de0e1ee9f778,b9f15b79-2d53-413c-a9a9-464bcd024ec0,6cf98576-28f7-421c-a87e-293559aeb736
bde1b1d2-a1de-4188-9268-9e5ca24501b3,Pulmonary,c72c1863-a478-4863-91af-f050e1e610b0,b9f15b79-2d53-413c-a9a9-464bcd024ec0,549e7f51-b948-4b82-ad8f-f2f051646e59
d1d76e48-3ff8-4694-a899-e90f314f77e3,Obstetric,bc79ec4a-c4e0-4932-8cde-1d255c1e223e,f57b6006-dfc0-493b-8c60-a98b9bbab50a,d2f7c54c-6771-4d8d-913e-268e4b42509f
8ede96a6-376a-4d5c-a969-15eb2058d672,Primary Care,b394d10d-8f2d-487b-bb97-0b0655e95db1,f57b6006-dfc0-493b-8c60-a98b9bbab50a,dee834ce-d3d6-4cf1-a232-76523f47034c
b25c3303-b8c7-4897-968a-22d75eb60291,Oncologic,35debf03-e1f9-4042-acfd-1c3ce956dbfb,f57b6006-dfc0-493b-8c60-a98b9bbab50a,c0c2dc08-f6f4-4b02-aaf4-2c2edfcaad68
c45541ec-8488-4cb2-b1d9-8d7758ebc5d9,Neurologic,c9752d4b-d7c9-4ced-b495-749639374e65,f57b6006-dfc0-493b-8c60-a98b9bbab50a,022031dc-a078-445d-b528-a651e7ce276d
262dab33-8a42-4595-b6e5-729692cce859,Speech Pathology,c6e3ac57-ff1c-4c80-92c9-4c1148766f32,03b62dc0-b927-4e07-89d1-887e5a23c2f2,9b04c1fc-4994-4c58-9037-500414c8814e
0e1573b9-2ad0-4d64-adb4-91efd0a2a41d,Hematologic,02bc5d78-a13e-43e7-9ea0-f50ffa57f379,03b62dc0-b927-4e07-89d1-887e5a23c2f2,f7dc338f-f9d6-4bb3-b0c7-9bf50ca97c64
9b240792-c256-44c1-8ef5-7bb132c6acfa,Toxicologic,17415390-0383-478c-ae09-b65178e0882b,03b62dc0-b927-4e07-89d1-887e5a23c2f2,8cfcc904-dcc7-4900-ac8e-c3d4235bb884
947c1b26-bb86-487b-95ac-437ca13efb41_var2,Physical Rehabilitation,73557453-1da1-4e1a-999e-10e71138b1e2,6a8d3e84-20fe-452b-96fe-23018c3af69e,48d988a1-e8e3-4274-b7e0-d5717085dbbc
f7cf7116-3746-4504-9e17-ca5fe53d1459_var1,Speech Path,36f4851f-431d-479a-9ec3-40991ca7b806,59cd012a-06b4-4b6f-9f94-e3c818a77594,301c8730-62fe-4d68-95f4-5a1fe1d292ab
572ff10a-c3a2-4520-8489-45f61a98d8ed_var1,Foot Care,b0708e82-07f9-4a7f-be14-c1908b12561b,8428d344-7194-4be4-9de0-103a4e2e2c6e,aa6dc853-0219-43d2-92d3-fb9bb6319fec
777964a0-3ab6-4743-a345-f0bc97f74a5e_var1,Pulm,d30b748a-e64b-47ce-ab91-93025633c34e,8a74bec5-6951-443e-8a6c-b87cdfb87708,eb91da1a-a4e5-47e7-9526-d2fced9ac510
de42c97f-1a8d-45c7-9e3b-82786b0d4a8f_var1,Speech Path,a1f121ab-5964-413d-8ac3-7c6bcce60499,6b35da2c-0446-4ea7-8abf-5c57c5795b58,bb23ea44-32dd-42ab-96a6-d1ec9bb07b0b
1283537d-ae12-4069-a70c-825f8e534a4f_var2,Infection Control & Prevention,ce90746c-2725-4a9c-9a47-b4a9ffb4d662,7ff5101d-3f1c-431b-86ff-76d11fe32b56,cf33fafd-1d83-473d-b8c7-43fb67c0a54f
5c856338-a519-4d02-ad0b-587f1320cceb_var1,Cardio,14dfffd5-9d9f-4090-baf9-439753a34be0,8d37aebb-8fc7-47e3-a8b7-4f3dec3826bc,079092e4-537d-4c63-95a2-888492747f90
062384ff-fb6d-40ce-a121-89809111f1f5_var2,Mental Health Services,97582cd6-dac2-4c5a-8d88-01dec51e4f7d,c9a6e611-613f-418d-896e-f1a5ac707464,98aa03b6-a0f0-4a56-ac00-caa08fbd4130
85a81960-0eab-45f6-966a-acac95d05ad6_var1,Diet & Nutr,c7e470d9-9d81-4b64-83c7-4f42c4b9ee85,8d37aebb-8fc7-47e3-a8b7-4f3dec3826bc,dcc33394-4678-4a81-acb7-c5bf0e58cd63
91c8aa21-029c-42df-b5cb-aa79478903e9_var2,Digestive Health Center,6cc35cb2-e94a-47ac-9b1f-97c8b8479ed1,4306dd16-a5b4-46b4-8d03-7e583ca58162,6e7129aa-feff-4e38-9bed-2fe65f6fbe73
fc9360ad-8261-4c21-9346-ceb3b072e8ef_var2,Digestive Health Center,d65e5de6-4120-47c5-bce5-af5d4f351d34,7ff5101d-3f1c-431b-86ff-76d11fe32b56,031d0b58-10ab-4ce4-b9a9-749ac95845ed
df01d2ae-aaa0-49b8-b981-3b85187dd9c6_var1,ER,7c261b43-eef7-4d97-ab98-f113f546e1d0,2ebed37d-05d1-46b6-acee-c38d511fcda9,3cd10068-c29a-486e-adb6-db1da33f1754
d608ae93-aa74-4fff-a43d-3f7fb1bb47ce_var1,Onc,1eaf15ef-a870-407e-8d71-98d2b6c7ec17,6f5714d7-a0be-4a1c-802b-2f928dc57bd9,905c4c31-a4dd-4b19-bb7d-72d1a41248e2
c90b4a64-e657-4eba-8f19-347b4607c009_var2,Midwifery & Birth Center,8f041c18-afa0-4c08-acff-a6d533d34a61,88c15972-ec73-4312-90a5-8c1fdeaf5252,24278be4-574a-48ae-b378-1636a6c90638
ee9b54fe-5120-4bb8-ba3e-059d8181b2f8_var2,Surgical Services,156377d9-7574-4884-9545-67698cf78e49,3e5aed83-5272-4246-a57e-a412a2157489,2af16108-0e06-4345-9afd-64a1ed509b48
0547ae03-1181-4f74-addb-5678801fa463_var1,Lab,8cff3e99-1e8e-4d52-aab9-c1851af0ed28,aa66b464-8420-48d9-b261-d0d2a1c2d9bf,02951560-27e6-411e-b94d-aba2251a54b7
ce3ef9d1-00cf-415e-af51-5cdc61a35882_var2,Arthritis & Rheumatism Center,3a232817-ac21-44c5-b4de-4f243d8fd773,3665b6a5-634d-4412-816a-5ea8618a4763,5cb9b33a-af2a-4161-9b16-6ec552fa1579
496fd519-6c1f-4da6-adcd-732af4d20476_var2,Infection Control & Prevention,2f889483-3c73-446d-a28a-7cc429a6bc74,6a8d3e84-20fe-452b-96fe-23018c3af69e,f799e296-48d4-4935-bb81-6204184f368d
e7a769d9-ffd0-47be-9b49-4da768167afd_var1,Cardio,e04a250d-e915-4332-81d3-8c5790bf3778,565e5ae7-ad82-4067-ab35-94148ed2b26b,a9b5856d-ed2b-4f70-a294-3a6ea4602295
88bf6f17-0493-404f-b5ed-e251e738dc60_var2,Arthritis & Rheumatism Center,c87e7309-2c99-4175-9a3a-fac9365c6e11,839137a6-a977-4b71-9e6d-2d7e9f312acb,f28f30c0-3354-40ac-b1e8-0db531733582
3d05e7c4-49b0-4f3a-a4b4-1b9f68986032_var2,Clinical Pharmacy,06758928-6a0f-4f42-88cd-a9b55e5a7b11,7ff5101d-3f1c-431b-86ff-76d11fe32b56,37acf1c6-535b-45ef-8015-af310a3f0b9b
08415966-ad7b-487f-befd-e1439889cbe1_var1,Plastics,d00fb068-4b3d-4b2a-b70b-d8a791fd7815,3e70f16a-5548-4822-9e1b-372ad3fbf47a,92a90fd2-b0a3-4f75-aced-e02f0114a577
842aab1f-f7e9-435b-9701-c3d37f796c6b_var2,Urology & Kidney Health,cb562026-a4d6-4d94-9097-be87168d8bf9,a5e3a719-6bf5-4dfd-94a8-762b2b12c92c,536ff84c-82c7-4e62-9f61-7ff963611515
094d1c26-8022-4d18-b2d4-b711ee2121e9_var1,PT,7790e902-b31f-49ed-92ce-f4d339f950f5,7a31daf1-2dcb-410e-b7a1-5f3beb5dc17d,27e13b47-fa11-4dc5-a8e3-cb0ac3c8ad84
6b4601e6-6096-43ab-b427-f0e67d7b6e7b_var2,Women's Health Center,1ad9ec63-ba64-4b01-a76c-5c21513a81ca,53fd2516-d1bf-4aba-a908-923b1551f819,a27f0e23-2afc-4b18-95b5-7021ff744ba7
32068b53-5963-43d9-b6d6-42824b6a1b1d_var2,Blood Disorders Clinic,13c49a5c-892c-4c7c-92c1-138bd7bec639,c9a6e611-613f-418d-896e-f1a5ac707464,964cc436-f18e-44f8-a3b1-fa5b983203de
8506d5ba-50fa-49aa-a7a6-03553af1aead_var1,Diet & Nutr,f2bb8a67-ec5b-43af-8b90-e059cc1590c6,feeac13d-5813-42c2-a33e-383454e27ea6,b2645654-489d-40b6-8057-b53792ec01d0
80d8241f-4e4b-41a1-ae21-e8f7defe6dfc_var1,MSK,6a9000a8-f744-45c9-963f-464362d63c9d,7bb8c2f1-1624-4318-a326-52e8a1ab17c0,623fc5b9-976d-4953-a47f-1aaf5875de0f
69755086-9c01-40a7-ac0d-670f053842f5_var1,Peds,86863e50-b8a8-4409-8d64-cd61a3769512,27a0008c-0b44-461f-96c7-354aef82c4d6,2e57aaa0-803f-485a-bcad-455e3ba2cf16
35ea89b3-dc07-48eb-b475-0c52f9f602db_var2,Clinical Pharmacy,e7c1b6a8-bc65-4fdb-a7f8-927724101196,69560c06-3008-4519-ad83-095163eaa005,1e804c7b-fba4-4c0f-a6e6-a50615152e75
b60a6384-70d1-46d3-88be-e994081434b9_var1,Gen Med,7fc071bd-346d-4398-b144-088aadf8dbc8,1ee1723b-4a96-46a4-a752-41027acf6bcc,325ac15c-3391-4a64-9ff3-c8b23064f0fc
2f4a4da5-3dea-49b8-bf34-bfe34f9ccc04_var2,Clinical Pharmacy,8cdd88dd-1868-451b-bf34-d7d5c03a36b5,8428d344-7194-4be4-9de0-103a4e2e2c6e,c858b218-efc2-4ebc-b00e-d2c91dfe89a9
f0ebb870-2e0b-4868-a5a9-ff7ea25df068_var1,Diet & Nutr,9b736c70-ca28-467f-855a-188d948340fa,583678ee-f3ca-4f64-a7fa-8b8a909b471c,65db0d81-1bc6-4506-86d7-401971cdf65e
3c0e61e8-1413-43fe-b56f-bfc5fe8b7972_var1,Gen Med,584c1484-a8ef-4278-9975-36a8d8b23694,8a74bec5-6951-443e-8a6c-b87cdfb87708,1ee1ecba-cc10-4506-8f67-1bcfaebb192a
b67918a3-be3a-4bfa-b415-9f231edcde4d_var1,Uro,9a37d1c8-8df7-4a5b-b232-50cb29f114f5,c9d4e1bb-c4d3-4ec2-baf3-d90e586a7302,c94f25d0-0920-4edf-a81d-3e22adbfcbe7
af9665b0-0cbb-465f-9a2e-de5b9688778b_var2,Clinical Pharmacy,2d5ac28c-f8c6-401f-9e8d-3dac1ff99c18,3ad23fbf-2e57-4864-83eb-280e79017990,6acff518-7e76-489b-82bc-47b9753d547a
db761752-463b-46af-bc8c-7cf6bda2d21f_var1,Speech Path,b235872f-f682-43bd-8174-dc65f9646b27,9b38fe80-3042-4325-a28f-5ab01fdb8b32,725964c4-73c4-4ceb-8467-81798383818f
f14d23a2-16ce-4acb-b11e-d1a363237dfd_var1,Pharm,ce6b1385-5e53-48da-9047-c33c3e65989c,23d8c480-0e67-487c-8f12-7621756ab870,179414b6-3d86-48c0-86d9-e13b38384cfa
78b5c1de-ce9c-45a7-a717-69118230088e_var1,PCP,d8958961-1d03-4632-a1ef-443569eafdb8,23f3e5ae-d1de-4fa8-a1c5-63425033b5a4,7838c85e-4ab0-4893-b45c-759a691fcf9a
262dab33-8a42-4595-b6e5-729692cce859_var1,Speech Path,c6e3ac57-ff1c-4c80-92c9-4c1148766f32,03b62dc0-b927-4e07-89d1-887e5a23c2f2,9b04c1fc-4994-4c58-9037-500414c8814e
6bac0545-3eba-4de8-bcab-875e57310e3c_var2,Anesthesiology Department,17c4dfab-12d2-4972-8dbe-9e150be73c99,41b11180-65de-4f1a-ad26-904840131e33,0cd7a60f-57b8-45f5-8942-c6bfb85db720
b70dfd66-a70a-4b1a-9191-cfd99218df37_var1,Foot Care,adf63331-e063-4199-809b-e1a75d310df6,13f60dff-788a-4a15-bd58-bb0206e80047,5edf4ce8-1c4d-4b4a-a349-dc8d427becbc
207beda1-f823-4a82-a1b8-c7432b65e81a_var2,Heart Center,6121cc0c-525c-42ea-854b-f14ef147d5c0,fa679a04-2b44-47a2-94e1-b6c1584957f2,055c43f9-daf5-49d5-a115-604dac9c1a94
a946a3a2-5d87-47c1-9593-95d008472231_var2,Physical Rehabilitation,8ccde8ad-4a88-449d-8e22-49237bc1a87f,840658d1-c1da-4d39-b735-0626dca8b6fd,a093e30f-1e1e-4dd9-bb19-22568c44605e
45ba2ca4-b39e-4b24-8cfa-e9aa7a6fec24_var2,Family Medicine,5f2a8e3e-d839-49b0-b4fc-5bf097ddc839,11124406-6e30-41ba-8ed0-081835d2cfcb,987efb24-8f2f-415e-b352-7b6ba1ca90c1
ed54c519-6c17-432e-8dad-dad506726d22_var2,Medical Imaging,01518e30-e7ce-4182-833f-d7f759cbb836,88c15972-ec73-4312-90a5-8c1fdeaf5252,dc95dfb3-18d1-4a9e-858f-4574fc9ab74c
7d3eea80-c6ef-4bff-b6cf-bac7c21dce78_var1,Gen Med,fb7d8c44-650b-4499-965a-cedf7ef1748c,feeac13d-5813-42c2-a33e-383454e27ea6,5c00fd95-a37a-4445-abe7-57d29462fc24
c5bf954d-0a9c-40c0-8129-7e8e34cf3d5d_var1,Foot Care,79546a17-388a-4e7b-8fa5-1a73b4c0d639,25d203e3-992e-4dea-8374-32634a0609aa,4868f62d-52a6-42cd-bce3-c4b29555b6d5
25ed5d8a-8ff7-401a-bd9c-ca3891d192be_var2,Vision Care Center,cb7b6e94-8019-4ed0-9894-e4e67e557b45,6f5714d7-a0be-4a1c-802b-2f928dc57bd9,550e2c02-d5b0-4e5b-83d7-0f2fa3beabb8
1f4801e6-57bc-4738-9f96-c7b66e9f2924_var1,Gen Med,8cc66bfd-eebe-444c-a8eb-7deb67672789,3ad23fbf-2e57-4864-83eb-280e79017990,f58d588b-f650-4f8b-a564-5fbdc832befb
0b81f595-6109-4517-af07-9b76f2b762c6_var1,Opt,0502629d-81eb-4561-bfae-217e9e2d720d,27a0008c-0b44-461f-96c7-354aef82c4d6,8e9a6a56-e6aa-4560-a18d-f6f5149f3972
859fe637-8db5-4c77-b41b-6adaa013ba3e_var1,Comm Health,542ffd61-23e8-48ba-93b2-b82856d830a3,f1c58f44-7e08-4c1b-8da6-a326451437d6,5b5b1743-ba9c-4ff3-9f0d-918f2662a1d2
9041f147-c758-4bde-9822-d64549c85564_var1,Diet & Nutr,5774a8f0-bc73-40c9-9918-cda4d95e1ab2,9b38fe80-3042-4325-a28f-5ab01fdb8b32,641cd0b7-3aa0-46f4-862e-8578a05206d2
94a5d6d2-8889-4af9-ac06-a266ffe0826c_var2,Family Medicine,ad5b97ad-006b-4a01-bdbc-26e78734baef,23d8c480-0e67-487c-8f12-7621756ab870,e5816dfc-d0eb-4f91-a716-d7150ce384e3
d383ef52-9d14-43a5-a49f-86975fd00911_var1,Pharm,f09aea3f-232f-499b-b59c-c90aac7d6d40,53a9ec5d-b9b5-470e-b346-f7c6437249fd,1f8339e3-e2ce-4135-a92b-6d89f3f09037
0079a59f-b90f-4320-a2a3-cbd5d5c05774_var2,Population Health Center,de047110-f364-48a0-9939-ab398f22c548,e27ac8e9-d1c3-41bc-86be-643217ee0eb0,bdc2acbb-b2f4-45e8-9b0a-23afbda98d6b
c795140e-fb09-41a8-b383-3cdc9f814122_var2,Anesthesiology Department,b63b0ac4-c671-441d-88d9-b7ff58b1c832,88c15972-ec73-4312-90a5-8c1fdeaf5252,92355e65-7255-40d2-9922-cb0f29055c9a
ce334eef-16a2-4117-8048-e3064b8bf507_var2,Surgical Services,aceca3f5-842f-4199-a00d-cee45427dc44,0a9ffe96-fdf0-4605-ab7b-2370940ca324,13b44e7e-0eeb-4794-b9e7-63d92cd078c2
0d10f74b-56fa-4e4d-9198-ba274329e499_var2,Elderly Care Services,65f64da9-086e-4705-8be0-b1766993400e,084fa819-052d-4ad3-a6c0-0984c734bb05,01a95f82-a339-4317-99f6-b8098aab78d6
160bd6aa-7246-4d4b-ba67-a0cafc14e5c1_var2,Cancer Center,c16a8771-a94a-440c-8926-e63271bd78ea,0b5aafef-85a1-482a-8761-585b4168705a,a0b837ed-b3a2-41dc-8fa2-f35c90c86387
5ea7917e-b4e6-489a-8d0d-a057270a8e47_var2,Women's Health Center,61cc6889-82ee-4082-9c7f-eb8bfa294b11,ef6ed981-be23-4d25-ac78-8719d9371f2a,7873fc81-043d-47e5-af0e-3937f4bb2a5c
8c3eb09e-f500-4048-8357-1b7097c18f1f_var1,ER,199ff3c7-a132-4fe7-a8a0-605c28c7cf45,6b35da2c-0446-4ea7-8abf-5c57c5795b58,1bcb34b5-9845-4633-8fde-2a352034cd95
bde1b1d2-a1de-4188-9268-9e5ca24501b3_var1,Pulm,c72c1863-a478-4863-91af-f050e1e610b0,b9f15b79-2d53-413c-a9a9-464bcd024ec0,549e7f51-b948-4b82-ad8f-f2f051646e59
79f47697-b36e-4146-9298-bd2503c6a61a_var1,GYN,04bbf9e5-8637-451c-9e21-9f1faf40279c,0a5a61a0-6c87-4cd1-916b-47e2e0460545,fa43e1e4-6bb3-4fd3-9c27-500238a97499
7c208bb3-0de5-469c-9ab9-57917bd042c3_var1,PT,86494985-7b7c-42e3-acbb-98aed2d657be,9db3466d-1ba6-4c61-aaf9-4919e69b7971,24d8b7fe-d00c-4571-bf3a-49929d92c16e
ddf65a9e-76fe-4ca0-8b2d-50976b19fe49_var2,Nursing Services,ecba187c-570a-4533-bcc3-12ae80678ee3,c1378be5-b7a2-4e0a-83a8-987936a98d74,4dc0500f-b917-431e-b683-c8ecd34f0013
c1cee9ea-c6d9-445e-b18c-dbc1b4c90ae8_var1,Anesth Dept,00da5e70-027d-48dd-98bb-b0a9dfcff5af,fa679a04-2b44-47a2-94e1-b6c1584957f2,1361eca3-1748-4b25-a52f-701664a7a4df
c951ab85-3f65-4cfe-8878-228cd15e5685_var1,PCP,bd84ac7c-068c-4375-9fac-a4a1d8fa61f9,9b73b023-3402-447a-85b3-a01ee4146592,f33fbc27-b675-41e6-bfab-25a2996ae0c5
34e11138-ee53-4b74-8395-edd810a061e4_var2,Infection Control & Prevention,b93a1c92-9452-4b68-81f7-c10e7f70cc70,748fd139-0c6d-43b7-9c14-1ab52c8aee2d,ddd54120-c0b8-4a6d-94cf-afc77f83c6e8
84dc55da-90eb-4a85-b9f7-303a16e4dd6a_var1,Pharm,7da69555-f78e-4166-bb2f-bde51c30ebae,27a0008c-0b44-461f-96c7-354aef82c4d6,301f5124-3d17-4fd0-baa2-27b8b398d5d3
2c650537-b5ca-4a87-b6b1-b2ccd55bcf68_var1,Geri,079b6afb-cce4-4ca7-9043-c53ae6739bcf,69560c06-3008-4519-ad83-095163eaa005,f7ddf9a6-a499-4205-82cf-1dd3dd79270b
b2e173ab-e89a-4364-bcab-ff63d68e1a45_var1,GYN,eb6661d3-ff30-4d96-b436-767d0a6a9be0,b6870e20-1450-42ed-bda1-04bcf565e82a,d502fee9-dc95-4466-bdb9-a3254766f1c7
85c4b44f-f93b-4dbf-83ae-a2d1ba2bdab5_var1,OB,0adaf92d-2534-4858-b1e8-9782e23d2e90,52526d45-9c68-4df1-8a51-5e8746ba6855,333ea67c-c5ad-4ab1-8e36-01575695ac3c
cd973899-2ed1-4953-90ee-5b4a93b75659_var2,Dental Services,42db17dc-77df-4e63-9fc7-5d5233ccec76,23f3e5ae-d1de-4fa8-a1c5-63425033b5a4,22320962-c7b4-4529-85c1-144658df0b5f
2d807fd4-9cc2-44fa-8a37-927604e7d97c_var2,Medical Imaging,556a666d-5019-4572-b109-bc67a0f80547,6ab01563-8cff-4bb1-8ca4-9aaf6b944e09,9bbdf967-ca12-420e-947b-e7889abb1ee4
b1d0261e-f260-4be5-866e-3924320919da_var1,GYN,e4f78188-ab8b-4683-a51b-95d40f633fda,583678ee-f3ca-4f64-a7fa-8b8a909b471c,c2ef4084-ce86-494b-9d46-3576b07607d1
143f5774-4b97-4969-8d1a-1119f04ccd77_var2,Medical Imaging,c30ccdd8-1cda-4e2b-8ced-b02dc0dc83c7,b9f15b79-2d53-413c-a9a9-464bcd024ec0,aa87b4f8-d29e-4635-8ee8-7598042c13dd
b76f5697-228e-4fbd-99b8-99b66b2cd7b7_var2,Surgical Services,bddaa347-5ee6-4430-9be5-c0997397d0dc,0a9ffe96-fdf0-4605-ab7b-2370940ca324,3b788475-dab4-44b0-b392-62f3a54389d5
