identifier,serviceDepartmentName,address,isPartOf,contactPoint,changed
2482f300-f3da-4b6b-b3fb-81c29c4c9d5b,Midwife Svc,5a36952f-6da6-4716-ba45-44d55c973bf6,696f4257-1c66-48bf-8abd-92829c689a7f,97b9efba-ec6d-4166-8cbb-720e115e4bd3,True
1402cf13-cdb5-4eb1-8087-39b42aa4d6dc,Foot & Ankle Center,5672a65f-2076-49cc-8de8-c704e57a2761,696f4257-1c66-48bf-8abd-92829c689a7f,c3efdf7c-2a87-48ee-91d6-60f6e385fe41,True
4c2eef42-52dd-4251-950e-03aa0ca7746d,Toxicologic,83533545-e51c-4042-bfe2-495c4af854e9,696f4257-1c66-48bf-8abd-92829c689a7f,988ac556-cc71-4279-9bd4-f03229b78fbd,
fb9d7a9e-087b-4d4b-a2fd-4a28770dd4c2,PCP,c0ebfc2b-9f35-4425-bcdb-0d3f223cc3dd,696f4257-1c66-48bf-8abd-92829c689a7f,eac1a894-f1c9-459d-a82b-e04dd01d38ab,True
8cec227b-3b0a-462d-b7e2-ddef58093266,Arthritis & Rheumatism Center,2f445def-0a33-4318-8d2d-659ccf33efa3,696f4257-1c66-48bf-8abd-92829c689a7f,9b7645e6-bbd9-4fe4-865d-f2ae52a00fa8,True
0c43e25b-3f7a-4b04-9afe-ac8cb74ab46e,Spraakpathologie,d4cc0c27-76ed-4070-9e73-62947b378a36,696f4257-1c66-48bf-8abd-92829c689a7f,d92db7ba-1c17-429a-8640-f4d295966d82,True
1c4d67f5-a674-4831-98d8-7002bd027c62,Clinical Laboratory,1335e84e-ed86-404e-ab8d-d9710da4ef07,b6401ffe-b8c9-4b7d-b8b8-397ee22be68a,a55bad05-adc9-482c-8516-8a2214cfc947,True
380f4a27-3985-4228-8095-fb3da3942ea5,GÃ¼nekoloogiline,5674c45f-0ead-4f6b-a0a3-cf49ce8dcc26,b6401ffe-b8c9-4b7d-b8b8-397ee22be68a,86f46f90-d451-4f36-b0ea-ca00d20d259d,True
5c46d1ed-3924-4b5c-9ea8-63ebdd3539c6,Anesteesia,1c35d225-bb91-4b6c-84c5-6f20c66da9b9,b6401ffe-b8c9-4b7d-b8b8-397ee22be68a,73a51c79-cfdc-471e-897d-aebc9f7cc72e,True
4edb060b-b4d8-4663-bfe5-6f85afee519f,Foot Care,81ca0fe5-cf62-41ad-a3fd-198ea609e084,b6401ffe-b8c9-4b7d-b8b8-397ee22be68a,13de515f-73be-4609-bf40-c4ed728d4c10,True
b2c2ba6e-8c03-4922-8b29-52c080d645b0,"Ear, Nose & Throat",7371abf1-f77f-41e3-bc88-693987c8fb04,b6401ffe-b8c9-4b7d-b8b8-397ee22be68a,67dc5f15-3a13-4251-9ce2-182df0c4a89f,True
f9299539-89c5-445d-9838-e2187a0c3f56,Diet & Nutr,d081c8f3-5675-41c7-abb3-ea87a4cfd350,092ea03e-0ec1-47a0-978e-2cfa66b2f3d1,af161d96-a295-48b4-854e-7513dbc6da37,True
67ba5801-dc32-4ae7-ba2c-1937c484d36c,Arthritis & Rheumatism Center,2c0ce4f8-a1c0-4c8c-954a-0640d4352533,092ea03e-0ec1-47a0-978e-2cfa66b2f3d1,6a6f2a98-df3b-42f2-b19c-825db2ce5db1,True
eae949e9-24ec-499d-b6d8-494fa5d6f8fc,Medical Genetics Department,ef6cfda3-70b3-4ca6-b3d6-207a5d775203,092ea03e-0ec1-47a0-978e-2cfa66b2f3d1,ac8787ae-87a5-4cf0-9573-80ec90868599,True
81c4bfb5-29d5-44c4-a51f-6e26482490d5,Pulm,15f31e2d-e149-4cf2-b0ac-e9c48df032b5,092ea03e-0ec1-47a0-978e-2cfa66b2f3d1,59205044-5f38-41eb-abe8-47e80457ec9e,True
69415766-7fe9-44c1-ae4f-f52305a5d60b,Rahvatervis,0f1f55ea-305c-486d-b5dc-f6f63628bb35,092ea03e-0ec1-47a0-978e-2cfa66b2f3d1,15817d4d-2a42-4f77-8e0b-9e32f4e83a9d,True
32fdc725-7292-4b38-918e-e0c0916febc7,Kogukonna tervis,559205d7-e5f5-4e0f-8f32-aaaf1caa76f9,092ea03e-0ec1-47a0-978e-2cfa66b2f3d1,aeca28c7-de1b-43c1-b814-2613772ca5b1,True
1221bd61-4ce8-46d9-a29c-084248a07ad5,Anesteesia,864cd68a-a0a4-4304-b3a9-778e37dcb9f7,092ea03e-0ec1-47a0-978e-2cfa66b2f3d1,0b276ed7-78ce-4570-8604-74ef32e752e4,True
82c709ef-e054-4705-b639-14a3665b01a5,Pub Health,a1ece2aa-2519-4602-acfe-487044dc7634,092ea03e-0ec1-47a0-978e-2cfa66b2f3d1,4ca002b3-4f47-4a55-80ff-c69d41ddcaa9,True
743789fc-5979-4821-be76-74ca0e61e691,Resp,45e689e6-1470-4818-8337-31df51c1a317,092ea03e-0ec1-47a0-978e-2cfa66b2f3d1,a772c1fe-895d-4f98-b353-2edd1173e34e,True
8598460a-1d10-452b-b184-3a6153d61f2f,Urology & Kidney Health,75d1b6f6-61b1-4ae2-82aa-3ef4c3d5a0ee,092ea03e-0ec1-47a0-978e-2cfa66b2f3d1,320e8285-7ae3-4cf2-bced-fd5fb7afee99,True
695cb2d7-ce32-46c7-a804-9e817ed36194,Midwifery,7c95a1a9-e57d-4d80-ac8b-fc7977487d1a,5a5c9b06-e32b-446f-bdfe-ea889d7ea705,edefa039-07f8-4d1d-aa9a-62288e385252,
54d7db5c-e177-43b1-a348-98264a616196,Digestive Health Center,b9d3e8a8-348d-42aa-a3b7-cb7619bcac27,5a5c9b06-e32b-446f-bdfe-ea889d7ea705,018ec483-002d-4704-a591-f7121f109814,True
d8e5d418-8c84-4cb2-a2bf-7e7169e60ba8,Clinical Pharmacy,bad22bca-5837-4160-8329-77f39c23c7dd,5a5c9b06-e32b-446f-bdfe-ea889d7ea705,0f650742-2995-487d-8d66-ac3dcdc82bdf,True
c38fde53-a1a8-4a52-9454-5806ec151733,GYN,bedd2c5e-4949-4869-afbf-720bf72f6774,5a5c9b06-e32b-446f-bdfe-ea889d7ea705,a94ee76a-b32c-4886-b4c0-4a4a2eaff0f2,True
47690f37-3ac5-40ef-9394-5f515d1e7ab4,Nursing,7a544fb3-f312-4473-94d0-5a079310e948,5a5c9b06-e32b-446f-bdfe-ea889d7ea705,24b8f55d-0d4e-421a-8040-ca8152159c10,
7c78c7df-50ca-47cb-82f9-e0e254010c4c,Anesthesia,40b700dc-51a6-4221-b4b0-de2ed586698e,5a5c9b06-e32b-446f-bdfe-ea889d7ea705,3bf9834e-1e4b-4430-b389-43638d2c5734,
60f8c173-030a-46d6-8aad-d3466eeae9bd,Brain & Spine Center,d55bc93f-a548-40ae-93f8-5e07502d1e9a,5a5c9b06-e32b-446f-bdfe-ea889d7ea705,c2410a26-3743-4a08-8207-285754338dfc,True
9e386abd-4952-43c0-9570-f028fb3d6274,Blood Disorders Clinic,f15a1879-c509-49d2-94df-80d6e06061f0,5a5c9b06-e32b-446f-bdfe-ea889d7ea705,bcb8048d-8a35-4c1d-b48b-f7e5d653d0ad,True
264c6e8a-f410-4e36-99cf-084a730255fa,Midwifery,1f17d5d6-7f89-4a19-ba5c-1e165a3f41e0,c324a380-8539-4354-91bb-a1f185c26815,a36ad47b-fa78-4b55-ad6c-b324cc939275,
92ff1bec-d16c-406a-9748-151e29c4f33b,Midwife Svc,e2b4bd17-2fdc-437a-9f98-485a018a1adb,c324a380-8539-4354-91bb-a1f185c26815,51c00a54-367e-48bb-b72c-4bf418da5400,True
ee7ca767-76be-4b67-84ff-d2ca98d12715,Musculoskeletal,80dabeba-9bb1-40d5-804e-cab58ca3d743,c324a380-8539-4354-91bb-a1f185c26815,b580f1e2-febb-4082-b6dc-2ad7039fd5fc,
3c486a8e-c7ea-4218-bc20-f37794a603ea,Speech Path,104b6380-e3a2-4fa6-837b-a23e3d8ac530,c324a380-8539-4354-91bb-a1f185c26815,59a2e6be-b01e-44fc-a843-287e168c747a,True
b23fb45f-c852-402a-9ec8-f450090d9318,Dentistry,96323cf6-3498-4046-b51e-f0c7d124675e,c324a380-8539-4354-91bb-a1f185c26815,b5e7e2a3-952e-4be5-974e-9115595eff22,
404d2483-f2f0-4c12-91e5-425030b73b4a,Otolaryngologic,27e4b1c2-b2f5-424b-ab9a-00325ba78210,c324a380-8539-4354-91bb-a1f185c26815,ce548cd4-756c-4cc4-acdc-2cade3f2c891,
08d12304-be92-4e81-8f26-8d15482499d1,PCP,cebe0fb5-c209-442d-93da-ee1912f008eb,c324a380-8539-4354-91bb-a1f185c26815,6cfb3223-145a-444f-b19b-d8c718c80321,True
24f00df1-58e4-4142-b180-213986d12d9e,Midwifery,b40d05fc-df93-4097-b472-72bfc382cb78,caff5af9-7626-41e6-92e6-b6702a3058b1,14d52db8-e5f8-4611-a5dd-668d5d5cf719,
3ddc2217-e964-4c9e-a9b9-a5950a4a9881,Gastroenterologic,d7e35525-eacb-4fd3-8e5e-7fb2a7efcb51,caff5af9-7626-41e6-92e6-b6702a3058b1,b3d81104-db8c-4c75-af34-9ac8b966385a,
44ace164-56bb-4b17-98e4-50f8d27f70de,Poison Control Center,3eb81d87-9c63-4df8-a90d-bf0d45bc57f1,caff5af9-7626-41e6-92e6-b6702a3058b1,0f656ed2-eb4f-4719-9e3e-491663c86f62,True
31bb0322-b7d7-44a9-a190-2765b2c3cf81,Speech & Language Therapy,cd982a4c-be4d-4b12-90f2-4439534cb3d2,caff5af9-7626-41e6-92e6-b6702a3058b1,f6813b58-61a4-4ebf-9182-d88026a2b3cc,True
c2d09dc6-91bd-4838-865e-9d2cef873e7c,Notfall,2a414685-618a-4633-a1fc-6251342f063c,caff5af9-7626-41e6-92e6-b6702a3058b1,fc225cc3-de72-4d9a-8062-139034418eef,True
07196b63-28b6-41bc-b93e-567d8f482bb9,Digestive Health Center,e063fadb-88ec-4304-bcbf-79b257cf540a,caff5af9-7626-41e6-92e6-b6702a3058b1,480c1b3b-1ba7-4f85-bd45-9ca375583e3f,True
16ebc36b-b0d5-433e-9fbf-f6e6d0455d94,Onc,996e1d6d-b19c-4976-9cb5-56a21cd78be0,caff5af9-7626-41e6-92e6-b6702a3058b1,e3a6bd21-31ef-4aa3-a3be-c8bb4f59c232,True
2740c82c-6ad1-4d74-bf1d-b2df6689a243,Population Health Center,45214986-807c-4fcc-b2d7-096f5b827f3b,caff5af9-7626-41e6-92e6-b6702a3058b1,ce58d610-6271-4255-a816-a499b2fa68e9,True
fd3566bb-05d4-4102-a7e2-01e1dd7297ff,Women's Health Center,136cd892-35f4-4fe6-93e1-031e079fe886,caff5af9-7626-41e6-92e6-b6702a3058b1,e6cd33fb-142d-4319-a4bf-8bb8e02fb5a0,True
7d26daad-7206-403d-85a9-3a0b0373f749,Dental Services,0a05d42a-a670-475a-b9c0-f83049af13d8,caff5af9-7626-41e6-92e6-b6702a3058b1,60bdf42e-5097-4402-86fd-94430cc362f5,True
053111dc-f901-4b30-8785-10911d3f87a3,Endo,6f422da5-a911-46ea-9488-ea7d8e539b7f,a992a9ef-7e9c-4181-9c73-c7977b191b6b,5cce3666-9315-443d-9c0d-bff43ab1bd8f,True
e55bd095-defe-4e01-9604-d22072bdab68,Gastroenterologic,421f3118-c589-42ab-a758-a91d28095ff0,a992a9ef-7e9c-4181-9c73-c7977b191b6b,5daefd54-719b-48af-a9bd-02001825d7a6,
115943be-cef0-4e0e-a292-770d0c0a4886,MSK,56b4ee31-5898-46cb-aee7-d7135063536d,a992a9ef-7e9c-4181-9c73-c7977b191b6b,8ddc8cd0-97d8-4648-b994-d81aaea77b43,True
3b90f0e3-3f09-4fc0-8ad9-6907063f7fa3,Poison Control Center,b2156971-6180-4ae9-aafa-a0937cc3446e,a992a9ef-7e9c-4181-9c73-c7977b191b6b,9722835d-aa22-48fc-bad9-fa501f8d0d9c,True
02175bdd-1205-4bee-9615-42a8da466ef5,Cardiovascular,c5041911-432c-4f8d-80ad-d18656eea6b1,a992a9ef-7e9c-4181-9c73-c7977b191b6b,d60c0cb7-a077-4ea6-9c75-f719f13a1572,
2d827378-d7d4-4b31-ad09-0520d75b33e5,Psychiatrisch,5be4137b-e774-4ca2-b5a4-c82068297299,5f74dd17-97af-4b79-abc0-47afc02a1b32,d54b76b5-664c-4847-83a0-ed03a95b2561,True
701614c6-6a55-4523-b156-1968c01b8764,Public Health,515ab7af-a282-4eea-a1dc-90c723b1c580,5f74dd17-97af-4b79-abc0-47afc02a1b32,cc9a262f-1e8c-49b6-875a-9caa9eabcd78,
147b5f4c-f5b8-4805-bd6f-f09311354a9d,Midwife Svc,28b01c5b-de36-4c10-9e9d-9866c7809a8e,5f74dd17-97af-4b79-abc0-47afc02a1b32,a1ea3549-f971-4d7b-9a6e-878712ab9561,True
ab19a848-000b-4c53-a935-f7e5ca2932f0,Kidney Care Center,09e52d0d-8f0e-4d52-91b4-87ce5ebd03db,5f74dd17-97af-4b79-abc0-47afc02a1b32,3e999064-231a-4440-a4c8-97ec09bb1299,True
faebb824-03a2-44fc-b034-10bd7d9a7eb1,Surgical Services,e61b4084-d418-4854-858f-2c34d80e633b,5f74dd17-97af-4b79-abc0-47afc02a1b32,b4a42066-1df0-46e6-9353-f58938a17f65,True
50e965e4-b859-4480-9d78-a640ec241d9a,PCP,dc4048fa-045c-4302-8a79-0571bb25ea07,5f74dd17-97af-4b79-abc0-47afc02a1b32,b0f64ea7-d088-4f17-a9ec-26fbbc5accc5,True
5ea04708-818b-4b47-a650-85d3968dad53,GYN,7d31e428-bea3-4636-a692-8babc3c9995a,5f74dd17-97af-4b79-abc0-47afc02a1b32,9c4d900d-f88d-4361-9f92-50f1b33e1531,True
fc89b531-1865-4ca6-9a94-98b067bfbe5c,Lung & Breathing Center,28a2949b-83c0-42c7-b656-ec25acdc9e69,5f74dd17-97af-4b79-abc0-47afc02a1b32,1dcf2045-32b0-48ea-ae2a-366c73d59410,True
06d2c2e5-a868-4f1b-bd43-25b4ab22a549,Podiatrisch,a88d6873-ccb8-470a-87b7-df2ac679254d,5f74dd17-97af-4b79-abc0-47afc02a1b32,a9aa7e4d-787d-42bd-897e-b58183ca58c4,True
a091a158-7bc0-4bb0-8a92-f4287d1915f2,AnÃ¤sthesie,82743e45-a4af-4007-89cc-8b2bc69c2997,5f74dd17-97af-4b79-abc0-47afc02a1b32,271e9ead-443e-470d-90f1-34ddc326f671,True
bbe422a7-6bcb-4ce6-980a-ec700c5959df,Urologisch,f695642f-4ada-4166-af4f-6209b7ce1688,7a9064b5-5c7a-4d9b-9c25-0dd91b0c4c7e,14d6bf1a-0101-4588-9cd5-714f35d4f356,True
faff92f7-3fed-4515-b4be-8bcb05402dcc,Gynecologic,d6b83466-ef47-4bbf-b490-f75293ab1921,7a9064b5-5c7a-4d9b-9c25-0dd91b0c4c7e,68516e2b-8b89-45f2-9ba7-6102389a95bd,
08464686-0459-4e25-aabe-b4996efaac07,Respiratory Therapy,f386f21a-ff96-4479-95f6-f72284eacf2f,7a9064b5-5c7a-4d9b-9c25-0dd91b0c4c7e,a1436427-63d9-4719-ad1e-c95b87745c92,
9f13e692-a132-4338-a3ce-b9de35ddf667,Urologisch,8c618d6c-d200-4eff-becb-38d718ecf040,7a9064b5-5c7a-4d9b-9c25-0dd91b0c4c7e,886fc8c7-cc3f-4cfd-a7d1-05d3618e203d,True
d0d7d506-dd61-467d-9482-f90706319119,Arthritis & Rheumatism Center,11086832-bd5a-4352-80b3-c884e19b66bc,7a9064b5-5c7a-4d9b-9c25-0dd91b0c4c7e,cea683f9-4019-4417-9337-daea45e86ea1,True
89f7a565-07bc-4262-bc86-d9f0d5252c4a,Dental,b5d3aa28-3396-40bc-870a-622dcfa30e7d,7a9064b5-5c7a-4d9b-9c25-0dd91b0c4c7e,6508528c-30ff-4ee7-9253-bacde3475b0d,True
2d172add-bf85-45f3-9b81-ec6824cde891,Primaire zorg,dacacce7-1e9d-42f3-ba9b-4baad2c7dc97,7a9064b5-5c7a-4d9b-9c25-0dd91b0c4c7e,fceaec04-208e-4576-8069-372419d69ec6,True
eddcc9b3-879b-4c41-80f7-2244db96a757,Anesth Dept,b34e77ba-6e7f-4d7b-b2fa-f4cbe02f9e94,7a9064b5-5c7a-4d9b-9c25-0dd91b0c4c7e,4b421d66-467d-4c4a-b09e-94f20d7ce00a,True
e57789dd-780e-4957-895a-9cdf8919557b,Surgical,6fb9824b-c21a-48be-b3c3-e5b6903cd8d1,7a9064b5-5c7a-4d9b-9c25-0dd91b0c4c7e,61cbe7f5-4984-4593-83c8-15ee7faa27b5,
6746d208-2e51-4ac8-98c2-010f471b7345,Arthritis & Rheumatism Center,a8ca1067-2ae8-4f0f-b834-a80be8bc1afd,4557ea27-82a8-490b-be3a-6c4948fe569f,7690e5d2-70f6-456c-ae90-8f11927b6161,True
86bce7a6-d467-41cf-b7a3-b1b87c4a3bc9,Nutritional Services,0573e3f6-7f06-4e99-8920-79b357ae4947,4557ea27-82a8-490b-be3a-6c4948fe569f,9aa3fe13-dc87-487b-bee2-7633c3f76fe6,True
64302259-8c24-463d-8fab-46d6aa7fdf9b,GI,c6ff1f26-7f70-4991-add8-a9cb44dac265,4557ea27-82a8-490b-be3a-6c4948fe569f,5f053842-f2f6-44ba-88ae-bfb341c4d9bf,True
2b1e1d2a-7dee-495c-9d6c-f7aae339ccd4,Endocrijns,0eaa0292-487d-430f-9b55-1464a9243053,4557ea27-82a8-490b-be3a-6c4948fe569f,2568a42e-305a-441c-a409-750c0f4b3105,True
1c55a717-bf02-4f1f-b79e-ef28a4724e87,ID,d4f4bb7c-a070-4b60-95ce-7382e6799be5,4557ea27-82a8-490b-be3a-6c4948fe569f,9ca21699-a2c9-4de9-84b3-bbf65b49f199,True
16f9abc6-803d-429c-adbd-1ca7cdb9c830,Tox,d561813c-ba0a-48b3-b9e0-bba7d5961296,4557ea27-82a8-490b-be3a-6c4948fe569f,b304c9ad-88f3-49d1-88f3-9d3e2644ceb2,True
c2a88be7-1ed6-49d0-9992-6af76011eb7e,Chirurgisch,4c60a010-82c9-4375-86e8-ef4bb22880e2,4557ea27-82a8-490b-be3a-6c4948fe569f,c7039d02-9d84-4d06-bb88-24987c21ce85,True
3860065a-318d-4680-a565-a80d3404269e,Derm,adb24a45-cbb4-4ce0-833c-da06f0bebc91,430a4e6a-de7a-4836-819e-ac4957ae34c8,f05d98af-cba6-4cf0-9c73-25e5ff8fad10,True
7eb50cb9-9103-4f1c-9482-00c3b6674903,Midwifery,8912c0b2-12db-4c1d-8f67-5cb5fdedd9e5,430a4e6a-de7a-4836-819e-ac4957ae34c8,8911ee29-1a4d-47b4-9126-ca2ef7c45af4,
407f00be-50e1-450c-a24e-a4695a84fae2,MSK,d5853666-3d17-4818-aac8-c6195e4da23c,430a4e6a-de7a-4836-819e-ac4957ae34c8,aa9f4f2b-dd43-48c3-9ce2-c70fa545264e,True
e7fc8332-e113-4eba-ace0-d3e865810219,Rad,81ed39e7-5dd3-4540-99f9-7a0303fc682d,430a4e6a-de7a-4836-819e-ac4957ae34c8,8e70e994-2f18-41cc-977b-d998b504424c,True
5eba2416-457f-444f-a440-51ee6a37e5a6,Speech Path,e18d7562-f545-4d80-bf33-f9ce5e3f686f,430a4e6a-de7a-4836-819e-ac4957ae34c8,bc725e70-b73c-4372-8c43-3de8d4b16c7f,True
9128fce9-bc81-4d55-829f-1fc24628605f,Foot & Ankle Center,483dfcc9-5f83-4cd2-924f-15b9b8b082cd,430a4e6a-de7a-4836-819e-ac4957ae34c8,46e9a86c-655a-4fe9-9088-d3c03d30324c,True
643ebb81-57b4-437b-a9c9-2f8f514005e2,Heart Center,52db76b9-4401-44fd-8043-aca89d7d3e57,579c032c-3241-417e-b820-2bc4e4ac937d,5768ffff-5e5e-4e14-90ef-253dde9c5dce,True
0a7de1d0-5042-41f3-ad8b-d29492ba6766,Lung & Breathing Center,c1a66890-59f3-4613-9b27-a6deea5b52e7,579c032c-3241-417e-b820-2bc4e4ac937d,4371da9f-449f-4cbd-b56c-d90900687a25,True
5afd6712-2be7-4e7d-b810-062b68cdbd20,Heart Center,1c4a0c30-c4f3-4c21-bec0-449ad36ad425,579c032c-3241-417e-b820-2bc4e4ac937d,6bc49dd9-dede-40a9-8832-750b1e8c5a3a,True
73b3c8d2-a825-4ed7-aa65-930ca6f85dd7,Optomeetriline,b28eb88b-abae-4c4d-b13d-3e42ac77af0e,579c032c-3241-417e-b820-2bc4e4ac937d,c5573cb2-521b-464b-83ba-160eec3e0743,True
c189b411-b819-4bd4-b71c-cb5a856370b2,Onkoloogiline,107932d6-0ae8-4aae-8f62-ac4583e2bfc5,579c032c-3241-417e-b820-2bc4e4ac937d,e7ba1898-efe2-4ecc-a846-74da753e3e76,True
44a13154-0d07-4a7c-a343-19edf72173e2,Peds,30480cb7-9290-420e-8d41-7a1e2c74bd43,579c032c-3241-417e-b820-2bc4e4ac937d,e3fc800a-3db0-461e-8560-e946c8474965,True
3ef8595d-33fa-4ffc-a7bb-9770584a9723,Anesteesia,b8fc4396-0414-48fd-9368-7a6fc3397fff,579c032c-3241-417e-b820-2bc4e4ac937d,bbf01096-ec12-41b4-b910-7711d26ba6de,True
810ef673-777d-4b5e-a641-09bd02d3db67,Uro,e7b01b32-47a6-4044-8fc9-1a6e878aa27a,579c032c-3241-417e-b820-2bc4e4ac937d,0cc3e748-ad26-495a-92c2-983191bfd615,True
7cee620f-fa5e-48cc-afa3-1d397ba13a66,ER,ba3fddc5-4004-4d71-a970-1cb8bedbcb45,028dae09-7c29-49ac-bcd9-95ad9d76d09a,bf5f798b-b3ac-4f69-b0a9-b385993b30ef,True
1e36cfb4-fae7-4171-a0e1-ae5bc90a2cd4,Community Care Services,8d34ee63-26ab-41f0-8b8c-930ea41f6a9b,028dae09-7c29-49ac-bcd9-95ad9d76d09a,ae89522d-51e5-4930-b856-8c5a92801d93,True
8c7f5c95-cd59-477d-9624-ef64dbf3b619,Psychiatric,cea49f83-e721-4917-b57a-5282ff4f7ac3,028dae09-7c29-49ac-bcd9-95ad9d76d09a,f45c8fa5-f917-4946-ae71-a43162140561,
ac695d7d-b314-43bc-8b16-2b5596d3fbdf,Elderly Care Services,0e00924f-af76-4eb4-9f6a-85105d01f9f9,028dae09-7c29-49ac-bcd9-95ad9d76d09a,6e22c4cf-462b-4b2c-b2ec-79e931bc1294,True
c3e35f5b-7711-4d02-8958-fe241b24d882,Blood Disorders Clinic,6bfc47cc-5b9e-4065-af69-e16b2fe79966,028dae09-7c29-49ac-bcd9-95ad9d76d09a,a6ba2d9f-c15d-45d9-b4ef-6f3d2328b491,True
2e4f8b48-6bda-452d-8628-4da3c1ebad4d,Plastic Surgery,438dd589-96a2-4388-a4ab-68e367dedc38,028dae09-7c29-49ac-bcd9-95ad9d76d09a,995fea40-2198-48a4-97b9-6391b34bd6b5,
f4f958fb-4a7c-4116-91ab-ee38d1199afb,Otolaryngologisch,df874251-4e56-4fb5-81ad-2ec09a09c41e,028dae09-7c29-49ac-bcd9-95ad9d76d09a,141bc517-1f7b-4876-ab5c-14d198afa51d,True
8fee2fdc-a3e4-4259-b85e-dad902897ac1,Dental Services,4705f6c7-84dd-44af-b09a-ac68d49ad2aa,028dae09-7c29-49ac-bcd9-95ad9d76d09a,2d153670-8519-4d56-b9c6-4591c3610b1e,True
a1dfa2e8-0277-4730-8413-3dd99d728dac,Primaire zorg,2c37a618-738f-4352-abe0-e2df4ac811b9,028dae09-7c29-49ac-bcd9-95ad9d76d09a,da640733-f4ca-467e-8bdd-d3119a7be128,True
d667724d-5052-468c-8d5d-ba14aac64a21,Long-,0d6e74a8-bc76-4d1c-82d5-e8d1107fc4a8,028dae09-7c29-49ac-bcd9-95ad9d76d09a,df447ad0-aa90-41ea-baa4-4e5656986b69,True
82368f06-ee86-4bca-a6d4-2ac514d9368b,Clinical Laboratory,23b21483-1e54-4dc8-b71b-0a2c92692934,330f82e2-01b2-4aa4-b07b-579cdcc1820c,7b306db3-4665-414e-8d99-7dd50cb69958,True
747b7a67-ba18-4f31-800f-29ff7d02500f,Toxicologic,63c3f75b-132c-46ba-9206-a8eea496bbd1,330f82e2-01b2-4aa4-b07b-579cdcc1820c,47a97204-e10b-40bb-847b-df6d1ad5a364,
14bc5094-84ff-4281-874b-32c524c39319,Laboratory Science,27db07c4-0f7b-48db-a401-2cd5fdbb2b6b,330f82e2-01b2-4aa4-b07b-579cdcc1820c,00a396f4-7f46-42c8-8728-278b074cacb1,
2910d9fd-b7a8-41e8-88a5-59e21c715e85,PsÃ¼hhiaatriline,a761af97-4ed8-4229-bf15-26d6625e5da2,330f82e2-01b2-4aa4-b07b-579cdcc1820c,82d9f42c-a419-4a9c-8d29-f94b070c03d6,True
0a3c74dd-6a5b-4afd-b51e-860c102ccdc3,Family Medicine,1efb75ff-1f74-46af-afdb-dc063c04ec36,330f82e2-01b2-4aa4-b07b-579cdcc1820c,3288ceef-ee7c-440f-90e2-ce5de5a6a0c2,True
dda0862b-008b-437e-8551-295f190eacc5,Kardiovaskulaarne,75871006-581f-472a-aa1e-fd0fe822166b,330f82e2-01b2-4aa4-b07b-579cdcc1820c,a1d7c424-d61f-47af-8461-93edf3648bc9,True
8062f07b-acf4-4230-9092-17ba5f564258,Diet Nutrition,56fb62cc-434a-4aa0-aa14-a6e838b2ec4b,330f82e2-01b2-4aa4-b07b-579cdcc1820c,bc3a6da3-9933-46fc-85a2-1ba1fea7503e,
0866823c-f093-4286-bb55-2066ad4cf20f,Gastro -enterologisch,1f063e03-0cc0-4262-a0bb-1b01310b6f19,1741d071-600e-48e6-9080-0e1aa6728c35,f2756e37-f880-44a6-a634-93890857f99a,True
518013bb-346b-4c78-8edd-5b6240800caa,Dental,f316f785-e828-4b03-a2b1-6c81ee5b8afc,1741d071-600e-48e6-9080-0e1aa6728c35,2d205e47-d4a1-4604-a032-8fbe83f2bec9,True
62984ebd-1541-4af2-ba67-93d06f6026ba,Emergency Services,f3eb2706-437d-476a-8855-8f290fb1aee0,1741d071-600e-48e6-9080-0e1aa6728c35,239656e1-d92c-483d-b05f-38b7b57c6774,True
f0962d1a-3dde-44ad-8aec-f952d8826f3b,Obstetric,e93b7df8-cd17-4824-9335-494b0471fb37,1741d071-600e-48e6-9080-0e1aa6728c35,6e8f2b06-cd5b-4443-b9a9-3ae94bc84985,
067e7696-fc07-4dfa-aa14-9227af127feb,Resp,fdb76144-e64f-4025-871d-df6b95c840d6,1741d071-600e-48e6-9080-0e1aa6728c35,473ac79a-cbed-4b45-93b8-c9d7d7ac7609,True
0096cc12-d7c9-44b0-ad46-898ab370fe46,Endo,558d9501-9a81-4754-a662-d30c7be426e4,1741d071-600e-48e6-9080-0e1aa6728c35,e9b62157-7af2-4002-8a53-13e2ac58833a,True
59ec32cb-5182-45ea-b807-c42332631250,Musculoskeletal,752140d8-ba08-42d1-9eff-2f0235f6a924,1741d071-600e-48e6-9080-0e1aa6728c35,3ace0ef4-8442-465c-be12-8f3d5d2c3631,
aabc5ae2-4187-4da3-9500-64ea56d4f93a,Emergency,4a93d92b-fd15-4dc6-b0a4-a5df7d9e0ddb,1741d071-600e-48e6-9080-0e1aa6728c35,f28c14ae-ced6-4a2e-b5f1-2df85ea375d0,
3618428f-0063-47c9-86d6-735f4486741e,Neurologisch,4e4f8e0e-df51-4b08-965a-c78b75878a49,1741d071-600e-48e6-9080-0e1aa6728c35,442b6ef4-bd34-4219-81c1-171e0125e467,True
567d4e3b-b190-46e4-871b-7fe8667cf528,Rheum,3d314c23-d464-4cd3-92f7-85e1b4f6992a,1741d071-600e-48e6-9080-0e1aa6728c35,f2d2f39f-a1d3-4a77-9816-fcbafb99f1f8,True
e89735dc-e29e-43e8-a2c5-c71493d625fc,Tandheelkunde,0c52b62a-f089-476d-8196-023c4f2e9700,8dea7f1a-48d8-493e-9a3e-2ff000e1e596,e3d2b6ec-d6e8-44fd-bf32-14583670bb7c,True
df50fabc-7dd5-4fbb-a048-bd61ff8d9b73,Community Health,2235577b-3988-4b1b-a0e2-052a758571c9,8dea7f1a-48d8-493e-9a3e-2ff000e1e596,6882a5bc-3bd4-40eb-8fe1-32e7e6b35a6d,
69cdb761-4fac-4a65-9fca-a744e82e704c,Dental Services,83653fed-78c6-4706-aadc-cec42c763185,8dea7f1a-48d8-493e-9a3e-2ff000e1e596,f09e2fd8-19a6-4a14-90bf-9066dcf3d418,True
97ba39bb-263d-44e3-8e07-b09bb69e8356,Digestive Health Center,1f528ea6-aef3-4c17-a6d7-73bf426b8fc6,8dea7f1a-48d8-493e-9a3e-2ff000e1e596,488e5792-11d1-4e32-b2c7-cd148392dccb,True
d0e5a350-6e03-4a4d-9bc2-90e4ab59e247,Dental Services,3d88c12a-c850-4979-87b2-8d3628027217,8dea7f1a-48d8-493e-9a3e-2ff000e1e596,a67672ce-368c-491a-b3c5-6c3bd4a3c100,True
b0fd6932-e873-466c-bec6-67568578cbbb,Gemeenschapsgezondheid,840c1b2b-7747-499f-81dc-d91cdaa75ffa,8dea7f1a-48d8-493e-9a3e-2ff000e1e596,dcdca078-002b-43ea-b61d-d8ee24f7bd9a,True
46b38b9e-acf9-4920-b1ed-fcdd23e999db,Infection Control & Prevention,4e79b44f-5129-4c71-ad62-55b8aa74a2ed,8dea7f1a-48d8-493e-9a3e-2ff000e1e596,86121d09-1f46-4fbc-9259-bbb566221672,True
441e6711-e5a2-43a4-9291-0229676e3c4c,Oncologisch,3df9c0f8-f545-4202-bf4c-9287ab0369fc,8dea7f1a-48d8-493e-9a3e-2ff000e1e596,b5d3f81e-3a91-4206-9987-cc1ea85d6867,True
2a1a21cb-3668-40b7-afe0-1b826520834a,GI,70a8f09d-a0e6-4d05-b614-54c2220bbfd8,8dea7f1a-48d8-493e-9a3e-2ff000e1e596,238daf4d-e121-417f-8332-80bec4f7d5e8,True
5c59e68f-90e3-4bb4-aed1-a70bdccc2f50,Hormone & Metabolism Center,293beede-e61c-4abd-ba6d-5d8c9e3aecda,8dea7f1a-48d8-493e-9a3e-2ff000e1e596,7576d33d-e783-4832-92e3-fe0c108a8721,True
5db6b060-b73d-46c1-ae7c-7dc7d28c5806,Neuro,fd00ae24-961f-4e76-9728-94657e28242e,d3d6e5ec-c6cc-4975-83d5-ab2439efd2c0,00c6d39d-46d4-4c9e-910a-e8840f1445b8,True
eadda253-e679-4415-abe2-f9909f3f329a,Dentistry,306c144e-a822-4e9d-9f14-a2efb6f2c229,d3d6e5ec-c6cc-4975-83d5-ab2439efd2c0,40d66047-d49f-4e30-9d89-3b8ab8ebfa91,
f69a76f2-ea65-43ed-970f-6bc308ead1d9,Physiotherapy,329f4578-45f0-4347-8efe-a18ba3662306,d3d6e5ec-c6cc-4975-83d5-ab2439efd2c0,34390ed5-1961-480c-856c-27d4952881e7,
dd6642c7-85ba-414c-92a5-1df319ede9a2,PCP,02eda232-8019-48ed-a3c3-a07d0e4418cf,d3d6e5ec-c6cc-4975-83d5-ab2439efd2c0,316ea0ff-bf92-4e02-b6f7-dd1331d4978e,True
72266af7-4c9f-4d1f-89c1-62c917385f83,Kirurgiline,fd4baf43-0fdf-4f7e-9dd6-8e7940b0fcbf,d3d6e5ec-c6cc-4975-83d5-ab2439efd2c0,bf1ecbf5-58ba-4361-b5ca-3f906e2edd80,True
1fa03cc0-217b-4cfb-bfcb-9423d13b719f,PsÃ¼hhiaatriline,01dbfeed-2162-4d14-a725-d027f440c593,d3d6e5ec-c6cc-4975-83d5-ab2439efd2c0,17ad0080-b552-4a7d-9c6d-ea018a5f168d,True
0de23326-c3d1-4fb6-86a6-be3be3923961,Kirurgiline,d6d8bfb1-816d-43f8-b159-32b44d713f33,d3d6e5ec-c6cc-4975-83d5-ab2439efd2c0,0538770f-441f-422c-9327-c1f6511a56bc,True
9c5b9491-6cf3-4555-a9e0-5065adf28726,Hormone & Metabolism Center,7409960f-9e41-4280-bbd9-37e58b5725ff,d3d6e5ec-c6cc-4975-83d5-ab2439efd2c0,62d9bfc6-3140-466e-b6a4-dedfa8b81d4b,True
f8abf169-d1b3-409b-87f5-75575ff3209b,Digestive Health Center,f1262caa-afef-4e48-b71f-2759b4251b8c,8f86bddb-f827-44b0-a1ef-502067aad070,fd63da14-579f-4804-879e-df5592435eb6,True
fca435cd-3d1b-42b5-a1fd-e66ba9956e28,Gynecologic,45b08be9-7b81-4a90-a0bb-d0dbe555a52a,8f86bddb-f827-44b0-a1ef-502067aad070,6ff7aa2c-7534-4a34-8fd8-fe648606d028,
aca87285-5f4e-446a-befc-5652b136bcfc,Uro,8bb12cad-ac59-413c-81a5-cf62712834a6,8f86bddb-f827-44b0-a1ef-502067aad070,99264a99-ae58-4189-9e5c-b94d6a490456,True
71d12f79-9c09-4d21-a2dc-72476c1285c1,Infection Control & Prevention,1b3fe1a1-580b-46bb-83ef-c5b9259aaa2c,8f86bddb-f827-44b0-a1ef-502067aad070,a782676e-b101-4740-8b66-6bfb3dc4dfe8,True
b12f64e2-cd4d-4269-84e2-d5bc2868cda8,Maternity Care,457d0961-834c-4041-87d0-3a29724dc814,8f86bddb-f827-44b0-a1ef-502067aad070,3753cd7f-9120-41f3-bfa4-d73d05c8ffe4,True
c654c338-2c83-4c45-99f8-719ff3051430,Gynaecologisch,4d26b25b-af9c-47cd-b643-4367d3e3233d,8f86bddb-f827-44b0-a1ef-502067aad070,ae9aeac6-5fff-460c-ab96-f9749634eed5,True
c63fae97-97a5-4110-8ae4-4b4042efe72c,Midwifery,d64c0834-14f1-4b5e-94e3-96bc1b358624,8f86bddb-f827-44b0-a1ef-502067aad070,03b31520-b03d-4732-aab7-1549e167f953,
2ccb9f51-47db-45b7-8708-45a303c2e23c,Arthritis & Rheumatism Center,537c84aa-2b96-413e-993e-9851e367eacb,1aa2305f-3955-4982-abba-baecc8db79b6,eff8fdda-e95f-4d3a-bb0e-897d4a38fad3,True
77d59679-975b-478f-ad96-192c0e3ea6d6,Comm Health,a172dd86-bb99-4b4d-b2a6-a3294b4cace4,1aa2305f-3955-4982-abba-baecc8db79b6,238192c4-6644-46a0-8203-2f469a92bc73,True
549d6229-394d-48dd-b5b4-e87e44f70010,Diagnostic Pathology,9f0a0a46-d917-4bef-bdac-a3bd56311286,1aa2305f-3955-4982-abba-baecc8db79b6,576fc9c0-9ba2-4073-a252-01ebce0e557c,True
4b4e3de6-aeae-404f-8845-a68783e08a9a,Psychiatric,6dc5b47e-8ca2-460e-89a8-e9f5522e5def,1aa2305f-3955-4982-abba-baecc8db79b6,941b3242-c040-4db2-9aa7-e6fb887a5525,
a360d015-4069-4da6-aff9-fbd20e35649b,GI,3b1a4c3a-e246-4c6c-a4d5-457ad0a5e4bf,1aa2305f-3955-4982-abba-baecc8db79b6,e2e29714-4cf7-4f75-83c9-aa3d67357004,True
bd405cb6-d77c-4ca7-bf86-1dee66017006,Plastics,56ef7004-1b6e-455c-8b58-9e1765ea32df,1aa2305f-3955-4982-abba-baecc8db79b6,0eab6295-51bd-4c41-8459-6621487bd69e,True
d36ded46-ceb3-463c-8b1e-985e241825f4,Family Medicine,f87dd595-5378-4b2e-a840-a669b772846f,1aa2305f-3955-4982-abba-baecc8db79b6,bb31006a-f65f-488c-b204-25bb14c19e9e,True
6f11058e-414b-4eb9-92c9-ab6caafc4844,Speech & Language Therapy,8001b0a6-507e-425d-9dbe-c4b1143ec656,1aa2305f-3955-4982-abba-baecc8db79b6,89866631-c62b-4446-81be-a9d2041e0f46,True
ff7e19c3-7929-4840-9542-20cd9e6207a4,Pulm,400aedff-7387-4352-a1e0-47207b356c1f,1aa2305f-3955-4982-abba-baecc8db79b6,55da819e-1414-490a-8b1c-46309e3fc209,True
dd7b2a32-d45c-45d1-b957-249781701f69,OB,422d25c8-c30e-4e57-b805-e292b667a2bf,1aa2305f-3955-4982-abba-baecc8db79b6,76570b90-87e0-41ad-9bf5-381f9b3443ac,True
85ef72d5-eac3-440e-a558-e1b4a1d61558,Skin Care Center,2e9c64b2-87a7-4e7a-a667-00581195d5aa,6859761b-d413-4025-a1ec-0e8f4a593a97,c3c80778-ed21-4317-bcc9-bd433511ed15,True
ac1a6fa8-7e9f-4f37-8e22-3c9600688124,Emergency Services,3b4f2370-3878-473f-b0f1-176741fdda40,6859761b-d413-4025-a1ec-0e8f4a593a97,e8259db1-cfd7-4959-b99d-7cbcafd46e82,True
827ec74b-e6b0-4218-afa1-f335ce3a7af6,Urologisch,c8fa66d5-4b76-4034-b946-e04f197f246b,6859761b-d413-4025-a1ec-0e8f4a593a97,dee06385-323a-4cbd-8cb5-44c43cbd0d46,True
25bb3a84-94bb-4fe8-b6b8-31c40549be11,Podiatric,4c8a2403-8c63-4215-989b-4268d8d94233,6859761b-d413-4025-a1ec-0e8f4a593a97,9ac54667-7210-484d-a574-27267f180eb0,
e113e15b-4f80-45fd-81bf-3119692687c9,Toxikologisch,3f501491-be00-441b-b95e-fdb7fdcb7de0,6859761b-d413-4025-a1ec-0e8f4a593a97,9966df8d-8468-4a18-8fbd-650f9920817f,True
f0aef7a4-f58b-4c8d-8699-eb3e38fb267a,Endokrin,f7614b4c-7820-49a6-90f9-33a1be4b022a,6859761b-d413-4025-a1ec-0e8f4a593a97,63e0127f-05c0-4eb5-9e6c-0ebe8fbdcab6,True
08c6132a-ed2e-4707-a33d-d6db369b6598,Community Health,c6c1f242-f88f-4689-9231-c2407dfb2a55,6859761b-d413-4025-a1ec-0e8f4a593a97,7781284b-d87f-40aa-bda4-8aa7258d1bf3,
19dcab79-975d-4585-a316-f385fa575849,Gen Med,c101a3c8-08bb-4fca-9058-e79027e28a86,6859761b-d413-4025-a1ec-0e8f4a593a97,fda3d587-65dc-42f6-b841-d249ec229895,True
ba7d8646-ced9-406a-adc1-719f29b3dd37,Poison Control Center,d33a6d07-7300-4305-86f4-c6076f2b0514,6859761b-d413-4025-a1ec-0e8f4a593a97,61767acc-914b-4c70-9af7-da285ee622d0,True
05ccb8d5-d173-4bfd-9778-7c63a9f85a66,Clinical Pharmacy,d9e871d2-e5a4-48e0-864c-8cb663c68701,6859761b-d413-4025-a1ec-0e8f4a593a97,bc2f5514-3cd9-4b92-a35a-c620b892e832,True
1a3101cd-103e-4e5e-8f63-bee0e4ba75e0,Speech Pathology,cde6158f-a1f5-4d7b-9163-c3155070852d,1d24e36d-825c-44d4-8ec4-6e4430b37cb4,dc9ae1c0-9b39-4180-b36d-73620f7f13fe,
7c20e266-36cc-43ae-b1d4-f7fb1d59ebe1,Nursing,efeb28eb-ecd1-4ed2-8335-4532d0effe57,1d24e36d-825c-44d4-8ec4-6e4430b37cb4,f06d630d-a84b-49be-9852-e9d9eb56f6ad,
47c5abb0-f439-4ffc-bd4f-54523c2d61cf,MSK,4a672641-f60c-464a-b7c4-20d90459d6c1,1d24e36d-825c-44d4-8ec4-6e4430b37cb4,bfc1d212-4d3a-4330-8b94-ec9023246f5a,True
67436118-4134-4979-8d37-72f75211c4d4,Tox,25abb4de-739f-4571-9008-ce159326a260,1d24e36d-825c-44d4-8ec4-6e4430b37cb4,76c3c531-47a6-4f17-a8b0-5f638b4b32e3,True
9076e829-7d7a-403c-a725-81340006e2c3,Dermatoloogia,ec2644bd-a06a-4c06-948c-c17270fbbcbe,1d24e36d-825c-44d4-8ec4-6e4430b37cb4,85e0d747-4b56-4671-b3cd-9b8481f7ebb4,True
b1fe859d-6ab2-42a4-8f82-134695505d2a,Kidney,eb397d0c-e6f4-407f-84da-f529f9c3cbb6,1d24e36d-825c-44d4-8ec4-6e4430b37cb4,9de48d0e-4668-49fe-9f7b-6755f696aff2,True
b7e85e47-9146-4e31-bf18-c4ee94d356e3,Surgical Services,eca38ed8-3eaa-4bf6-a549-b5683115cd6e,1d24e36d-825c-44d4-8ec4-6e4430b37cb4,d7a92bc3-322d-4811-bf31-c4be979d6e06,True
c9c99f8b-90f8-43a2-8725-4b931ad6a2d7,SÃ¼nnitusabi,b3afde2d-1c7d-4bdc-ac15-d8a19e65f63a,1d24e36d-825c-44d4-8ec4-6e4430b37cb4,fdae814b-9437-4c31-a1c8-01d754f96e41,True
157bbe56-481b-4dad-bc8f-3abd8d39df7d,Elderly Care Services,91375ad8-deb0-4d23-8ed5-0412b00b093f,1d24e36d-825c-44d4-8ec4-6e4430b37cb4,5ecce03f-e80d-4f12-992d-3f7dea8900c3,True
1e769ed5-f81b-4a4f-bbcc-68b6501f1f3c,Pathology,8dde3b16-f6be-42b9-9824-fefa7acf8334,c80f0395-0543-4e5e-8497-f55e5c0bbdc7,af4680d8-5b7c-4228-9b9d-51d63f23e38e,
ba18b7a1-319d-4293-bec8-5f1b86b96a76,Pediatric,39d8e920-234d-4a82-ae18-738c420ac364,c80f0395-0543-4e5e-8497-f55e5c0bbdc7,fea7fd11-e4f0-4004-8916-ff395092587d,
f9c6adbc-a4d1-43bf-b39c-85ef981485fd,Midwifery & Birth Center,57bf3357-31d9-4e31-9954-94740049d929,c80f0395-0543-4e5e-8497-f55e5c0bbdc7,aaa2fe08-e5e6-4a5f-8c4c-f19b49a12306,True
070f0177-8d08-4a83-bed2-1b4dcda649ee,Hematologic,c41bb163-6f66-4768-8792-dd2983c9d6a2,c80f0395-0543-4e5e-8497-f55e5c0bbdc7,c290ee5c-fb99-4c6f-b725-f3a93303a610,
1ed5fae2-ac8d-4cfd-9a83-cbd0d98a8011,Sprachpathologie,c4fa0bc2-8b18-4d38-b0ae-54dc7feff50f,c80f0395-0543-4e5e-8497-f55e5c0bbdc7,425d6b14-cdf1-4f2a-b5ca-678064390d6a,True
46609227-ade6-4762-bdf2-49de2247172e,Derm,f70032f1-e23c-49fd-bcaa-b4fb5fe2b1af,c80f0395-0543-4e5e-8497-f55e5c0bbdc7,f104fb86-7e8b-417c-9918-ac8a2d19a2c8,True
8c916254-08ec-4453-8d8a-5fb1d7bed38f,Infectious,648e841e-d83e-4913-bf28-42acbbd8d9f1,c80f0395-0543-4e5e-8497-f55e5c0bbdc7,706ced25-ff56-455d-8d01-0e0885e7c72e,
41aab45d-b7b7-43d4-b680-222db6e7e00b,PCP,9e583b13-e7bb-4dd0-aa7d-c64d23b5aea2,23ae8a10-31f3-4834-9055-4f745557b546,44062c4a-593f-4ed8-a66a-302f87d55f8d,True
91070a10-1fb4-49b8-a7bb-68822235ef6a,PT,43ff9f49-c9d5-44a0-af3a-a31452a82033,23ae8a10-31f3-4834-9055-4f745557b546,a7b03255-514a-4c88-a513-5c8b7fbe70f2,True
59fa3b06-ef2c-47cf-acf4-a38cb408a57e,Hema,b6ac8c69-ac9d-48ac-83f0-1415f2dbd446,23ae8a10-31f3-4834-9055-4f745557b546,401980c0-0120-4e3c-a779-31570567df72,True
deb4f56c-6330-42fa-88ec-000242470e7b,Optometric,a4acca30-860e-4a3d-9516-6932316cb00e,23ae8a10-31f3-4834-9055-4f745557b546,317818f3-75a6-4792-8374-8d2edde6cfcf,
1ab3691b-48da-41d4-b948-6d750cafb2e7,Resp,68b750c4-a630-4606-aee2-423341de400c,23ae8a10-31f3-4834-9055-4f745557b546,d207295e-b345-4eed-8f04-251a54c614a8,True
6544c8a0-2403-42c0-80e7-827f1acb70fe,Gynecologic,d3610842-c847-4d56-8db6-a01f2b1d3629,d49236da-62a4-4ef1-a261-9f77ffefb249,317e3b83-ecdf-4d0f-b4a7-dfb3b3e2ffa6,
e8a70359-6294-4864-a359-16c1cb9a2aab,Heart Center,d80e0dc3-5df8-4e9a-8aaf-47671bb1420a,d49236da-62a4-4ef1-a261-9f77ffefb249,0ec426c8-cee9-4606-ba07-c4c64a5c52e7,True
72922797-efeb-4d3e-8fc3-5823837fc2d1,Rheumatologic,4e480ff1-cffd-40be-a4f7-38ae3affc14b,d49236da-62a4-4ef1-a261-9f77ffefb249,d894c98c-793d-482f-98a6-53e56ecdeccd,
4256fced-362d-41ea-ad25-2410d6722a6f,Gen Med,73e8a344-4cf6-41ed-b783-45cec68d120d,d49236da-62a4-4ef1-a261-9f77ffefb249,98aed17c-e9b3-4776-b028-5981fb9d8e91,True
c35503bc-fe67-4dc9-948f-d470f8da4c93,ErnÃ¤hrung der ErnÃ¤hrung,63f86d6f-3224-4949-8011-cac80cee5ac6,d49236da-62a4-4ef1-a261-9f77ffefb249,dab92c16-e7ed-4dfd-94fc-812d2988af32,True
96265762-35a7-437f-83e4-771738e55ff1,Lab,031f2e78-2603-4ce5-800e-2f73a3d38f38,8bafdfe3-f438-472c-a454-7de0ac1a89f6,7a076bed-60bc-4a39-8ff6-1865d5bc546e,True
bc961f4c-f0b2-494c-9f52-aaa6b9313ec9,Pathologie,61c9d2bf-77c8-46fd-8cf0-11c26357c151,8bafdfe3-f438-472c-a454-7de0ac1a89f6,ed2a1ff9-fc2a-40c8-8b2e-cda4aa77a0ca,True
bcd00dfb-cb11-4b4b-889e-31fe3caadad6,Tandheelkunde,82183e60-c0d6-45f6-ab18-1af26867684c,8bafdfe3-f438-472c-a454-7de0ac1a89f6,bef0ac37-f54d-4f95-bdae-90ac2b7235f3,True
f3bfb708-3995-4b8d-ace5-fa2d57361d3c,Infectious,bb1ac196-07f7-4606-b1db-9b56501a5a04,8bafdfe3-f438-472c-a454-7de0ac1a89f6,9d2076af-a198-4a10-9d68-c65aa9bbc72c,
0b2ad4e7-5647-4462-84cf-0a2edff82d20,Family Medicine,797951a7-b7fd-4d7b-b40a-aa410824da8c,8bafdfe3-f438-472c-a454-7de0ac1a89f6,8dce8d12-3f66-4da5-b63e-a0a7a3a202d1,True
80f32d55-f00c-4a49-bc77-64bb6a2802f7,Laboratory Science,27be12c3-2763-4740-809d-fc6e145456c7,8bafdfe3-f438-472c-a454-7de0ac1a89f6,062c8e34-ff98-4d3b-95d6-8120bfe6142e,
69744316-e061-4258-bd22-555f8b2e1ce6,Lung & Breathing Center,595a5d47-75a8-4277-96f0-98df495dcc1e,8bafdfe3-f438-472c-a454-7de0ac1a89f6,743684e2-41c5-4694-a578-c8e3bd17ffef,True
09012c4e-61df-4143-98a8-dfe2e4350160,Community Care Services,dd81ca12-7787-4c8c-b148-5f837842dfc5,b0354ab7-c8bb-4f77-8573-e8875f471320,4e7484ff-3c63-40b3-87d3-5e774eef3b5d,True
2714d4b6-010f-41b1-9527-c0b2b23c3ddb,Blood Disorders Clinic,1307c02e-530b-4814-bd4f-d29e393ab39d,b0354ab7-c8bb-4f77-8573-e8875f471320,cb91684e-cac4-4fcf-99ff-1b3b685a7fbb,True
3c3ea861-ab22-4a04-b92c-6322f2180eea,Clinical Laboratory,ae951e28-7956-4f5c-a8d1-c59f1e608068,b0354ab7-c8bb-4f77-8573-e8875f471320,b0dffad6-dd46-419c-9fac-d1746ffcad44,True
592c795f-e89a-48c0-82f5-67a400d32608,Infection Control & Prevention,d4026be2-3ab7-4eed-b0a9-d161097c4fb6,b0354ab7-c8bb-4f77-8573-e8875f471320,f5728e5d-9ed6-413a-9b37-b0d48b234762,True
8d85edfb-fc36-4a15-825c-d12dfcf09e58,Diagnostic Pathology,d87f4431-a977-4105-9daf-1c74bab74ac0,b0354ab7-c8bb-4f77-8573-e8875f471320,52ddba8b-0394-43e5-b03d-c4ebde9c4c92,True
ac66160b-1c58-4221-b1e7-9d7ea658e62f,Community Health,11dac7c9-a428-4f45-9d65-8958dae10751,b0354ab7-c8bb-4f77-8573-e8875f471320,85b1238b-89f5-4e19-a579-b2f5e560a160,
4fff33be-bcae-4124-abe9-8accb7721477,Digestive Health Center,50d15e60-be36-4473-93c4-d68c618fbeda,b0354ab7-c8bb-4f77-8573-e8875f471320,6039ce22-0c9d-4ad6-a4b3-0682248c1cae,True
2f9b2832-ce31-4898-8aa1-dd5a26579e93,Pediatric,50191a6a-b02f-460b-8d7e-67ddc9db6405,b0354ab7-c8bb-4f77-8573-e8875f471320,c6191df3-e12b-47d1-b715-5243e9227fed,
801a2adf-16ec-4682-b6d8-771a64954bd4,Bone & Joint Center,335cdf5d-7d47-4563-9d0b-b28958f359ef,b0354ab7-c8bb-4f77-8573-e8875f471320,08ea7e45-c847-43ae-a04e-9804f3f11585,True
c5a828aa-3feb-42df-8898-13dfa7d4da62,Optometrisch,1e726263-585f-491b-aeb6-192e5a012b5e,b0354ab7-c8bb-4f77-8573-e8875f471320,b84c396a-1bbf-41da-8409-6516037c841b,True
1785c8c3-1567-4021-aae2-595f48829726,Anesthesiology Department,93cb826b-626e-4670-ac12-5f9ec2072d6e,e8278985-1465-486f-ae1d-28aa3f0f7d6c,19f3372f-42af-4ade-961f-42482b900795,True
d887952c-1fd9-44f9-841d-bcc7fb98ebc0,Uro,2a4912bf-cc83-41c7-8da1-d25523db0485,e8278985-1465-486f-ae1d-28aa3f0f7d6c,d0a41046-654d-4079-8420-212e1cab65eb,True
03ccacae-e100-4fb4-8cdb-622e3f746d9e,Skin Care Center,0953540c-71bc-4967-a926-1e5f4b8fd8aa,e8278985-1465-486f-ae1d-28aa3f0f7d6c,eba1c7ac-ac90-4041-934d-1a965e1e48ce,True
0f8ea273-1898-42e3-b147-e3ab42f558d2,PCP,f3ce7a06-a6b7-4f5c-bd35-741e1fde998d,e8278985-1465-486f-ae1d-28aa3f0f7d6c,29217fa2-ede3-4a6d-9911-ce4298f0f819,True
5e58f383-39ad-484b-a170-5c8afec84984,Comm Health,596ebaf8-5e61-4237-ba09-4750b7fd152f,e8278985-1465-486f-ae1d-28aa3f0f7d6c,be1a765e-e1de-409c-b34f-f34fda6d2b4c,True
274c5722-90ba-464f-bbe3-516226062cc7,Lungen,76333916-cf0f-4728-9f9d-f1a63ce9df0a,e8278985-1465-486f-ae1d-28aa3f0f7d6c,68d3e83d-9f2c-4714-ba63-20797f99d8d3,True
d019733d-5967-4ce2-8374-36ebeae73222,Endokrin,efb82676-ac27-4dde-8255-ce364584f801,e8278985-1465-486f-ae1d-28aa3f0f7d6c,977055d5-1c77-46ed-b761-9d316ceeafdb,True
a5352bd4-705c-4ae4-abd5-84e1ca7c9c5f,Anesth Dept,275f9123-79be-48b5-bdf5-cf3fb4b4fced,2f05976a-f7db-4734-845e-98b195b7c83b,eac140b5-1019-4f96-928b-130364af8cd3,True
2677f310-de21-4f5e-92cd-8a31ccc2780c,Population Health Center,29846c39-c250-4d01-b9a5-8129b5f1fa44,2f05976a-f7db-4734-845e-98b195b7c83b,478fc921-d6db-4730-8561-d9f9855b08c5,True
df20f7ac-9d6b-493d-8b97-f1caa51cbae4,Arthritis & Rheumatism Center,6424f973-be3b-4c32-9075-00a10d6e272e,2f05976a-f7db-4734-845e-98b195b7c83b,7e0d9706-5b6b-4ac7-8f3b-77935a0e09c9,True
e041e3e8-4a3e-4f63-8e61-c83d576264c3,Reumatoloogiline,f74c0a99-305a-41c1-bbc4-e68423f1de9c,2f05976a-f7db-4734-845e-98b195b7c83b,c03d110a-cee6-4527-a5b0-6c588b6bf26d,True
9bb317b0-df69-497b-88a2-8139e47a56ae,PsÃ¼hhiaatriline,68831f92-1929-4987-8542-c95ca28ec601,2f05976a-f7db-4734-845e-98b195b7c83b,4af2fb91-10ac-4f5a-b0eb-d8166ce0ad95,True
899690a8-50a0-4ad5-bcfb-4d5c1090c1f0,Arthritis & Rheumatism Center,52830c53-fdc1-4314-bae5-b58235546f1d,2f05976a-f7db-4734-845e-98b195b7c83b,e2fc6487-1a13-43ca-ae93-8c0ed3dc0b57,True
9062d15e-6c8d-4047-9cb6-ae9c9657c3fa,Surg,dc62e1d4-d762-4c84-b7c8-14b56e5ac25c,2f05976a-f7db-4734-845e-98b195b7c83b,82e0ec7f-9bd6-4258-bf46-fd428f68a122,True
0a4c232e-af4d-49b9-9f97-f0470e3da761,Blood Disorders Clinic,aecc7a32-daf1-4a70-9e9a-625f3097399a,2f05976a-f7db-4734-845e-98b195b7c83b,3fd4a8a0-73bd-4f2e-91e0-904f85410473,True
34ed8fbe-bdaf-4e5c-a445-06dea67e85c2,Opt,e4b0e038-8aee-4edb-b7e7-f71d0de6bad2,7a439a39-8c54-4f39-a06e-f2756cd6c101,e02a9b77-929a-4798-b0ec-24966f222ad6,True
7d3f574e-8f0d-4b47-8dce-e107a2902c8d,Neurologisch,74be6615-55bc-4250-b841-67b53bb063f3,7a439a39-8c54-4f39-a06e-f2756cd6c101,456e41f3-6726-404c-95f9-806c0a9cdaf7,True
a48e3af1-71eb-4537-a40f-6cf7eafd8641,Pediatric,9c295105-75f6-4dea-9dfc-d943d4dc24a6,7a439a39-8c54-4f39-a06e-f2756cd6c101,226cc7b8-93d4-4d22-b156-4941cd567d4c,
164e7e7a-7399-48b0-bbc3-c3c81dc21af1,Endocrine,f292828d-2494-462c-80dc-d65990c15c52,7a439a39-8c54-4f39-a06e-f2756cd6c101,4f94a85d-7b21-47e5-9877-2113299a3972,
fda6fd3f-0cd5-4297-af20-356acbad4d49,Diagnostic Pathology,aaa01a23-5179-4347-aff8-4f693cc06e0c,7a439a39-8c54-4f39-a06e-f2756cd6c101,5bca7765-50d2-4040-ad49-2906db05ec8d,True
9b885164-bbd5-4ce4-89f4-a0facea496de,Rad,b619fb73-51c6-4ca2-b764-7356f432f3b5,7a439a39-8c54-4f39-a06e-f2756cd6c101,2a536fef-4509-4b99-9e67-16a21a74aaf5,True
0f289132-2620-427c-ad0e-eb3423cd4dc8,Midwifery & Birth Center,38823674-6ede-40a4-9d62-cf37b86459c9,7a439a39-8c54-4f39-a06e-f2756cd6c101,c9b7c822-4cb6-48d9-a50d-6e1b484377b0,True
3ef7fa0b-867c-427d-b71c-bdf662cfdab3,Toxikologisch,95846422-3fee-4262-a629-5963e1ab869a,7a439a39-8c54-4f39-a06e-f2756cd6c101,44fca49b-b7b3-4828-ab0a-2f596eec1841,True
55e3fce4-3558-46a8-911d-52dd12f1e388,Derm,e64a0789-ed0f-4fbe-951b-cb91ec3db3ad,7a439a39-8c54-4f39-a06e-f2756cd6c101,1a56c9a9-ced5-4306-8183-5012e75d1428,True
f220e216-17c5-491e-b7f9-2ea5a3d608fb,PT,1f6e91d9-310f-493c-baef-1d1dedd4a90e,54f06410-351e-4040-a57d-b283f2724e7c,79eb2445-4e5a-45b6-94d8-fa63359121f5,True
8ad2fd0e-e09c-40d6-a5bb-166c41e5bfdc,Poison Control Center,64687437-93b9-442d-9ef7-97eb967e6dd8,54f06410-351e-4040-a57d-b283f2724e7c,aa0a29d4-4519-4e50-831c-2f57f7d7607c,True
c27803ab-4660-4dca-b45f-47ed8772c2e5,Geriatrisch,eff2699e-239c-444f-a2cc-b168bdf8b08b,54f06410-351e-4040-a57d-b283f2724e7c,0232c151-30cb-442b-a330-a6b6b038369a,True
e790b096-5faf-4e1d-96be-fa8941839df3,Elderly Care Services,79596ece-9734-42ac-bfe1-764060bdf0b5,54f06410-351e-4040-a57d-b283f2724e7c,bff2d4b0-b46f-48c4-b584-7a7bc0c822b5,True
ae9e8b26-1c37-4838-bf57-4e296b530e47,Dermatologie,c0288153-0ddb-45f5-abbb-5709d68a48c5,54f06410-351e-4040-a57d-b283f2724e7c,1e8dd6f2-abaf-425a-98cc-09be8368c4e5,True
ee3907c0-9599-414f-b83e-68b4cfece89c,Rheum,0cb270c3-118a-4c55-9eb7-5b16dc1e2cf4,54f06410-351e-4040-a57d-b283f2724e7c,a45c01a9-b515-4af4-ba19-2707ad9d43f4,True
eecc4b01-735f-44c6-b44c-289ca16982f6,Population Health Center,9f15d4ac-c706-41c3-b558-283b7219be63,54f06410-351e-4040-a57d-b283f2724e7c,2ca0bc5c-c30c-488c-a076-f8462424df1f,True
b129c99c-3979-409a-a620-c41c996bb380,Radiographie,c71e424e-c13b-4938-88c4-7d856e5378cf,54f06410-351e-4040-a57d-b283f2724e7c,0e62567a-668f-46e5-af44-dc5c9f13043e,True
489b6895-a8ab-468a-9dde-3a404b204c8b,Gastroenterologisch,0ed07365-d4f1-421d-881d-2ddcc6883017,6990ed24-7675-4902-97db-09868dfe161b,67a2ec2a-fea5-434d-88df-ff95f3eae24b,True
90c51150-48e5-4576-bd30-96f827b22922,Sprachpathologie,c9e23f32-4608-425e-9b0b-fac241367b2f,6990ed24-7675-4902-97db-09868dfe161b,6222dc87-a970-47ea-b44b-a3e8a455b8ac,True
93d9e5f3-3de4-40a9-a494-65bf6442f34c,Vision Care Center,2fea8fe2-3d4d-40cf-9110-62399e136e8d,6990ed24-7675-4902-97db-09868dfe161b,250d65d8-c042-4d67-a2fc-10ce2859872d,True
dbe62cc0-c894-470b-a071-609e30b49bbc,Atemtherapie,5a76b4b2-6886-4baa-b42e-fccb7c8cf144,6990ed24-7675-4902-97db-09868dfe161b,07579bca-cc2b-4a0b-9df2-f202fce852aa,True
7c2e2d70-c283-4e4f-9a6c-a4fcbc648084,Urologic,f72605aa-03e1-492c-a561-1726e0b730ee,6990ed24-7675-4902-97db-09868dfe161b,44594efd-c684-4beb-a055-1d8fb9fd2a01,
012f6564-66bd-492c-a33c-c52bb2501949,Opt,3e4db7db-c344-47d6-8f96-f1aeefc130ed,6990ed24-7675-4902-97db-09868dfe161b,bd297f86-4d84-41f3-88de-ce8435777f34,True
664347ed-a50b-4804-8b09-7f7d4711eb43,Podiatric,1e7c95ba-1572-46b9-ba61-5ad4577090d5,6990ed24-7675-4902-97db-09868dfe161b,668bb199-ed5f-4d3a-a69a-91cc70ef083f,
005ae8f7-7cce-4aa2-b5dd-836fd9852dfd,Medical Genetics Department,2b1d5d8e-c6b4-4aa8-8f38-46f27e92cf72,6990ed24-7675-4902-97db-09868dfe161b,499f96db-930b-49cf-8872-5f423d73f2a4,True
a7075fca-c71d-4434-b38e-a4bcadddcdcf,Anesth Dept,5079f66a-9925-4950-b151-28a7bd4234a7,6990ed24-7675-4902-97db-09868dfe161b,f4423457-c74d-4fca-9174-6ecb491577dd,True
8fd0dcc3-6a76-496e-8559-93db982f0451,Heart Center,e0525bc6-0c2e-40e3-897b-96a014793592,6990ed24-7675-4902-97db-09868dfe161b,89646d2f-028f-4f77-bc03-44ca1fa6abd8,True
0ad9063c-a265-420a-bd57-0477249ee90f,Long-,34b670ee-496e-46e3-abf2-52db3ad70737,3bb94f5f-335b-45a0-995f-8086d6d242a3,64828390-3b50-4511-9a1a-07edd774e2fd,True
e6e421db-36f5-4c56-9c71-c02138736e77,Otolaryngologisch,542de3db-69bd-4ee3-af22-199caf560352,3bb94f5f-335b-45a0-995f-8086d6d242a3,d88ddaee-ee5a-4fa8-9a4c-22ed245b7680,True
7cd858ae-1f5f-4309-a4d3-eb3b59fa75ab,Besmettelijk,7df55569-0538-4790-9ed6-0dc5706fcabd,3bb94f5f-335b-45a0-995f-8086d6d242a3,ec0c6a39-8534-414f-9990-e8cbf2832ae8,True
e0bb7011-1ef8-45c6-b77a-c73ef9ad2774,Population Health Center,fef4079a-8891-4e18-bbdb-b6e68437345c,3bb94f5f-335b-45a0-995f-8086d6d242a3,9dcee663-6d72-4ff2-a75f-404dbee7de26,True
68292d30-8c08-4bad-a15a-613bae3c4fcc,Elderly Care Services,c2dcf065-40e4-411d-be51-e399a3155502,3bb94f5f-335b-45a0-995f-8086d6d242a3,655dbdaa-06e9-4ed7-afd6-a0b84b7e88d4,True
203a9cab-ffd3-4711-8866-dfe0f71ce0ef,Geri,46696bc6-a771-473f-9e16-e8f8166b1c97,3bb94f5f-335b-45a0-995f-8086d6d242a3,d00e6884-6a4a-4cf1-a7db-54c0e03e610f,True
87a8afb7-8eaf-4442-b240-ed7b1dc9a96e,Laboratoriumwetenschap,8c5cc5a2-c9fc-4493-a341-daca44eb9550,3bb94f5f-335b-45a0-995f-8086d6d242a3,54042de1-f304-45b1-b3f1-76c3eb298737,True
0e1c31f3-6d16-4ca4-be0f-8090731537cb,Endocrijns,e8014f3b-5639-43c9-96b0-d27444d57604,3bb94f5f-335b-45a0-995f-8086d6d242a3,9a8bb8e6-359d-4bd3-85b8-730529035dac,True
a52689fa-0db2-4a92-973f-c26546b62f9c,Maternity Care,e967642a-59de-4ae5-b314-a5c5d1f03c05,3bb94f5f-335b-45a0-995f-8086d6d242a3,d2783fd1-404d-409b-8752-be356c1888a0,True
641280da-cfcb-4f24-af2a-936edaad4fe0,Maternity Care,6da08bb2-c17d-4586-87d5-ff8a8d4d3670,3bb94f5f-335b-45a0-995f-8086d6d242a3,3591c6bd-a297-47af-9574-76bf4918ac72,True
cf363a7b-f5df-4f99-af09-73eece577b6c,Geriatrisch,655cc1e5-dee1-4b12-901d-8a79bd9df691,2699c51b-e9c5-456a-ad3d-5293a09dc078,17481e6e-3d9b-40bf-9d49-364354358816,True
5c51689e-a5dd-4f2b-902c-d65b30915859,Optometrisch,df712e75-d0f2-45f1-aabf-68dab7e1182f,2699c51b-e9c5-456a-ad3d-5293a09dc078,112eb0ed-476a-4cd1-b417-4b713da0deef,True
478157f5-1c07-4149-ac38-43d2711ed3d9,Emergency,41039681-dad8-4a3d-96a1-c7ee38aaaae1,2699c51b-e9c5-456a-ad3d-5293a09dc078,8e7fdbba-d039-46b6-bacc-692ca4ab9bec,
f580ba34-9250-41e4-a809-b9ce61ad6fa2,Nutritional Services,2dc2185f-3ca9-45c0-bd0e-8c0194621f2b,2699c51b-e9c5-456a-ad3d-5293a09dc078,f97d705a-f418-4456-b1e8-6b44f70b2cee,True
af071008-3797-490d-863b-c805acfd5b4a,Radiography,32288cdf-8e6a-4916-bc46-548203a6d4e7,2699c51b-e9c5-456a-ad3d-5293a09dc078,84a30b1b-149e-457f-ae08-dda3faab6bcd,
4201fc08-9b54-4b06-8691-4c53c3c9d213,Otolaryngologisch,700d0054-e2fd-4c56-821d-0fd5902317e4,2699c51b-e9c5-456a-ad3d-5293a09dc078,635bc610-025f-49d2-b00d-ff6770fb839c,True
8d466fd7-cb05-489e-b84a-12cc3bd930af,Gastroenterologisch,f1d5a340-1730-4180-9220-570f08bad60d,2699c51b-e9c5-456a-ad3d-5293a09dc078,f6c7d5eb-7dfe-4ac5-8256-357c678e908e,True
44071f5f-9068-4f6a-b762-df547f82dfd2,Blood Disorders Clinic,0ab2de19-b2f5-4a0c-883f-828af3e85ef3,2699c51b-e9c5-456a-ad3d-5293a09dc078,7d9319dd-30e7-4f73-b5d9-ce85231fd492,True
264737ea-9311-4fd0-9fe5-f9248f599f81,Pflege,07383982-d81b-4544-9893-b306e630e141,2699c51b-e9c5-456a-ad3d-5293a09dc078,285192f1-d4ee-4b9a-b185-2286688e7875,True
9ed1d46c-fe51-4b97-a41b-bb021b1447a7,Anesthesia,0e2c8869-3189-4bd3-8040-104f79f8a8ef,2699c51b-e9c5-456a-ad3d-5293a09dc078,47b85ae3-52fc-4c75-abd6-04d47ffb5ae3,
66135cd2-8cfb-460b-a06d-4fc7fabb15e5,Gen Med,dbf6339a-1962-4596-a468-41e39f1817d1,3c2f9c57-8924-4f0c-a58f-dca82964a24b,e6e9d04c-51fb-485d-ab32-f605eb9926db,True
e360fc35-00bd-4ccf-b07c-7bccad84adb3,Population Health Center,bcf39890-cc16-462c-bdd5-d911b67c5e3f,3c2f9c57-8924-4f0c-a58f-dca82964a24b,687dc3da-bef2-4be1-9346-cab7d4129d9f,True
3ef33307-02f7-4c7c-8de2-6887b1b3b2a0,Cardio,611c3e68-b8e1-4c04-a3cc-34c0f52d7417,3c2f9c57-8924-4f0c-a58f-dca82964a24b,fb9eba48-6c77-40fb-8316-c4ba3a064d3c,True
c50528f4-99bf-40cd-8e38-ad392bb22172,ENT,530db322-1289-43b4-b38a-48f611a08253,3c2f9c57-8924-4f0c-a58f-dca82964a24b,00ede4e6-75d2-40f0-9e56-851ed7a04c0b,True
ba032400-b62e-4a2b-8b49-86543214e65f,Respiratory Therapy,e07791b6-248c-42d7-a533-8cd7d2f5744f,3c2f9c57-8924-4f0c-a58f-dca82964a24b,bc4f88e2-fcff-45c5-8979-58a0e60552a2,
9d012834-03cb-4a91-87ec-295783a08093,Psychiatric,1fd9bbf1-ac0a-4176-9fbd-c314148db5b1,3c2f9c57-8924-4f0c-a58f-dca82964a24b,33c0d92d-e121-4351-9cef-f86418f3e6de,
8cd5c5e0-2cc9-449b-85f5-dbbb81d315f7,Path,c0bccc33-2fd0-4c10-9106-e7eb5b8226c9,3c2f9c57-8924-4f0c-a58f-dca82964a24b,803dfe0f-e9bd-404e-8189-3a70b8cd8ad5,True
b883dcac-cc04-4f78-a233-f796dcab5331,HÃ¤daolukord,4b40271f-edfe-41f7-b68e-7272735aede4,3c2f9c57-8924-4f0c-a58f-dca82964a24b,713ff36c-2e22-4d7e-8ca6-f4e894366fe8,True
796324c7-5cea-4075-a418-57251986f20b,Pathology,2f0da4d2-2fdf-4fa1-a569-0c1461c25fce,618a5b1f-efdd-4092-bde8-48351ca588c1,986354ec-c242-4868-82aa-6f794936fff3,
66cc55e6-0a06-4856-afc7-9364fc7875b1,Physiotherapy,0028a06a-9c83-4e98-9cf7-d5adac23db74,618a5b1f-efdd-4092-bde8-48351ca588c1,58cbd538-382f-47c6-a61e-6ee5c58de98f,
713f7454-a0af-495a-a537-c1dc439eb46b,Infection Control & Prevention,6025b57f-dad9-4dcf-a46a-34c5a2e8b0b3,618a5b1f-efdd-4092-bde8-48351ca588c1,6bb9c464-2148-470f-87c0-4cd21f6e8793,True
49310e62-4740-4a17-b8a2-74940456eed2,Opt,59c85fdb-8725-4aae-9879-67cfa55a91cf,618a5b1f-efdd-4092-bde8-48351ca588c1,06b934ca-1371-4e13-bd2c-fa772c40f1bf,True
b90fb180-3aae-49a9-905d-2c9cebb89ec9,Reconstructive & Cosmetic Surgery,70d588c9-258e-4d8d-9b14-ce8f0678259b,618a5b1f-efdd-4092-bde8-48351ca588c1,cc376868-8559-443a-a363-c13039970969,True
40c0f75a-ef9c-4e85-9fd3-efc44daa7454,Plastiline kirurgia,ca21dc99-61ba-454d-88e7-f310655de493,618a5b1f-efdd-4092-bde8-48351ca588c1,d474dd32-8212-4c40-b11b-fbba8953fda5,True
400754ce-0a30-443c-956d-fe66dd0be814,Toxicologic,f807155b-233c-4696-9f20-ea0660b119d8,618a5b1f-efdd-4092-bde8-48351ca588c1,4e564bf5-48c2-4cb9-8b35-97e26c3465e0,
3c2fa06b-702f-4248-b5b8-3cf09adb4fae,Endokriinne,fc433c12-1097-41d1-848c-34ed231fb203,618a5b1f-efdd-4092-bde8-48351ca588c1,6d5bb5c1-1a52-4cdf-a0bb-9bd5140e192b,True
fc5ad7b5-33d5-4982-a862-00a2e0b32a3e,Infection Control & Prevention,8545ad2b-ae2b-426c-a5c0-5e9243b7c195,618a5b1f-efdd-4092-bde8-48351ca588c1,9bde12d1-f95d-44ce-b201-2c68cc431bab,True
12cb07fe-bf15-4a48-8532-0cab97c2793c,OtolarÃ¼ngoloogiline,1669dd17-a932-472c-b55a-d7c56dc3598c,618a5b1f-efdd-4092-bde8-48351ca588c1,b0c05ad9-5ddc-4323-a11b-5dc915fcae90,True
