identifier,serviceDepartmentName,address,isPartOf,contact
7bd37c4b-948c-42c8-a0f2-4eb3af58e381,Pathology,7b2e1b82-e89d-4815-8f92-8dc519724ce3,81332876-37eb-4cd9-a87a-1613e443df78,Contact: 707.899.2975
dd7524bc-dd82-416d-84fa-9dd191609261,Midwifery,14ed05bd-e4d0-4ebe-9335-914ce62ce6a3,81332876-37eb-4cd9-a87a-1613e443df78,Contact: +1-728-966-3564x3343
9fbd4b9f-5675-4682-996d-66423cf87ff0,Dentistry,1af55c26-8808-4ebc-b5d4-cd35a08c3a00,81332876-37eb-4cd9-a87a-1613e443df78,Contact: +1-525-432-4828x9177
3fc34af1-9af0-4b9a-9ba1-cdb699aed9de,Respiratory Therapy,11fba56e-300a-4187-9cb9-f9aabf4ddeaa,81332876-37eb-4cd9-a87a-1613e443df78,Contact: 001-718-273-4648x356
326ea68d-f4e3-4152-b12c-d4340b177efd,Infectious,bac114b5-ca19-45a8-8d5a-2ad386d77094,0ff18e02-42af-4fc3-8577-6e9add84f39e,Contact: +1-228-371-4847x656
fbb22429-55ab-42c5-8f08-502ee47e3d10,Rheumatologic,c2185e77-dc58-4a6a-a193-db51f6aca9b4,0ff18e02-42af-4fc3-8577-6e9add84f39e,Contact: (749)587-4867
b9e789c6-16f4-4941-ad28-3c0df230400a,Cardiovascular,a867a0f0-a8e6-4772-b9cd-e60cab1e6794,0ff18e02-42af-4fc3-8577-6e9add84f39e,Contact: 518-209-8591
d2d6840d-1871-4121-89e8-060c0a8f541d,Pediatric,a53011a2-3d74-49ee-a514-1471ea951570,1beb3711-7d41-4602-aece-328bff7b118e,Contact: 001-441-596-2998x3442
3a72a669-e03c-4361-a14e-10ee230c2ebd,Musculoskeletal,ef8d9ff0-1583-4fee-ac41-e6f66c0be55c,1beb3711-7d41-4602-aece-328bff7b118e,Contact: 274-729-4312x623
ad982a08-7ad0-4668-a892-d63b89aeb616,Speech Pathology,ac33f644-4053-4188-b39d-78f5d658b1b3,1beb3711-7d41-4602-aece-328bff7b118e,Contact: (541)294-9302
7c26c722-253d-49ce-a08d-549b6b0efd01,Musculoskeletal,caa0a679-6e83-47b2-8857-d8c3b4a06976,1beb3711-7d41-4602-aece-328bff7b118e,Contact: +1-508-653-2757
19b2b595-3051-4f6a-b51e-3a7bacdf3038,Hematologic,28cdc38a-85b3-43d3-b56b-6c0dcff0c8ac,1beb3711-7d41-4602-aece-328bff7b118e,Contact: (474)858-9434x861
e891f80c-970a-46dc-b444-adae1d21ae7c,Public Health,cc4da021-dd62-4222-99ef-e28b3bcb50b3,ec62b2c8-2648-4e38-a074-05eb215663ab,Contact: +1-918-727-2648x3214
582592e1-0d1f-40ad-830a-2393604c83ca,Pathology,a867a0f0-a8e6-4772-b9cd-e60cab1e6794,ec62b2c8-2648-4e38-a074-05eb215663ab,Contact: (868)528-9204x9789
fd642ae2-6434-4207-b415-14cc77fd7fd1,Otolaryngologic,c2185e77-dc58-4a6a-a193-db51f6aca9b4,ec62b2c8-2648-4e38-a074-05eb215663ab,Contact: 518-561-8720
60c36cdd-9937-4592-985a-eb983d9f3e80,Optometric,e5039055-f90b-4724-b883-a8ea44e8a604,ec62b2c8-2648-4e38-a074-05eb215663ab,Contact: (518)838-3371x31829
a41a5d31-dd5e-42d1-a518-020a99cb37c7,Laboratory Science,e10b4aad-a92d-4b05-a9bc-cee9a71b80ef,ec62b2c8-2648-4e38-a074-05eb215663ab,Contact: 579-205-5303x738
78ca810e-7428-4356-bc91-e45824b27e83,Cardiovascular,c20166e3-ca68-4a98-b48e-f9a86aeb5a32,b490b608-1dfc-4352-8562-be7fbb42e0b2,Contact: 394-946-5419
a7713b3c-9f11-4a42-9cd3-a7955edd9aae,Radiography,c2185e77-dc58-4a6a-a193-db51f6aca9b4,b490b608-1dfc-4352-8562-be7fbb42e0b2,Contact: 732-463-0742
51f83e44-524b-4a5b-8204-2c0b1da221b8,Neurologic,7680891b-6bb6-404e-a0db-22d329e316ad,b490b608-1dfc-4352-8562-be7fbb42e0b2,Contact: +1-615-433-4866x60271
9a347cda-d481-4f7f-b022-b8f186d6c424,Urologic,cc4da021-dd62-4222-99ef-e28b3bcb50b3,b7d6467b-2f5a-422a-b87f-43fdf6062541,Contact: 852.492.9643x1227
c0038e5a-4c83-49bc-89ce-f0ead6cadf41,Endocrine,d2fb05ca-3a72-4b9f-96fb-5c72ed6a1bfc,b7d6467b-2f5a-422a-b87f-43fdf6062541,Contact: 991.651.1738x0091
b3e52b15-41c1-4dc0-95f9-d782bcb43dc9,Obstetric,bac114b5-ca19-45a8-8d5a-2ad386d77094,b7d6467b-2f5a-422a-b87f-43fdf6062541,Contact: +1-562-231-9827
99dfd2f5-b4fb-4350-a4bf-279239fa33cd,Genetic,70df67b9-3a6f-46fa-a418-13ef799fde33,429817c5-3308-4b2e-a42a-ad48fcfcfa81,Contact: +1-622-899-2114x14979
1322439a-b54f-4f70-8a9f-fe96fdf0d605,Respiratory Therapy,65e04993-7f41-4fed-9e70-e79933a1d1c2,429817c5-3308-4b2e-a42a-ad48fcfcfa81,Contact: (670)555-4660
97b19d4f-16d2-4a67-86b1-b41f3659333f,Cardiovascular,b2f11ef9-d486-4482-8078-cb124b7350d1,429817c5-3308-4b2e-a42a-ad48fcfcfa81,Contact: 001-423-783-7504x6988
8884b81d-a7e1-4728-91c9-992fb73a0683,Obstetric,882ab925-80b2-4b0c-aa24-65cf16c2b4aa,429817c5-3308-4b2e-a42a-ad48fcfcfa81,Contact: (234)817-4344x1527
0d4ddaab-7282-4622-a4b0-c73bf74e21a1,Public Health,7fa74d8a-ff88-4c82-bf99-d273d5627386,55fea08e-143e-4e04-bdd7-d19b753c7c99,Contact: +1-348-896-7998x3204
7c1ba84f-32a5-4e37-81d1-240bb53c9022,Speech Pathology,c2185e77-dc58-4a6a-a193-db51f6aca9b4,55fea08e-143e-4e04-bdd7-d19b753c7c99,Contact: 348.262.9742x0354
9f3da6ae-5295-4caf-8f65-1f216fa2be13,Obstetric,f325f875-e417-4ba3-a4ee-c62b51306e5c,55fea08e-143e-4e04-bdd7-d19b753c7c99,Contact: 001-835-862-1357x7256
fc8847d2-1b06-4b10-9586-20855d587077,Radiography,c9a6e611-613f-418d-896e-f1a5ac707464,55fea08e-143e-4e04-bdd7-d19b753c7c99,Contact: 587-821-0867
6bfed001-18bc-4a21-b887-d3e9a3171056,Surgical,9cdeb3e6-0870-415c-afcd-81b5d24bace4,55fea08e-143e-4e04-bdd7-d19b753c7c99,Contact: 7492244818
17d9fa66-0063-45c9-a4fa-9196f8015987,Dentistry,14ed05bd-e4d0-4ebe-9335-914ce62ce6a3,ac7c8803-e01b-4f50-b5d9-7ef760ef1471,Contact: 357-233-5974x82760
352d6f27-b987-43be-9462-a18d1b6d6ce9,Urologic,ec3aa314-da9b-4017-b9c1-47c719a5711b,ac7c8803-e01b-4f50-b5d9-7ef760ef1471,Contact: 481-984-1189x4031
4201545f-771a-4a12-aa6c-56cb2a630fd1,Pediatric,483c1a4e-a91d-42cd-8bf0-6f64b4178592,ac7c8803-e01b-4f50-b5d9-7ef760ef1471,Contact: 001-827-590-8601x141
3ac2496e-6243-4476-b929-8df641a97327,Speech Pathology,043d2c47-3b56-435e-85c5-96d442d01ba3,ac7c8803-e01b-4f50-b5d9-7ef760ef1471,Contact: 698.785.2609x693
a0fe9e1b-7910-4825-9057-df41835b8afb,Speech Pathology,30c32323-c1b1-49c4-9f1f-f97c71cff814,ac7c8803-e01b-4f50-b5d9-7ef760ef1471,Contact: 001-674-554-2237x50579
7593afba-1a17-4460-bb72-951a05613af9,Anesthesia,3fcb34fa-bc39-41b3-bb1d-867704e6748a,cf1da110-0cc3-4d8c-b786-3fe5d675ebf7,Contact: 001-982-736-9582x0767
343b4fb0-912d-491d-b288-a67e030c98e8,Dentistry,a1515607-964a-470c-bc87-9b741d878f9f,cf1da110-0cc3-4d8c-b786-3fe5d675ebf7,Contact: 572-318-8694
7a282c8a-8b67-40d3-85d7-99676d9635ef,Oncologic,cc4da021-dd62-4222-99ef-e28b3bcb50b3,cf1da110-0cc3-4d8c-b786-3fe5d675ebf7,Contact: 001-350-739-4678x410
618701e8-699a-423f-a4b2-f62c610097fb,Obstetric,9aca0c4a-d24e-4104-9dd2-6234213124bd,cf1da110-0cc3-4d8c-b786-3fe5d675ebf7,Contact: +1-834-676-8064x7266
4dd6862a-5ea2-4dfb-8c33-cf4d783d4a6d,Dentistry,c5ac7520-cd46-48fe-b2b7-2bd2c97be2af,cf1da110-0cc3-4d8c-b786-3fe5d675ebf7,Contact: (292)750-6774x13536
e412eb0b-d260-430d-aedc-5fdd27ef0967,Gynecologic,c1308a09-cddd-43bb-b56a-a13d13f1484a,cad6e514-ccc1-4d51-b3f6-60d8e9f41cc0,Contact: 611.829.0320x8662
88054048-f53a-4cec-8fbf-545a70bef8fb,Cardiovascular,caa0a679-6e83-47b2-8857-d8c3b4a06976,cad6e514-ccc1-4d51-b3f6-60d8e9f41cc0,Contact: 6278211744
44672c65-d1e0-450e-9602-634b08453d3e,Pharmacy Specialty,03743263-4a06-49aa-827a-cd0de15093b0,cad6e514-ccc1-4d51-b3f6-60d8e9f41cc0,Contact: 271-304-3748x36160
4f0fa9db-4b6a-4fea-81cf-7f935e6cc9e4,Podiatric,f325f875-e417-4ba3-a4ee-c62b51306e5c,cad6e514-ccc1-4d51-b3f6-60d8e9f41cc0,Contact: 3004902927
8f8ac4cd-be16-4d6b-b290-d831052d143c,Community Health,b2f11ef9-d486-4482-8078-cb124b7350d1,cad6e514-ccc1-4d51-b3f6-60d8e9f41cc0,Contact: (811)319-1317
dc0ea928-b7b6-4710-b93c-8d791d793750,Podiatric,882ab925-80b2-4b0c-aa24-65cf16c2b4aa,b65d1226-7e96-4cf3-a7c5-cb879b8b71a1,Contact: 282.581.2568x218
fea0eb70-ca8b-425c-baab-6a44182165fc,Toxicologic,9aca0c4a-d24e-4104-9dd2-6234213124bd,b65d1226-7e96-4cf3-a7c5-cb879b8b71a1,Contact: (858)758-9864x3912
5a57cde5-f13f-440b-889b-9a03bc3548c5,Anesthesia,b693f4ef-1ad5-46c3-acb0-3f486ed63ea4,b65d1226-7e96-4cf3-a7c5-cb879b8b71a1,Contact: 650.600.2432x21772
0a73a9a9-df49-4c15-a38b-c512d13d78bc,Neurologic,b5c03f6f-94e4-4c44-a3fb-dbda86ae9d5c,b65d1226-7e96-4cf3-a7c5-cb879b8b71a1,Contact: (755)531-8724
abbf9e6d-9e19-4188-9da1-1d7aa281becd,Oncologic,b8f35c26-d13e-439c-9cb6-f1f0e4751694,b65d1226-7e96-4cf3-a7c5-cb879b8b71a1,Contact: 001-835-261-4685x053
897e7d87-6bcf-4a76-81d8-f799f76077bb,Rheumatologic,6d80ab08-c963-4148-904d-ff6623f1b67e,8c69778f-fd42-4697-a511-16565c646036,Contact: 624-704-1560x432
8616ba88-d296-4670-b35f-da3eed38505b,Otolaryngologic,abe0a177-1c5e-4698-b7a0-2afd30d6863f,8c69778f-fd42-4697-a511-16565c646036,Contact: +1-212-273-9991x6404
54536cba-289f-48b4-9b56-6e06cc800b04,Infectious,ef8d9ff0-1583-4fee-ac41-e6f66c0be55c,8c69778f-fd42-4697-a511-16565c646036,Contact: (963)998-3083
55b26dc6-f634-4bae-9e7b-e7ad97d8c97d,Geriatric,7fa74d8a-ff88-4c82-bf99-d273d5627386,8c69778f-fd42-4697-a511-16565c646036,Contact: (551)906-5273x690
29685a0e-646e-48a9-81f1-011b69d36af7,Dentistry,402492a3-c334-4558-82ce-e5817e15aa2c,8c69778f-fd42-4697-a511-16565c646036,Contact: (266)673-4129
2f40d4ef-bfb5-43c2-bd16-2e6fe93cef4b,Pharmacy Specialty,65e04993-7f41-4fed-9e70-e79933a1d1c2,7aa56a18-1fd3-4017-97f9-8d1ecff4c56b,Contact: 824-926-4865
9af1b456-4034-4ca4-9eb6-217876cf14a2,Pharmacy Specialty,4e60678b-82f4-448a-b8a5-5d6bf2ded00f,7aa56a18-1fd3-4017-97f9-8d1ecff4c56b,Contact: 844-246-9807x88364
8e383437-6a1c-4817-8584-d26cf7243a0c,Pathology,1d8cca3b-6261-4790-83a0-61c445a16970,7aa56a18-1fd3-4017-97f9-8d1ecff4c56b,Contact: 940-907-6858
b4159391-bba9-448a-be7c-be1e8e4e7077,Endocrine,1af55c26-8808-4ebc-b5d4-cd35a08c3a00,7aa56a18-1fd3-4017-97f9-8d1ecff4c56b,Contact: 492.990.9534x6131
ef1a030c-fba9-4e75-a0f3-7df2a0fe1900,Plastic Surgery,483c1a4e-a91d-42cd-8bf0-6f64b4178592,6c4c3935-379d-4da1-ade6-c5e9b6e355f6,Contact: 657.827.4758x3058
e550dcea-a670-4b66-88fc-abb3d02a862b,Genetic,d974c146-e8ec-41b3-9145-91aef03d866a,6c4c3935-379d-4da1-ade6-c5e9b6e355f6,Contact: +1-914-928-2215x300
0cf04051-8606-4bc4-92db-fdc913f60dff,Gynecologic,106861d3-633d-4c54-b304-59cc30c42d61,6c4c3935-379d-4da1-ade6-c5e9b6e355f6,Contact: (479)929-4145
54700834-0af2-4ed3-9ee1-0379e9afa682,Anesthesia,a867a0f0-a8e6-4772-b9cd-e60cab1e6794,6c4c3935-379d-4da1-ade6-c5e9b6e355f6,Contact: 219-914-4952
36c55e3b-a203-4291-a793-f6a967ab4d37,Pulmonary,7b2e1b82-e89d-4815-8f92-8dc519724ce3,9f982188-3744-4a64-8c24-9558f2ad985f,Contact: 564-876-7626
4483cf58-312b-4cf8-855f-2b17a0c9293a,Gynecologic,ea455fc7-c80c-4483-b4dd-7624c3d9b3b0,9f982188-3744-4a64-8c24-9558f2ad985f,Contact: 427-955-4753
5700fb19-b473-4514-a0a7-446bf9c8d852,Genetic,7b2e1b82-e89d-4815-8f92-8dc519724ce3,9f982188-3744-4a64-8c24-9558f2ad985f,Contact: 472.318.9975
45b62271-29c5-4e2a-90ec-b7bfa9333123,Oncologic,30c32323-c1b1-49c4-9f1f-f97c71cff814,9f982188-3744-4a64-8c24-9558f2ad985f,Contact: (411)465-5450x342
1450e2ed-3da1-44bc-b565-e82a79a975ca,Radiography,6d80ab08-c963-4148-904d-ff6623f1b67e,b4a1ca79-5718-4da2-827c-013f38018399,Contact: 001-284-310-6167x722
d5be1022-1ea7-4756-a1d5-77a426b4a0a7,Dermatology,d1f0c570-bf55-45ce-98a1-a54654a6087c,b4a1ca79-5718-4da2-827c-013f38018399,Contact: (991)641-9913x4628
2cb16080-a06d-4653-9674-94dfc399daf6,Emergency,1d8cca3b-6261-4790-83a0-61c445a16970,b4a1ca79-5718-4da2-827c-013f38018399,Contact: +1-864-622-1385x7158
23d8c480-0e67-487c-8f12-7621756ab870,Infectious,ef8d9ff0-1583-4fee-ac41-e6f66c0be55c,b4a1ca79-5718-4da2-827c-013f38018399,Contact: (327)733-1276x153
9def8df6-3ca3-48ca-b307-60dc224c85db,Renal,69fcbef0-275f-475c-83f3-f74dd3861b58,75f2bc20-a7f5-495c-9e62-d43f261908b9,Contact: +1-257-459-7844
8c662964-801f-4c5f-b21a-11284586ce14,Cardiovascular,f325f875-e417-4ba3-a4ee-c62b51306e5c,75f2bc20-a7f5-495c-9e62-d43f261908b9,Contact: 001-814-872-1078x889
567ffb07-cbc9-4874-9bb3-aa4c5147a3fa,Podiatric,1fe253b0-7980-4aaa-a93b-4418b170b1ed,75f2bc20-a7f5-495c-9e62-d43f261908b9,Contact: 357.228.0720
df0644a8-c3d7-4f29-a368-db81da34effa,Respiratory Therapy,28fafd04-559b-4975-b2d6-50af313b32b7,81c16e98-4d6c-4782-ae95-83eabda17da2,Contact: 705-843-1032
87b8d77e-f397-4943-a640-ca97fc88e170,Endocrine,d1f0c570-bf55-45ce-98a1-a54654a6087c,81c16e98-4d6c-4782-ae95-83eabda17da2,Contact: +1-856-436-0939x070
94334bb0-103b-4901-b37f-af64c6839f4a,Surgical,2e0885fc-5da2-4c06-b146-b0800a2cf6a9,81c16e98-4d6c-4782-ae95-83eabda17da2,Contact: +1-625-944-7586x7548
66be149c-5503-413e-88c2-4eabca968927,Community Health,abe0a177-1c5e-4698-b7a0-2afd30d6863f,ac6d5df8-14e5-464c-b799-ae8e9a1a7d6f,Contact: +1-456-540-3746x62273
454b57c1-ee87-4f00-9e90-648113f333af,Community Health,c110412c-3843-4ed6-a586-94b6113c1836,ac6d5df8-14e5-464c-b799-ae8e9a1a7d6f,Contact: 282.392.7173x62108
182f0297-b902-4590-bf14-d211ca1e5dac,Toxicologic,6d80ab08-c963-4148-904d-ff6623f1b67e,ac6d5df8-14e5-464c-b799-ae8e9a1a7d6f,Contact: 001-822-993-5511
e4146592-92ce-41fd-95ed-602920283b56,Endocrine,3fcb34fa-bc39-41b3-bb1d-867704e6748a,ac6d5df8-14e5-464c-b799-ae8e9a1a7d6f,Contact: 439.439.9794x12613
468f6365-4405-462b-b016-dddaecb501ee,Podiatric,1db53334-fb03-43a1-9576-d4155ec17dbe,e19b5837-1c6a-4b5e-bd85-9725c707aef9,Contact: +1-552-775-8116x00356
1fb861a3-96d5-4ecf-ad6f-ee53ed1a4748,Urologic,ef8d9ff0-1583-4fee-ac41-e6f66c0be55c,e19b5837-1c6a-4b5e-bd85-9725c707aef9,Contact: 617-997-4360x55218
9ed03a7e-cfc8-4b4e-8ab6-8ee401975d43,Plastic Surgery,69fcbef0-275f-475c-83f3-f74dd3861b58,e19b5837-1c6a-4b5e-bd85-9725c707aef9,Contact: +1-822-289-5716x4740
cfa243f7-74a4-4022-a7b1-5c59cf1b0e9c,Pulmonary,8923cba1-7874-466b-bc34-e6ebaeaaec48,ef2d9a38-e6e4-48df-8b6d-9611f4dd05d5,Contact: 224-754-9277
ceb885eb-6a02-4ac1-a7bc-b21ae8497caa,Gastroenterologic,a1515607-964a-470c-bc87-9b741d878f9f,ef2d9a38-e6e4-48df-8b6d-9611f4dd05d5,Contact: 4428921687
21d98c64-56ee-4fe7-b5a1-82c5d246fd22,Dermatology,a867a0f0-a8e6-4772-b9cd-e60cab1e6794,ef2d9a38-e6e4-48df-8b6d-9611f4dd05d5,Contact: 001-285-892-1131x373
97046d7c-5ae4-4257-83a9-da5b546e8226,Emergency,4b1678e4-5f20-4406-b438-b4e470f8dd99,ef2d9a38-e6e4-48df-8b6d-9611f4dd05d5,Contact: 878-704-7637x089
900e7701-f888-432e-b45a-6a8736e11fc9,Plastic Surgery,11fba56e-300a-4187-9cb9-f9aabf4ddeaa,bbf9bb01-27f9-4728-8618-fc1e6a480542,Contact: (442)824-3156x244
e80a2294-f3cf-4ea6-aac4-11580716e1dd,Geriatric,ef8d9ff0-1583-4fee-ac41-e6f66c0be55c,bbf9bb01-27f9-4728-8618-fc1e6a480542,Contact: 326-561-1938
fc34ed28-73e4-4678-be0d-894c52f29d2c,Geriatric,ef8d9ff0-1583-4fee-ac41-e6f66c0be55c,bbf9bb01-27f9-4728-8618-fc1e6a480542,Contact: +1-991-622-9990
7e5c99ac-0f95-488a-8960-0a0436bbde06,Dentistry,402492a3-c334-4558-82ce-e5817e15aa2c,a8b56f85-346d-4b7e-80d3-d1af353e0c86,Contact: 600-393-2738
8b9d2bd6-d88c-45ba-9f69-5b4e267ce9c1,Cardiovascular,8e751eb7-64d0-4913-991b-8adf0202861c,a8b56f85-346d-4b7e-80d3-d1af353e0c86,Contact: 8957483940
47ab46ab-f685-41f3-9427-148812259427,Cardiovascular,0b4cba0a-317e-4b1d-9b83-acd5e2ccddd8,a8b56f85-346d-4b7e-80d3-d1af353e0c86,Contact: 001-851-949-2500x96063
2cede02f-0114-4577-900f-b0684b3d1b2a,Optometric,043d2c47-3b56-435e-85c5-96d442d01ba3,a8b56f85-346d-4b7e-80d3-d1af353e0c86,Contact: 001-497-581-0012x669
07a1cfb2-1b85-481d-8c49-8ceaa6a1e781,Community Health,a032149d-06fa-4b60-a063-75b8bb937826,a8b56f85-346d-4b7e-80d3-d1af353e0c86,Contact: 5667426056
08415966-ad7b-487f-befd-e1439889cbe1,Respiratory Therapy,28cdc38a-85b3-43d3-b56b-6c0dcff0c8ac,4ec985ff-94b2-4b9d-8881-9f421a42b629,Contact: (678)703-5729x33031
cb574070-4e04-42b4-bb9f-636e5477afc1,Primary Care,1d8cca3b-6261-4790-83a0-61c445a16970,4ec985ff-94b2-4b9d-8881-9f421a42b629,Contact: (929)464-0619
38d34dd6-c90f-4f1a-a147-3a02cad928d4,Pharmacy Specialty,882ab925-80b2-4b0c-aa24-65cf16c2b4aa,4ec985ff-94b2-4b9d-8881-9f421a42b629,Contact: (962)587-9509x83386
8a5082e2-1407-4f9e-ba95-b4f6925f47cb,Pathology,a53011a2-3d74-49ee-a514-1471ea951570,4ec985ff-94b2-4b9d-8881-9f421a42b629,Contact: 422-840-5129
c9e1893e-c3fb-4743-8361-194e41a44908,Urologic,abe0a177-1c5e-4698-b7a0-2afd30d6863f,4ec985ff-94b2-4b9d-8881-9f421a42b629,Contact: (620)583-7946x039
b1c2ed56-1ae3-437f-aa88-496556547b4d,Pharmacy Specialty,ac33f644-4053-4188-b39d-78f5d658b1b3,246cb09c-ed28-408d-bdaa-3bfa6ab01563,Contact: 575-540-4154x353
1f265d01-60e2-48c1-af5f-7bd63021c8ad,Speech Pathology,2728ec95-2b52-4ab1-a367-ad9e8dcd7d64,246cb09c-ed28-408d-bdaa-3bfa6ab01563,Contact: +1-842-356-0808
33744da6-b58e-4a1c-8df5-3f9b4102364b,Musculoskeletal,140a642e-10e8-47f8-8986-148f8b3e00e7,246cb09c-ed28-408d-bdaa-3bfa6ab01563,Contact: 941.618.6852x21442
d9566c07-ea9b-44dd-b0b0-bed83f41b5b5,Rheumatologic,11fba56e-300a-4187-9cb9-f9aabf4ddeaa,246cb09c-ed28-408d-bdaa-3bfa6ab01563,Contact: +1-793-317-3564
76ad2cfc-23f4-4e14-bc8b-a273caa7b1c8,Obstetric,c110412c-3843-4ed6-a586-94b6113c1836,8ee4fd02-1cb6-4f67-86e7-85ad1bce35d8,Contact: +1-658-221-7675x9472
10fb5581-cccb-4dfb-b0a1-baa56921c1c0,Otolaryngologic,dd6af484-024d-45de-af44-eaeb6734162f,8ee4fd02-1cb6-4f67-86e7-85ad1bce35d8,Contact: 292.211.6341x694
699303f1-bde8-4282-bc76-ff58677e0399,Infectious,1af55c26-8808-4ebc-b5d4-cd35a08c3a00,8ee4fd02-1cb6-4f67-86e7-85ad1bce35d8,Contact: 553.832.1189x24578
99225957-ee70-4259-a62a-e4c4c703e71a,Hematologic,8f3e64f4-7914-4a61-ae65-afeb1b674518,8ee4fd02-1cb6-4f67-86e7-85ad1bce35d8,Contact: +1-325-320-5218x593
85e2b078-7a3e-4905-aeef-4b09bc7838b3,Urologic,b693f4ef-1ad5-46c3-acb0-3f486ed63ea4,fa92cd28-c4c5-46fb-9d4d-11804c6e6fbb,Contact: +1-574-759-1306x485
beabdee5-c861-4c36-b916-751942a699a5,Surgical,e10b4aad-a92d-4b05-a9bc-cee9a71b80ef,fa92cd28-c4c5-46fb-9d4d-11804c6e6fbb,Contact: 001-717-720-1745x470
5a55805d-d0cd-4cc6-be14-9e5fa35c56b3,Endocrine,1ee1723b-4a96-46a4-a752-41027acf6bcc,fa92cd28-c4c5-46fb-9d4d-11804c6e6fbb,Contact: 001-355-763-0698x4690
17bcd323-24b4-4126-af1f-7a150631d91b,Psychiatric,3fcb34fa-bc39-41b3-bb1d-867704e6748a,fa92cd28-c4c5-46fb-9d4d-11804c6e6fbb,Contact: (508)843-5391
b2363b7e-a221-4908-a4ed-eefd5140094b,Public Health,7b2e1b82-e89d-4815-8f92-8dc519724ce3,fa92cd28-c4c5-46fb-9d4d-11804c6e6fbb,Contact: +1-440-217-4632x7020
0de68b59-c484-4813-9eab-d8f7178234e8,Radiography,ac33f644-4053-4188-b39d-78f5d658b1b3,c15648ff-df0d-4301-888c-ac4e5a9414b8,Contact: +1-533-474-4958x57980
3b6b8130-f687-4f7a-b683-4a01bdb5ff1d,Hematologic,b8f35c26-d13e-439c-9cb6-f1f0e4751694,c15648ff-df0d-4301-888c-ac4e5a9414b8,Contact: 821-909-8199
0399a6c0-653d-4b24-b32d-6cfea681dd8c,Neurologic,1db53334-fb03-43a1-9576-d4155ec17dbe,c15648ff-df0d-4301-888c-ac4e5a9414b8,Contact: 001-298-958-3294x8469
ecf75dbc-3f54-4f83-911d-c9fc92162634,Gastroenterologic,ef8d9ff0-1583-4fee-ac41-e6f66c0be55c,c15648ff-df0d-4301-888c-ac4e5a9414b8,Contact: (648)741-5948x4771
6f8b6cbe-b759-43ec-9384-3901b020b8d4,Emergency,7680891b-6bb6-404e-a0db-22d329e316ad,c9c5fef1-e76f-4a76-874f-11cdbdce29ef,Contact: 301-259-1839x00047
463b76af-3c8c-4cf6-bda2-d21f7fe88e46,Psychiatric,e10b4aad-a92d-4b05-a9bc-cee9a71b80ef,c9c5fef1-e76f-4a76-874f-11cdbdce29ef,Contact: 644.336.9774x50999
27503d1e-1756-40d4-b187-594d577b1f95,Musculoskeletal,8d2ad974-4a86-4655-8a9d-499ca2698c2d,c9c5fef1-e76f-4a76-874f-11cdbdce29ef,Contact: (374)354-9328x7747
2c2747c0-ff52-43ab-afe3-e7eaede879c2,Diet Nutrition,c9a6e611-613f-418d-896e-f1a5ac707464,c9c5fef1-e76f-4a76-874f-11cdbdce29ef,Contact: +1-404-655-5065
8a6464fd-0b58-46c8-b9e3-2aa0e2238f55,Renal,dbb59fc2-5cff-496e-bd03-c81f7ff35029,c9c5fef1-e76f-4a76-874f-11cdbdce29ef,Contact: 645.649.5150x79259
286334df-720c-4d00-8077-c6f07dba43cf,Endocrine,fbc59e92-ca12-49ad-9963-05b371b221e4,7eda9ab9-bec6-4ffe-a48f-4a254cd8ef24,Contact: 253.710.6769
758eff25-033f-492f-ad9d-81e70685e760,Hematologic,c110412c-3843-4ed6-a586-94b6113c1836,7eda9ab9-bec6-4ffe-a48f-4a254cd8ef24,Contact: 232-671-6804x120
c64775d5-a91c-4219-8649-a7606c50ccc2,Plastic Surgery,c20166e3-ca68-4a98-b48e-f9a86aeb5a32,7eda9ab9-bec6-4ffe-a48f-4a254cd8ef24,Contact: 001-541-257-9545
71347c31-3cf2-495c-851a-3e66bd623605,Radiography,4b1678e4-5f20-4406-b438-b4e470f8dd99,7eda9ab9-bec6-4ffe-a48f-4a254cd8ef24,Contact: 506.950.8318x30852
2e001a75-6efa-4a18-be6f-85818a6993de,Dentistry,140a642e-10e8-47f8-8986-148f8b3e00e7,30f2c485-49b5-44fb-92a6-51d7c069c542,Contact: 342.405.4543x600
5481b307-993c-47c3-b953-249aff29867d,Pediatric,03743263-4a06-49aa-827a-cd0de15093b0,30f2c485-49b5-44fb-92a6-51d7c069c542,Contact: 001-420-408-2921
6391a567-684e-4ede-afca-7a048c39ceab,Optometric,caa0a679-6e83-47b2-8857-d8c3b4a06976,30f2c485-49b5-44fb-92a6-51d7c069c542,Contact: 7547590390
931e0d80-fc7e-4ebb-9616-7a2f57a47b99,Obstetric,39b66d71-951a-4518-87e7-7e2b6b291a13,3239d04b-cbab-4b51-b85c-5fdcbad3116b,Contact: +1-455-316-3594x23829
8f40f920-952d-4a73-94f6-ca78519662cc,Podiatric,043d2c47-3b56-435e-85c5-96d442d01ba3,3239d04b-cbab-4b51-b85c-5fdcbad3116b,Contact: +1-791-392-5474x7266
db0b921f-426a-4b9c-a653-b39e513527a3,Community Health,b2f11ef9-d486-4482-8078-cb124b7350d1,3239d04b-cbab-4b51-b85c-5fdcbad3116b,Contact: (857)515-5452
75b10f2f-9509-4cd0-a85f-9f8a33213ea4,Hematologic,7680891b-6bb6-404e-a0db-22d329e316ad,6e3c18c9-ef1f-40a3-bc02-ba67ee04bdde,Contact: +1-269-830-5207x691
3306f416-b09b-4163-9ff6-7b314a15d941,Emergency,cd43cfeb-8938-4b90-9341-45328252f723,6e3c18c9-ef1f-40a3-bc02-ba67ee04bdde,Contact: (409)436-9779x66604
1f32140f-5206-4f99-9493-227edcd3c130,Primary Care,3fcb34fa-bc39-41b3-bb1d-867704e6748a,6e3c18c9-ef1f-40a3-bc02-ba67ee04bdde,Contact: 597.629.6324x07575
7dbdd047-0750-49fb-9561-d047914d277e,Toxicologic,1d8cca3b-6261-4790-83a0-61c445a16970,6e3c18c9-ef1f-40a3-bc02-ba67ee04bdde,Contact: 001-824-435-0496x303
f275212c-b8f6-40fa-80e5-4cdbdc371dfb,Genetic,ce03a34d-a022-4fee-843f-b606e8b7e2da,56e9b78d-315e-4080-b425-f4e93891aef5,Contact: +1-898-832-6975x7920
247b34f7-cc2c-458b-8f46-089758500c02,Community Health,7fa74d8a-ff88-4c82-bf99-d273d5627386,56e9b78d-315e-4080-b425-f4e93891aef5,Contact: 574-669-3732x7706
1a8f1af0-6ce2-4cf9-9d29-5d4db0b03350,Physiotherapy,9bde299d-da28-4b7a-8d6d-99a628d798b4,56e9b78d-315e-4080-b425-f4e93891aef5,Contact: 242-323-4225x3992
409c3af1-ef42-4576-bf7b-e2552061f228,Renal,7795e986-80ee-426e-8fa0-7a3f2e295065,df39ccaa-580c-49fc-bb69-e69041300879,Contact: 001-844-620-4951
8fa370da-9884-4640-b6a4-9911559708f5,Gastroenterologic,882ab925-80b2-4b0c-aa24-65cf16c2b4aa,df39ccaa-580c-49fc-bb69-e69041300879,Contact: 341.888.0056x97593
15680254-aae9-452f-b318-77056bfeef9d,Public Health,a0a1f43f-9638-43c7-a85e-406b817131eb,df39ccaa-580c-49fc-bb69-e69041300879,Contact: 001-748-252-0026
842f9dad-55bb-42a1-8f77-fa975f612d94,Otolaryngologic,1fe32b56-69f5-4741-8686-1f295cb76bb9,c13c6688-8f1b-4be1-ad4b-a69cd16903f2,Contact: 001-596-781-1983
24f1b0a6-6706-45a8-8e10-6701a478856a,Genetic,c2185e77-dc58-4a6a-a193-db51f6aca9b4,c13c6688-8f1b-4be1-ad4b-a69cd16903f2,Contact: 5107536916
b9c115c3-ef1b-4beb-9a63-ed52172c8302,Anesthesia,106861d3-633d-4c54-b304-59cc30c42d61,c13c6688-8f1b-4be1-ad4b-a69cd16903f2,Contact: 001-524-332-3663x30846
5ceacdc0-9db0-4770-80d4-6663cfe11713,Surgical,043d2c47-3b56-435e-85c5-96d442d01ba3,6a27241f-bb9e-4a02-ac2d-f3c219518f87,Contact: +1-854-383-7939x0914
53ec7d88-1994-49c4-8995-e98cc82dd858,Gynecologic,a867a0f0-a8e6-4772-b9cd-e60cab1e6794,6a27241f-bb9e-4a02-ac2d-f3c219518f87,Contact: 519-441-3491x16725
b6e2d1e4-0a22-42ce-a34e-85fe3cee7eb0,Radiography,a032149d-06fa-4b60-a063-75b8bb937826,6a27241f-bb9e-4a02-ac2d-f3c219518f87,Contact: 001-507-378-8363
4b9cfdfa-b751-47eb-acb7-a2d2551a6cad,Nursing,28cdc38a-85b3-43d3-b56b-6c0dcff0c8ac,acb5959f-4eb9-4768-84a5-b1c31095e497,Contact: 477-537-4737
59cbdf86-676b-4e5d-91ea-90bdd5134665,Obstetric,ec3aa314-da9b-4017-b9c1-47c719a5711b,acb5959f-4eb9-4768-84a5-b1c31095e497,Contact: (246)622-9871x39594
fadc0b74-f817-41d5-9e90-679d7231468b,Rheumatologic,bac114b5-ca19-45a8-8d5a-2ad386d77094,acb5959f-4eb9-4768-84a5-b1c31095e497,Contact: 863.249.5050
8c63ea50-a003-45a5-8b69-1e67927b9b5a,Neurologic,4e60678b-82f4-448a-b8a5-5d6bf2ded00f,acb5959f-4eb9-4768-84a5-b1c31095e497,Contact: 8003694750
bc881f9f-cb8e-4793-8600-9b526bb639cd,Primary Care,b693f4ef-1ad5-46c3-acb0-3f486ed63ea4,21d32e24-bb89-4746-bc3d-a91136a52df9,Contact: 3502051908
69707573-94b9-4440-9791-9d6b3656389d,Geriatric,3fcb34fa-bc39-41b3-bb1d-867704e6748a,21d32e24-bb89-4746-bc3d-a91136a52df9,Contact: 811-521-2833x794
7cefa36f-87ab-46ae-85a5-3a490d148001,Primary Care,a1c2d9bf-0dcf-435b-b552-c6e86953a115,21d32e24-bb89-4746-bc3d-a91136a52df9,Contact: 432-867-1331
6b9cfa61-7da9-4122-ac2f-5716df539ccb,Hematologic,69fcbef0-275f-475c-83f3-f74dd3861b58,21d32e24-bb89-4746-bc3d-a91136a52df9,Contact: 693-880-8627x920
74c78b15-aa8c-4f54-bad4-f768953f2ad9,Dermatology,1af55c26-8808-4ebc-b5d4-cd35a08c3a00,21d32e24-bb89-4746-bc3d-a91136a52df9,Contact: +1-565-883-1488x354
616ec8e5-c9ba-480d-8ac0-555b45ba13ab,Respiratory Therapy,3b019fcb-f96d-4403-948c-93f3028d042b,d9082a42-b448-4761-905e-9c9b8bc88bcf,Contact: 853-914-4313x68253
464a9b5d-3eaa-4f0a-9912-19b5ddf65a9e,Radiography,d1f0c570-bf55-45ce-98a1-a54654a6087c,d9082a42-b448-4761-905e-9c9b8bc88bcf,Contact: 856.819.7712x18440
29af9e17-9a97-4f42-865a-13d432e9933d,Gastroenterologic,94291726-6557-438d-a175-f16a9a642c24,d9082a42-b448-4761-905e-9c9b8bc88bcf,Contact: 2663566047
9dcc3e8f-f61e-4ff1-a6a6-c9d609122343,Geriatric,043d2c47-3b56-435e-85c5-96d442d01ba3,d9082a42-b448-4761-905e-9c9b8bc88bcf,Contact: +1-532-356-2847
318f7ba9-9ec8-4478-a5a6-5b8f44f773bc,Toxicologic,a032149d-06fa-4b60-a063-75b8bb937826,d9082a42-b448-4761-905e-9c9b8bc88bcf,Contact: 820.907.4480
c5572d91-f86a-4017-9dad-f9e4cebd69bd,Endocrine,b5c03f6f-94e4-4c44-a3fb-dbda86ae9d5c,5b3a4595-0458-42c1-8e0e-15d3298e9a79,Contact: +1-520-620-8651x5078
6ed2a4ac-0f21-4b05-a084-c9fcfcbd8ac8,Dentistry,7680891b-6bb6-404e-a0db-22d329e316ad,5b3a4595-0458-42c1-8e0e-15d3298e9a79,Contact: 772.631.8818x386
0f33131c-98ec-42e1-bccc-a57a3b1eadb0,Genetic,11fba56e-300a-4187-9cb9-f9aabf4ddeaa,5b3a4595-0458-42c1-8e0e-15d3298e9a79,Contact: 241-499-2170x75462
bfdc7072-6e23-473a-a913-689eda09fb60,Public Health,3b019fcb-f96d-4403-948c-93f3028d042b,5b3a4595-0458-42c1-8e0e-15d3298e9a79,Contact: 001-634-998-9003x095
9c834a7c-b990-4977-b423-5c2ccfd2f1c1,Oncologic,2e0885fc-5da2-4c06-b146-b0800a2cf6a9,5ba830dc-245d-46ca-af6a-219672ef7dce,Contact: 748-855-2178x1122
b973e941-404a-4d86-89fd-fb993787ba1c,Public Health,51783032-8066-449b-b1d7-92a07d25cefb,5ba830dc-245d-46ca-af6a-219672ef7dce,Contact: (354)380-8161x967
a0a1fdd7-d610-4700-b4a4-edefb8d59b93,Nursing,1db53334-fb03-43a1-9576-d4155ec17dbe,5ba830dc-245d-46ca-af6a-219672ef7dce,Contact: (662)468-0564
910f0fed-a277-4fdf-b94c-d0da156d3de3,Gynecologic,ec3aa314-da9b-4017-b9c1-47c719a5711b,5ba830dc-245d-46ca-af6a-219672ef7dce,Contact: 285.593.8037x862
34bdba0d-8e4a-4806-88a3-920bed6420ba,Oncologic,cd43cfeb-8938-4b90-9341-45328252f723,5ba830dc-245d-46ca-af6a-219672ef7dce,Contact: 908-654-6203x943
6fb3dafa-6d9e-47ae-8acb-56bb00d2870b,Otolaryngologic,1af55c26-8808-4ebc-b5d4-cd35a08c3a00,2d20481a-d216-4d53-9408-8ff7d7133061,Contact: +1-702-415-6346
370934f0-53db-4e97-975c-f014b94f6849,Pulmonary,c20166e3-ca68-4a98-b48e-f9a86aeb5a32,2d20481a-d216-4d53-9408-8ff7d7133061,Contact: +1-506-564-5383x99907
2f25a8cd-de69-4e1e-a922-bc1d47ede528,Toxicologic,cd43cfeb-8938-4b90-9341-45328252f723,2d20481a-d216-4d53-9408-8ff7d7133061,Contact: 630.213.6660x294
7c7718ce-4c4e-4314-b43b-cd00913edb04,Renal,dbb59fc2-5cff-496e-bd03-c81f7ff35029,2d20481a-d216-4d53-9408-8ff7d7133061,Contact: (919)551-7539x9015
195f908d-bd96-45c9-8a08-2de74f6d4f01,Optometric,cc4da021-dd62-4222-99ef-e28b3bcb50b3,2d20481a-d216-4d53-9408-8ff7d7133061,Contact: 001-401-296-3737x86872
dc0f71ff-12ef-4ae2-b46d-dff4865d2030,Dermatology,d80d6a1c-c247-4fd6-83e9-ba024cea2df0,754724dd-269b-4c3b-abf0-f4bd4af0a6fe,Contact: (652)619-9579x37602
ab07fbb6-d826-47a1-8b5f-0fc389c936a9,Gastroenterologic,3fcb34fa-bc39-41b3-bb1d-867704e6748a,754724dd-269b-4c3b-abf0-f4bd4af0a6fe,Contact: (590)871-7478x57914
a556df18-7145-4467-9a0b-37e8769f513a,Endocrine,cd43cfeb-8938-4b90-9341-45328252f723,754724dd-269b-4c3b-abf0-f4bd4af0a6fe,Contact: (675)314-9392
df66946a-0116-4168-bac8-a7602d5df04a,Public Health,d80d6a1c-c247-4fd6-83e9-ba024cea2df0,054b8816-0d18-433e-befa-2faf58ba0bf3,Contact: +1-898-778-7420
b395bc69-0c37-4a52-afed-86014d41c145,Pharmacy Specialty,a032149d-06fa-4b60-a063-75b8bb937826,054b8816-0d18-433e-befa-2faf58ba0bf3,Contact: 5033610679
2c7ff2ed-04ae-4e3e-b0c5-380244744ac6,Pulmonary,565af699-d3bb-43d7-9e12-425cb42fb357,054b8816-0d18-433e-befa-2faf58ba0bf3,Contact: 290.210.4272x3338
54f78e89-7d12-41b7-b2f5-eeeecd36c0c3,Surgical,28cdc38a-85b3-43d3-b56b-6c0dcff0c8ac,054b8816-0d18-433e-befa-2faf58ba0bf3,Contact: (210)990-0364
19b5024c-eee2-4362-8ccb-cb6e42e14ce9,Pulmonary,1d8cca3b-6261-4790-83a0-61c445a16970,583678ee-f3ca-4f64-a7fa-8b8a909b471c,Contact: +1-521-655-8389
2f70b365-286c-4c4a-bf79-6219860d23d6,Pulmonary,caa0a679-6e83-47b2-8857-d8c3b4a06976,583678ee-f3ca-4f64-a7fa-8b8a909b471c,Contact: (811)346-6848x215
2fb4fb36-eb79-498c-b715-eeb2d1da4bba,Oncologic,ac33f644-4053-4188-b39d-78f5d658b1b3,583678ee-f3ca-4f64-a7fa-8b8a909b471c,Contact: 2682094953
3bc35d42-0593-4316-887b-c43feff10c1d,Laboratory Science,8d2ad974-4a86-4655-8a9d-499ca2698c2d,a8ab29f1-1033-4310-ab7b-de99878f40ed,Contact: 311-444-7016x34499
5c9fb440-5ecc-4838-9e33-ae648b5ff9ef,Primary Care,2258edf3-0ff0-452a-8b25-91c40021b632,a8ab29f1-1033-4310-ab7b-de99878f40ed,Contact: 550-516-4540x275
88ae0b76-58e3-4282-ac96-8ec313626040,Psychiatric,e5039055-f90b-4724-b883-a8ea44e8a604,a8ab29f1-1033-4310-ab7b-de99878f40ed,Contact: +1-912-529-3814x86053
1a124068-815c-47ed-b795-71ddf67d2311,Otolaryngologic,e245a460-0004-484c-8167-733f9a9e4310,a8ab29f1-1033-4310-ab7b-de99878f40ed,Contact: 835.895.5990x615
d9d2a060-21fa-4d49-bd30-21855fbb6303,Cardiovascular,c1308a09-cddd-43bb-b56a-a13d13f1484a,a8ab29f1-1033-4310-ab7b-de99878f40ed,Contact: (266)784-3316x323
60b1c120-f4c1-423b-9a47-b8f9cee41404,Geriatric,882ab925-80b2-4b0c-aa24-65cf16c2b4aa,b38e5adb-a93f-4902-88de-c9ab27c3e784,Contact: +1-711-698-9052x2576
f7a8992f-4a05-4311-8479-1523ef31b7de,Plastic Surgery,c1308a09-cddd-43bb-b56a-a13d13f1484a,b38e5adb-a93f-4902-88de-c9ab27c3e784,Contact: 762-772-7268x55102
b6600ef9-1f4e-4e4c-b417-ccdfaa3e06f9,Otolaryngologic,ec3aa314-da9b-4017-b9c1-47c719a5711b,b38e5adb-a93f-4902-88de-c9ab27c3e784,Contact: 559-301-7893x0771
a5cecde7-ea4b-44c7-b501-fab6346bdeda,Urologic,b2f11ef9-d486-4482-8078-cb124b7350d1,92b95731-13f2-4c86-ab83-f00fed2ee36f,Contact: +1-435-850-4405x905
6efeb18f-aaa6-4ef9-bbb6-ba4c140ab78e,Pediatric,565af699-d3bb-43d7-9e12-425cb42fb357,92b95731-13f2-4c86-ab83-f00fed2ee36f,Contact: +1-327-978-5050
f37412b0-01c6-43da-b515-36847c74077e,Psychiatric,94291726-6557-438d-a175-f16a9a642c24,92b95731-13f2-4c86-ab83-f00fed2ee36f,Contact: 680.816.1627
8802bd32-dc6b-4272-9e9c-8d98016e1c7c,Respiratory Therapy,28fafd04-559b-4975-b2d6-50af313b32b7,92b95731-13f2-4c86-ab83-f00fed2ee36f,Contact: 5932292727
ee220a40-0b99-49aa-8458-d9ea815c8e7a,Surgical,c110412c-3843-4ed6-a586-94b6113c1836,a02a1b21-a2a7-40fc-8683-ad336f844392,Contact: 977.964.7599x81290
6ca812e0-446f-4e5b-bacb-f932e154d19d,Pathology,65e04993-7f41-4fed-9e70-e79933a1d1c2,a02a1b21-a2a7-40fc-8683-ad336f844392,Contact: 200.556.7399
55b3d2a2-c75b-4900-911f-eb6ef979918a,Dermatology,b693f4ef-1ad5-46c3-acb0-3f486ed63ea4,a02a1b21-a2a7-40fc-8683-ad336f844392,Contact: 624.888.2691
eeb8ded2-9dd4-4d96-9014-ea85378f3834,Pediatric,565af699-d3bb-43d7-9e12-425cb42fb357,a02a1b21-a2a7-40fc-8683-ad336f844392,Contact: (762)868-7146x556
35577250-01cf-4225-82db-3c31abeca21d,Neurologic,c8a70639-eb11-47b3-a7a9-c3787c65c1e5,5096ccf2-067f-4ce7-b1ff-06dcf45aa79b,Contact: 853.715.0663x963
a290f0f5-3500-400f-8450-2efc1db1d12e,Otolaryngologic,90a00ee1-70e2-4e61-a29b-24d72bdc9c10,5096ccf2-067f-4ce7-b1ff-06dcf45aa79b,Contact: 513-941-3239x6542
7c637708-21a2-49a0-807f-6b5e01c94a07,Dermatology,df8693ce-4534-42cd-bfeb-5d5f00f520f4,5096ccf2-067f-4ce7-b1ff-06dcf45aa79b,Contact: +1-491-404-7438x8254
f7844118-6747-424e-92db-5c19c61a423b,Infectious,7680891b-6bb6-404e-a0db-22d329e316ad,ccd9f2af-339c-4a75-83fd-46ffd03459a4,Contact: 001-845-977-6297x346
caa93442-e48a-48f0-97bd-f4e30fca4c0c,Musculoskeletal,1d8cca3b-6261-4790-83a0-61c445a16970,ccd9f2af-339c-4a75-83fd-46ffd03459a4,Contact: 850.757.5711x8449
74816fcd-a58f-455b-a7ab-5912e2ab5667,Geriatric,e5039055-f90b-4724-b883-a8ea44e8a604,ccd9f2af-339c-4a75-83fd-46ffd03459a4,Contact: 257-768-0685
f35fd4a8-05e1-4a9a-a643-7b65c63c3d08,Physiotherapy,29f2c3c7-4505-44f6-8a8c-46c709215f4f,ccd9f2af-339c-4a75-83fd-46ffd03459a4,Contact: 001-578-596-3048
67a73ff9-8167-4284-9d62-367eaf647046,Physiotherapy,f325f875-e417-4ba3-a4ee-c62b51306e5c,1519401c-8b1f-4137-8ea2-55e08e50c79a,Contact: 280-845-5072
9d0c7363-45ba-481f-bb6f-be5540136ca4,Oncologic,d2fb05ca-3a72-4b9f-96fb-5c72ed6a1bfc,1519401c-8b1f-4137-8ea2-55e08e50c79a,Contact: 001-783-442-3373x3453
31920482-626a-4f3e-89ce-779910160550,Obstetric,1fe32b56-69f5-4741-8686-1f295cb76bb9,1519401c-8b1f-4137-8ea2-55e08e50c79a,Contact: 001-239-293-6274x91143
733e6301-f28f-4eb0-9654-012d59688841,Renal,8d2ad974-4a86-4655-8a9d-499ca2698c2d,1519401c-8b1f-4137-8ea2-55e08e50c79a,Contact: 747-364-3858x9156
e4fce1fd-c600-49b6-bab8-ee7388fb786c,Pediatric,d1f0c570-bf55-45ce-98a1-a54654a6087c,1519401c-8b1f-4137-8ea2-55e08e50c79a,Contact: (497)499-6854
2743fd04-137b-467c-b55f-daedcf6f1f1f,Laboratory Science,9cdeb3e6-0870-415c-afcd-81b5d24bace4,0d5f024a-e963-444a-a3b7-4101cbf8e26a,Contact: 340-938-5685
8b04fdf2-33dc-4af7-8634-7400066601f6,Respiratory Therapy,1db53334-fb03-43a1-9576-d4155ec17dbe,0d5f024a-e963-444a-a3b7-4101cbf8e26a,Contact: (506)969-8831x15684
a4cf0bc0-a184-42ec-ac2f-3164763f5917,Infectious,f5492e22-e0df-4f74-afe7-8b604bdd5f99,0d5f024a-e963-444a-a3b7-4101cbf8e26a,Contact: +1-699-248-8751x05572
2e501b5a-739e-45b6-b48a-7aeb100de114,Nursing,565af699-d3bb-43d7-9e12-425cb42fb357,0d5f024a-e963-444a-a3b7-4101cbf8e26a,Contact: 748.722.9138x2701
ec46ea3a-3a00-4a49-9985-3c7c6d734ec1,Endocrine,a1515607-964a-470c-bc87-9b741d878f9f,9db31510-675d-4855-ad55-90c905765983,Contact: 967-699-8199
7ab08ef0-89da-4bbb-9756-1bef07c05f03,Respiratory Therapy,12bdf75f-b3c1-41c3-93f2-a37c64d02759,9db31510-675d-4855-ad55-90c905765983,Contact: 684-419-5092
395ad189-7a40-440a-9297-a1895710c060,Dermatology,c20166e3-ca68-4a98-b48e-f9a86aeb5a32,9db31510-675d-4855-ad55-90c905765983,Contact: (758)805-5973x7699
28dff27a-30c6-4647-ba5d-92dc6db8b178,Speech Pathology,ac33f644-4053-4188-b39d-78f5d658b1b3,9db31510-675d-4855-ad55-90c905765983,Contact: 803.507.0212x8311
29466b49-057f-41be-a77b-ebcf87417971,Emergency,ac33f644-4053-4188-b39d-78f5d658b1b3,9db31510-675d-4855-ad55-90c905765983,Contact: (321)365-8370x1138
b7fe9c62-f117-4b2c-8fd9-9577f83e6cc1,Podiatric,7680891b-6bb6-404e-a0db-22d329e316ad,8c5c192f-f1c5-4dda-a828-03705672ebc7,Contact: 491-602-4798
d6a2c182-4b2a-4be7-a85b-3447fcd375da,Radiography,c9a6e611-613f-418d-896e-f1a5ac707464,8c5c192f-f1c5-4dda-a828-03705672ebc7,Contact: 001-799-535-4272
9edcf3a9-beb7-4d97-a075-19933d140b67,Urologic,043d2c47-3b56-435e-85c5-96d442d01ba3,8c5c192f-f1c5-4dda-a828-03705672ebc7,Contact: (476)509-2904x1060
139b6357-4e3a-480f-a90d-b4fbe986fd22,Otolaryngologic,8f3e64f4-7914-4a61-ae65-afeb1b674518,8c5c192f-f1c5-4dda-a828-03705672ebc7,Contact: +1-730-297-6673x41576
1d77c02e-d924-4e45-883a-7379a850d907,Pediatric,66f1b0a0-7a1a-462b-ba13-834fde8e3228,2982100c-0372-4e33-8550-7d2b909e7f78,Contact: 001-597-273-7804
fddcfa71-d52a-45a0-ba77-1420ee95755b,Respiratory Therapy,9c6316b9-50f2-4455-af25-e2a25a921187,2982100c-0372-4e33-8550-7d2b909e7f78,Contact: 001-258-340-6533x35091
990ea430-5ab1-4bc1-8d15-c2fa38145532,Gastroenterologic,483c1a4e-a91d-42cd-8bf0-6f64b4178592,2982100c-0372-4e33-8550-7d2b909e7f78,Contact: 001-418-364-3277x7391
95896e6c-d570-4e7b-975b-4b67ce920ea9,Infectious,9c6316b9-50f2-4455-af25-e2a25a921187,2982100c-0372-4e33-8550-7d2b909e7f78,Contact: (514)664-3213
dd9ef6c2-0c5b-4bae-8841-401640b5b1e0,Primary Care,f190cb53-b489-45c7-a22f-6e82ecdd001e,2982100c-0372-4e33-8550-7d2b909e7f78,Contact: 528-574-2113
7f3b4a27-3289-42a1-b3e3-cabd21a5123f,Emergency,ec3aa314-da9b-4017-b9c1-47c719a5711b,b6118bd6-553a-473a-afb9-f3a8e9e7e1ba,Contact: +1-471-856-8206x992
87d7563b-b809-4164-9e55-ed3fec652ba6,Primary Care,9c6316b9-50f2-4455-af25-e2a25a921187,b6118bd6-553a-473a-afb9-f3a8e9e7e1ba,Contact: +1-933-253-9706
50b7865f-338a-44df-923a-c49a8a6a7ef2,Dermatology,03743263-4a06-49aa-827a-cd0de15093b0,b6118bd6-553a-473a-afb9-f3a8e9e7e1ba,Contact: (405)571-8964
1d87667a-79b6-48c8-8449-0b5daa14625c,Infectious,cd43cfeb-8938-4b90-9341-45328252f723,b6118bd6-553a-473a-afb9-f3a8e9e7e1ba,Contact: 001-237-249-4409x541
eaae3ff9-e253-4b7a-b7e0-b34ae6a12838,Urologic,a53011a2-3d74-49ee-a514-1471ea951570,469fc269-ff7a-4d86-809b-3c5bd5e8b89c,Contact: 5212044111
f109bc67-a0f8-4547-9713-88efc973c4e3,Cardiovascular,9cdeb3e6-0870-415c-afcd-81b5d24bace4,469fc269-ff7a-4d86-809b-3c5bd5e8b89c,Contact: 759-797-0897x64903
6b6d74ab-2bb0-4006-9242-b4a9d42d6040,Laboratory Science,ce03a34d-a022-4fee-843f-b606e8b7e2da,469fc269-ff7a-4d86-809b-3c5bd5e8b89c,Contact: 460.204.9834
ff05837a-d197-4115-a6e6-b95eb8daa0d6,Plastic Surgery,69fcbef0-275f-475c-83f3-f74dd3861b58,469fc269-ff7a-4d86-809b-3c5bd5e8b89c,Contact: 630-809-2792x395
13f77637-c5fd-4007-b257-0a2e80746d98,Respiratory Therapy,14ed05bd-e4d0-4ebe-9335-914ce62ce6a3,469fc269-ff7a-4d86-809b-3c5bd5e8b89c,Contact: 673.644.0594x94345
1cad91e8-7c36-470b-a0b9-ad71e13f1200,Infectious,e10b4aad-a92d-4b05-a9bc-cee9a71b80ef,28b4d5b9-693d-493c-b96f-9881572abb53,Contact: 001-816-532-3458x779
d96be2f7-71cf-4553-8abc-0ff7c66e72f6,Geriatric,ef8d9ff0-1583-4fee-ac41-e6f66c0be55c,28b4d5b9-693d-493c-b96f-9881572abb53,Contact: 713-397-4910x01386
b876a4fa-4baa-4c4d-bb90-669d174f9164,Endocrine,402492a3-c334-4558-82ce-e5817e15aa2c,28b4d5b9-693d-493c-b96f-9881572abb53,Contact: 270.948.8759x7283
3fff1ee0-f5fd-4c69-bd8b-b235910f8f66,Urologic,2e0885fc-5da2-4c06-b146-b0800a2cf6a9,58ccf9b4-354a-41bd-ba56-12f7600aa45e,Contact: 001-430-841-6565
287a302d-6a2d-4ae7-a0fc-8e2974fb3857,Psychiatric,1fe253b0-7980-4aaa-a93b-4418b170b1ed,58ccf9b4-354a-41bd-ba56-12f7600aa45e,Contact: 405.677.1549
861cd2f0-3206-457c-b5e3-2bfa09404351,Podiatric,2258edf3-0ff0-452a-8b25-91c40021b632,58ccf9b4-354a-41bd-ba56-12f7600aa45e,Contact: 243-517-1875x2481
e1bfbdfa-89c2-4c11-9cee-a833388beaf3,Psychiatric,7fa74d8a-ff88-4c82-bf99-d273d5627386,7e3801af-d1a8-47b0-a2b3-ce34867a4ac9,Contact: (655)634-3806
a0590a44-1591-49bd-84f6-718b632b16d2,Geriatric,11fba56e-300a-4187-9cb9-f9aabf4ddeaa,7e3801af-d1a8-47b0-a2b3-ce34867a4ac9,Contact: 6094238082
f0924ea8-7c83-4381-9587-67902916bc05,Speech Pathology,65e04993-7f41-4fed-9e70-e79933a1d1c2,7e3801af-d1a8-47b0-a2b3-ce34867a4ac9,Contact: 5794483513
7a1e3ce6-8410-41dc-8799-3aaf27ab3d22,Dentistry,d974c146-e8ec-41b3-9145-91aef03d866a,7e3801af-d1a8-47b0-a2b3-ce34867a4ac9,Contact: 874-635-3277x2836
a6107c63-5924-4ab7-b7c9-f06dfdc7cb19,Psychiatric,1af55c26-8808-4ebc-b5d4-cd35a08c3a00,7e3801af-d1a8-47b0-a2b3-ce34867a4ac9,Contact: 272-966-7639x0498
699bc842-0c0a-40c3-9d70-87fa939b9164,Nursing,b3191702-bb80-498d-970d-a545839137a6,25cc2478-276d-4e19-b924-e06aaef5baef,Contact: +1-292-600-9421x045
6110e83c-1a44-4f29-a442-6c12d8ea05db,Diet Nutrition,caa0a679-6e83-47b2-8857-d8c3b4a06976,25cc2478-276d-4e19-b924-e06aaef5baef,Contact: (653)932-9765x78291
22f4bfe5-1daf-4318-982c-48259eb7e4e3,Pulmonary,7fa74d8a-ff88-4c82-bf99-d273d5627386,25cc2478-276d-4e19-b924-e06aaef5baef,Contact: 483-485-6951x5701
e1c0cba0-46c9-4999-8187-bdc0aa20ccea,Gynecologic,8f3e64f4-7914-4a61-ae65-afeb1b674518,25cc2478-276d-4e19-b924-e06aaef5baef,Contact: (232)555-8339
5f779a39-d619-4f9e-bd1b-254e8b5bff25,Public Health,2258edf3-0ff0-452a-8b25-91c40021b632,40fe81ec-b259-46a0-9591-99005e7cfaad,Contact: (567)373-7864
ca917dfb-7673-4f45-ba4f-a3cf84185d2d,Diet Nutrition,c9a6e611-613f-418d-896e-f1a5ac707464,40fe81ec-b259-46a0-9591-99005e7cfaad,Contact: (994)451-1237x82072
326e1c2f-2fcf-48b7-bcef-f66406a70ddf,Toxicologic,39b66d71-951a-4518-87e7-7e2b6b291a13,40fe81ec-b259-46a0-9591-99005e7cfaad,Contact: +1-805-357-4595x514
eb14c394-7d70-47fb-87ca-a96bb098a39f,Respiratory Therapy,39b66d71-951a-4518-87e7-7e2b6b291a13,55a3a129-67ba-4b1a-9695-4911a4e0ee5b,Contact: +1-559-256-1102x895
a8888536-1a69-4238-8f48-4ea414430464,Optometric,30c32323-c1b1-49c4-9f1f-f97c71cff814,55a3a129-67ba-4b1a-9695-4911a4e0ee5b,Contact: 366-345-7034x5650
dc21b3e8-502e-4f40-8a01-3a86fbfa7549,Hematologic,11fba56e-300a-4187-9cb9-f9aabf4ddeaa,55a3a129-67ba-4b1a-9695-4911a4e0ee5b,Contact: 001-720-549-4938
9dd3d38a-237d-49a4-b4fd-b434d2cccc37,Genetic,d974c146-e8ec-41b3-9145-91aef03d866a,55a3a129-67ba-4b1a-9695-4911a4e0ee5b,Contact: 262.814.6554x653
f4a9f3dc-12cf-4121-9090-99512517ddaa,Dentistry,6d80ab08-c963-4148-904d-ff6623f1b67e,f3fa8613-90ed-41f4-a4ab-a3f67a658abe,Contact: (938)427-4907
634fd76b-db15-4331-8074-e160a67a1a7d,Neurologic,4e60678b-82f4-448a-b8a5-5d6bf2ded00f,f3fa8613-90ed-41f4-a4ab-a3f67a658abe,Contact: 599-237-6858
46695f55-055c-44dd-a478-10a6d368e0d6,Physiotherapy,90a00ee1-70e2-4e61-a29b-24d72bdc9c10,f3fa8613-90ed-41f4-a4ab-a3f67a658abe,Contact: +1-562-333-9698x220
3d06e52a-0109-49ae-9603-3638fa81c2c4,Cardiovascular,90a00ee1-70e2-4e61-a29b-24d72bdc9c10,f3fa8613-90ed-41f4-a4ab-a3f67a658abe,Contact: 001-811-803-3235
168d8bf9-96de-4955-9e83-2d6c14fcfef1,Neurologic,03743263-4a06-49aa-827a-cd0de15093b0,f3fa8613-90ed-41f4-a4ab-a3f67a658abe,Contact: 761-685-0104x40215
6d0e08d4-a819-4751-b438-09262bec2a52,Urologic,f190cb53-b489-45c7-a22f-6e82ecdd001e,3ddf55b2-0151-48db-af8c-96a918f7e499,Contact: 001-233-311-6279x87882
34f94c9b-275a-460d-bb1e-aff70476d968,Otolaryngologic,7b2e1b82-e89d-4815-8f92-8dc519724ce3,3ddf55b2-0151-48db-af8c-96a918f7e499,Contact: 690-618-8424x56160
7eab9dfd-514a-42ef-9ba8-b8f16a610363,Optometric,c1308a09-cddd-43bb-b56a-a13d13f1484a,3ddf55b2-0151-48db-af8c-96a918f7e499,Contact: 001-540-507-2103x431
4b703e9e-6ee4-4785-8b98-a7b581164669,Gastroenterologic,ec3aa314-da9b-4017-b9c1-47c719a5711b,3ddf55b2-0151-48db-af8c-96a918f7e499,Contact: 579.296.3303x524
68a08ddb-e338-49cd-af64-d5df8eb2455f,Toxicologic,69fcbef0-275f-475c-83f3-f74dd3861b58,3ddf55b2-0151-48db-af8c-96a918f7e499,Contact: +1-253-424-1205
1c24bcf6-87e8-49a7-9116-8820a76d4b32,Pediatric,b3191702-bb80-498d-970d-a545839137a6,a8f614bd-7b2a-4677-86b7-e7cbbe0d24ed,Contact: 301-526-9407
82597982-9bd1-4023-ba16-4bd79b6e9d9f,Podiatric,043d2c47-3b56-435e-85c5-96d442d01ba3,a8f614bd-7b2a-4677-86b7-e7cbbe0d24ed,Contact: +1-403-820-9744
2ab9c185-1af0-4d28-90be-a76be7326e1f,Nursing,a1c2d9bf-0dcf-435b-b552-c6e86953a115,a8f614bd-7b2a-4677-86b7-e7cbbe0d24ed,Contact: 582-372-0904
7c3f9774-732e-4a92-8207-f95042810d57,Psychiatric,b5c03f6f-94e4-4c44-a3fb-dbda86ae9d5c,a8f614bd-7b2a-4677-86b7-e7cbbe0d24ed,Contact: 849.386.7473
1f3fd2cd-335a-4b7b-a45e-83f96b0b9773,Otolaryngologic,e5039055-f90b-4724-b883-a8ea44e8a604,f4b445aa-edfd-4291-afdb-5c0dbe4a565e,Contact: 001-859-330-8106x5335
e689bad6-b97c-4029-9df0-c3120bb789b4,Plastic Surgery,f5492e22-e0df-4f74-afe7-8b604bdd5f99,f4b445aa-edfd-4291-afdb-5c0dbe4a565e,Contact: 464.246.9469x2201
5d374869-9b91-4fb5-9e4f-47395147fd2c,Plastic Surgery,6c32faff-a9fa-4ea6-b8db-1a4d584d3c02,f4b445aa-edfd-4291-afdb-5c0dbe4a565e,Contact: 676.336.0586x79969
2bdeeefe-495e-4e7c-ac7f-9f90a2d6d8c8,Oncologic,483c1a4e-a91d-42cd-8bf0-6f64b4178592,c57842a9-934c-472a-8c72-fe13fbf28c1c,Contact: +1-289-986-4291x4646
48be9890-da9f-4546-8600-3bbc3464a4d6,Community Health,9aca0c4a-d24e-4104-9dd2-6234213124bd,c57842a9-934c-472a-8c72-fe13fbf28c1c,Contact: 709.884.1656
f1232231-5004-44c4-b5d1-f3f4d7a9c5ed,Emergency,90a00ee1-70e2-4e61-a29b-24d72bdc9c10,c57842a9-934c-472a-8c72-fe13fbf28c1c,Contact: 5017986165
590b57d9-b56a-4ae6-b7fa-36fc5587e3c5,Nursing,29f2c3c7-4505-44f6-8a8c-46c709215f4f,c57842a9-934c-472a-8c72-fe13fbf28c1c,Contact: (825)551-4544x269
e6a4ea77-3ad9-4abe-9ac4-5edb9be6a1c7,Emergency,9cdeb3e6-0870-415c-afcd-81b5d24bace4,852d2ee5-0061-4d30-9907-3286329cd43a,Contact: 972-242-4003x551
7cb9ca3e-f0d3-4406-a74f-48f946038cab,Dentistry,29f2c3c7-4505-44f6-8a8c-46c709215f4f,852d2ee5-0061-4d30-9907-3286329cd43a,Contact: 835.711.4774
2f79f52c-8b10-4b3c-9469-0522f0c8092f,Psychiatric,3b019fcb-f96d-4403-948c-93f3028d042b,852d2ee5-0061-4d30-9907-3286329cd43a,Contact: 412-964-1894
3ef1b23b-e15e-487a-bb1a-b1d26a2edd95,Rheumatologic,106861d3-633d-4c54-b304-59cc30c42d61,852d2ee5-0061-4d30-9907-3286329cd43a,Contact: (944)352-4314x665
d772d31b-edf9-42db-91bf-3e48abb79705,Obstetric,03743263-4a06-49aa-827a-cd0de15093b0,852d2ee5-0061-4d30-9907-3286329cd43a,Contact: +1-432-273-9540
71bd78ea-5e32-4e82-b486-97b7b201cf6f,Pulmonary,1af55c26-8808-4ebc-b5d4-cd35a08c3a00,b6ffe12c-1a6f-4c9a-b1f7-e90f40709bd4,Contact: 894-952-0942x0771
77082bdc-0907-4a13-9511-a3f9c46e1738,Plastic Surgery,51783032-8066-449b-b1d7-92a07d25cefb,b6ffe12c-1a6f-4c9a-b1f7-e90f40709bd4,Contact: +1-963-942-9771x56847
4f22070d-ed39-4be0-9153-9f8f503618d0,Urologic,b3191702-bb80-498d-970d-a545839137a6,b6ffe12c-1a6f-4c9a-b1f7-e90f40709bd4,Contact: 911-213-6719
2447e1ba-2da2-4cd5-8a8e-d273ece12e8b,Optometric,663eab2b-c832-45cc-995d-767b0c1333ce,41229d75-6a8d-4e84-a0fe-652b56fe2301,Contact: 001-968-352-5237x62152
55036727-26fd-4a53-b622-e417f38cc555,Respiratory Therapy,d974c146-e8ec-41b3-9145-91aef03d866a,41229d75-6a8d-4e84-a0fe-652b56fe2301,Contact: 001-801-344-4293x67804
8d5d9790-8a2a-4b8e-9ea6-7c394c08c6ba,Emergency,a53011a2-3d74-49ee-a514-1471ea951570,41229d75-6a8d-4e84-a0fe-652b56fe2301,Contact: (744)817-3470x3010
0a09ac26-fc17-41ce-8c6a-ee622490a429,Musculoskeletal,8f3e64f4-7914-4a61-ae65-afeb1b674518,f807cdd9-2618-4c80-adf6-b1e0ee8f0e09,Contact: 614-874-2645
844e028f-cfc0-4695-9402-cca16bfee0d5,Plastic Surgery,f5492e22-e0df-4f74-afe7-8b604bdd5f99,f807cdd9-2618-4c80-adf6-b1e0ee8f0e09,Contact: 697-663-2742x1922
1c8b9244-5119-41d8-9b28-36ea46e98b75,Laboratory Science,c8a70639-eb11-47b3-a7a9-c3787c65c1e5,f807cdd9-2618-4c80-adf6-b1e0ee8f0e09,Contact: 9318958049
41c9edfe-2ba1-4841-9ec1-8b76e589d4bc,Anesthesia,3b019fcb-f96d-4403-948c-93f3028d042b,f807cdd9-2618-4c80-adf6-b1e0ee8f0e09,Contact: +1-633-595-2000x31071
e5ebfa13-b744-4dad-9b30-f8948122a08e,Surgical,043d2c47-3b56-435e-85c5-96d442d01ba3,f807cdd9-2618-4c80-adf6-b1e0ee8f0e09,Contact: +1-862-938-8927x6308
9c1607dd-6831-44bc-a669-93e9f141f337,Psychiatric,e10b4aad-a92d-4b05-a9bc-cee9a71b80ef,53fb2ed1-b953-4807-b009-61c3855a7d8d,Contact: 881.629.2592x96596
95c864e7-6849-4382-a7b4-1f7834e9ecf5,Surgical,1759edc3-72ae-4244-8b01-63c1cd9d2b7d,53fb2ed1-b953-4807-b009-61c3855a7d8d,Contact: (683)371-0978x05557
b3975da9-113c-48f4-93ca-44770fa2d273,Cardiovascular,94291726-6557-438d-a175-f16a9a642c24,53fb2ed1-b953-4807-b009-61c3855a7d8d,Contact: 224-231-1930x4641
3bdcd5c1-aa9b-448d-a134-b4aabc8f167a,Emergency,a867a0f0-a8e6-4772-b9cd-e60cab1e6794,53fb2ed1-b953-4807-b009-61c3855a7d8d,Contact: 962-399-5133
391bac68-85cf-40df-8e7f-88c7df171830,Podiatric,a032149d-06fa-4b60-a063-75b8bb937826,53fb2ed1-b953-4807-b009-61c3855a7d8d,Contact: 572.879.5321x47806
966d66ed-741b-4eed-a9b9-5826d33f87bb,Toxicologic,a53011a2-3d74-49ee-a514-1471ea951570,af3cb9d0-a92c-4c3e-b957-f0829c272c51,Contact: (760)280-8389
865012fa-16d6-4cf4-a1ac-dfefc6f2aace,Diet Nutrition,a1c2d9bf-0dcf-435b-b552-c6e86953a115,af3cb9d0-a92c-4c3e-b957-f0829c272c51,Contact: 432-565-3163
4c92b195-6919-402b-9d2b-0c26787edf5e,Optometric,69fcbef0-275f-475c-83f3-f74dd3861b58,af3cb9d0-a92c-4c3e-b957-f0829c272c51,Contact: (624)546-5333x626
51688dc6-0aab-4d43-96f3-d9032b284222,Infectious,a032149d-06fa-4b60-a063-75b8bb937826,8a647b9f-b52f-4009-b6c0-c651f361c497,Contact: +1-859-504-3720x28357
2e567afc-c3e6-403c-a0c5-716a876a516f,Toxicologic,8e751eb7-64d0-4913-991b-8adf0202861c,8a647b9f-b52f-4009-b6c0-c651f361c497,Contact: +1-578-992-0906x20396
86dd3b65-673b-45c0-8740-516000f840fe,Genetic,d020baee-95fc-4389-8cd6-6756583e26a4,8a647b9f-b52f-4009-b6c0-c651f361c497,Contact: +1-414-470-5707
9d99eb49-f01e-44df-b15f-d5e8fc3a49ce,Midwifery,8f3e64f4-7914-4a61-ae65-afeb1b674518,5c29b6da-c1d7-4be9-9df4-97f16b5a174d,Contact: (375)701-3901x643
7a658913-ccf2-4a43-958c-5ac43c000d99,Anesthesia,12bdf75f-b3c1-41c3-93f2-a37c64d02759,5c29b6da-c1d7-4be9-9df4-97f16b5a174d,Contact: +1-268-933-6177
3a08493c-3271-4cf6-8071-ec94327bf1b3,Emergency,ea455fc7-c80c-4483-b4dd-7624c3d9b3b0,5c29b6da-c1d7-4be9-9df4-97f16b5a174d,Contact: 398-921-7966x2001
347bdfff-1276-4b2e-985f-965898ed2175,Renal,6d80ab08-c963-4148-904d-ff6623f1b67e,7c2b940d-9045-4445-958c-d60ea07f7f47,Contact: (654)209-8978x8515
dd1605b7-a8fe-44bf-8f5e-13c0452bca94,Public Health,1af55c26-8808-4ebc-b5d4-cd35a08c3a00,7c2b940d-9045-4445-958c-d60ea07f7f47,Contact: 4654079523
7042924d-affb-4b09-8673-65a7d11b3ec4,Endocrine,a53011a2-3d74-49ee-a514-1471ea951570,7c2b940d-9045-4445-958c-d60ea07f7f47,Contact: 723.242.1321x477
b3cb3622-59c2-4586-b20c-d72124d6635e,Otolaryngologic,6c32faff-a9fa-4ea6-b8db-1a4d584d3c02,d31224e0-bebb-460d-b085-ee6da31cc5d2,Contact: 700.342.9074
6028562f-f6e4-45cd-a753-625ca092979e,Pharmacy Specialty,90a00ee1-70e2-4e61-a29b-24d72bdc9c10,d31224e0-bebb-460d-b085-ee6da31cc5d2,Contact: 256-256-5538x473
5b4e9592-e280-4519-9d8e-dc4247551d51,Primary Care,28cdc38a-85b3-43d3-b56b-6c0dcff0c8ac,d31224e0-bebb-460d-b085-ee6da31cc5d2,Contact: (699)474-6302
e221d1a3-67e5-491c-9925-f560ea868539,Anesthesia,d974c146-e8ec-41b3-9145-91aef03d866a,ffbdfd47-dc79-42f0-9338-94b3854ca896,Contact: 594-605-1955x8593
509e7263-2a8a-4952-8344-866204a4211a,Psychiatric,3fcb34fa-bc39-41b3-bb1d-867704e6748a,ffbdfd47-dc79-42f0-9338-94b3854ca896,Contact: 001-783-894-5365x865
3bc3373b-d196-4439-8aef-728c6791a5d4,Endocrine,403d1f83-a859-490c-9670-f668637e0edc,ffbdfd47-dc79-42f0-9338-94b3854ca896,Contact: +1-581-441-5728x7814
8ca9db0b-5347-4d8a-84ba-f4271e49dc9e,Respiratory Therapy,7fa74d8a-ff88-4c82-bf99-d273d5627386,d4062cce-773a-43fb-b750-3d7733672754,Contact: 5588025719
0d08fd13-43b5-4520-bb19-e603aa041558,Surgical,c20166e3-ca68-4a98-b48e-f9a86aeb5a32,d4062cce-773a-43fb-b750-3d7733672754,Contact: 2958894508
abbddadb-afd6-424f-b5ec-11f33d867dc8,Surgical,df8693ce-4534-42cd-bfeb-5d5f00f520f4,d4062cce-773a-43fb-b750-3d7733672754,Contact: 442.860.3361x1415
1a3afac9-365c-4e11-9cda-0f4b1d749336,Nursing,39b66d71-951a-4518-87e7-7e2b6b291a13,d4062cce-773a-43fb-b750-3d7733672754,Contact: (533)585-1834
1436d260-d434-492d-8bbe-ea054653ff61,Endocrine,df8693ce-4534-42cd-bfeb-5d5f00f520f4,d4062cce-773a-43fb-b750-3d7733672754,Contact: 697.431.9509
88bf6f17-0493-404f-b5ed-e251e738dc60,Toxicologic,12bdf75f-b3c1-41c3-93f2-a37c64d02759,2c94151d-52fa-4935-bf28-355076847398,Contact: +1-479-985-9362x9588
5cc93118-7fb5-4235-b541-adbd13169396,Pediatric,9cdeb3e6-0870-415c-afcd-81b5d24bace4,2c94151d-52fa-4935-bf28-355076847398,Contact: 996.842.0740x1905
e224d6fc-9250-4b71-aff7-f641d2dee28e,Laboratory Science,1db53334-fb03-43a1-9576-d4155ec17dbe,2c94151d-52fa-4935-bf28-355076847398,Contact: +1-771-430-5645x8952
176088e5-5b5b-4743-ba9c-3ff31f0d918f,Cardiovascular,8e751eb7-64d0-4913-991b-8adf0202861c,2c94151d-52fa-4935-bf28-355076847398,Contact: 456-215-9268x445
17bab888-7923-42e2-b1a2-baf81c660eb4,Pediatric,c20166e3-ca68-4a98-b48e-f9a86aeb5a32,72e55360-e3ae-412e-bd4f-bfff88653e42,Contact: 934-972-6388x87272
5c1985fc-eda8-4200-bbf6-01818edcdf3f,Surgical,ec3aa314-da9b-4017-b9c1-47c719a5711b,72e55360-e3ae-412e-bd4f-bfff88653e42,Contact: +1-298-703-2156x76986
a3563cf0-4320-44c3-a8e7-222e24c7fc02,Neurologic,9cdeb3e6-0870-415c-afcd-81b5d24bace4,72e55360-e3ae-412e-bd4f-bfff88653e42,Contact: 001-829-727-1959x938
ca28e67f-855a-488d-9483-40fa2304b471,Laboratory Science,1fe32b56-69f5-4741-8686-1f295cb76bb9,72e55360-e3ae-412e-bd4f-bfff88653e42,Contact: +1-978-316-6457x956
7f5ba46e-2038-4885-b7b7-b3f1da91ef4c,Plastic Surgery,663eab2b-c832-45cc-995d-767b0c1333ce,72e55360-e3ae-412e-bd4f-bfff88653e42,Contact: 972.532.1529x8298
7846cf56-687c-417e-8e85-0b2f3934e03c,Endocrine,12bdf75f-b3c1-41c3-93f2-a37c64d02759,ed4879e7-efd1-44ee-b287-c4407881307d,Contact: +1-220-698-4481x0746
8be015fc-d1df-426b-8ad6-ae8a7a5fc0bb,Neurologic,90a00ee1-70e2-4e61-a29b-24d72bdc9c10,ed4879e7-efd1-44ee-b287-c4407881307d,Contact: 579.585.7684x9011
d74a4e60-a432-435d-861e-3ae937448afb,Pulmonary,3fcb34fa-bc39-41b3-bb1d-867704e6748a,ed4879e7-efd1-44ee-b287-c4407881307d,Contact: +1-458-628-6338x1050
251b95d4-0f63-4fda-b982-46e666f4ccdb,Plastic Surgery,f325f875-e417-4ba3-a4ee-c62b51306e5c,94d7f681-d551-4e14-a18d-99ce20fa5cd3,Contact: +1-759-714-2667x75923
9370f048-2bf9-4a1e-bc2e-6c129e698cbd,Renal,c5ac7520-cd46-48fe-b2b7-2bd2c97be2af,94d7f681-d551-4e14-a18d-99ce20fa5cd3,Contact: (965)558-6271x46308
f7023321-a90a-4843-82bb-c6354e48ce3c,Hematologic,dbb59fc2-5cff-496e-bd03-c81f7ff35029,94d7f681-d551-4e14-a18d-99ce20fa5cd3,Contact: 7497009385
c5a26b0e-83f2-4ddc-958f-522cc95e4d57,Anesthesia,b3191702-bb80-498d-970d-a545839137a6,94d7f681-d551-4e14-a18d-99ce20fa5cd3,Contact: 001-640-420-1851
94a7ef30-a032-4140-890d-a7ab58369021,Public Health,9c6316b9-50f2-4455-af25-e2a25a921187,ac91c01e-734c-4192-a557-8e91bee5f64d,Contact: +1-239-906-8566x6718
5be5e6a4-1d1a-4ea3-adc7-bc5442b37a4b,Gastroenterologic,106861d3-633d-4c54-b304-59cc30c42d61,ac91c01e-734c-4192-a557-8e91bee5f64d,Contact: 275-486-6189
d236253d-a460-47c0-ac5e-9c016933d3c0,Pulmonary,9cdeb3e6-0870-415c-afcd-81b5d24bace4,ac91c01e-734c-4192-a557-8e91bee5f64d,Contact: (650)309-2527x4975
7e7c6aec-2c5f-4867-b22c-260d5d028333,Musculoskeletal,a867a0f0-a8e6-4772-b9cd-e60cab1e6794,ac91c01e-734c-4192-a557-8e91bee5f64d,Contact: 3765453053
62133ac2-fd3c-4dcd-8acc-0bf0fb9faa0b,Cardiovascular,bac114b5-ca19-45a8-8d5a-2ad386d77094,ac91c01e-734c-4192-a557-8e91bee5f64d,Contact: 620-769-5972x9643
6037a3a7-5000-427b-9b72-32e6a35b8ec0,Genetic,4e60678b-82f4-448a-b8a5-5d6bf2ded00f,a443a737-8072-4635-8c1f-59dff6b4160b,Contact: +1-599-561-6303x758
b69da0da-c0f4-47a4-bdb4-aa2cf9a31bd2,Podiatric,663eab2b-c832-45cc-995d-767b0c1333ce,a443a737-8072-4635-8c1f-59dff6b4160b,Contact: 001-873-412-2452x0998
d91d15a8-df0b-4a70-b6ee-73db601a57ec,Laboratory Science,a53011a2-3d74-49ee-a514-1471ea951570,a443a737-8072-4635-8c1f-59dff6b4160b,Contact: 3478546968
3f9d7cf6-4de7-4665-be7b-f2ce781a268d,Otolaryngologic,402492a3-c334-4558-82ce-e5817e15aa2c,9090d244-c1d4-4db0-909b-f39cacb1691c,Contact: 7647979976
5850e5c2-20a2-4b16-8f1e-6ccf9ad098f6,Plastic Surgery,7680891b-6bb6-404e-a0db-22d329e316ad,9090d244-c1d4-4db0-909b-f39cacb1691c,Contact: 797-928-3417x2412
fc558b98-0a66-413a-9423-71e1ed796d00,Pathology,bac114b5-ca19-45a8-8d5a-2ad386d77094,9090d244-c1d4-4db0-909b-f39cacb1691c,Contact: +1-292-763-4095
a49778e2-194c-455f-942c-5cebdc3d7675,Community Health,e245a460-0004-484c-8167-733f9a9e4310,9090d244-c1d4-4db0-909b-f39cacb1691c,Contact: 418.360.6943
359efb02-8ecf-4f7a-8d3d-dc5d589e6978,Community Health,e10b4aad-a92d-4b05-a9bc-cee9a71b80ef,338589c7-04ad-47b7-919b-0fb4b0fde8c9,Contact: 001-638-662-6044x107
0a676a61-5dcf-4efc-a1ea-c6fac7382fd9,Speech Pathology,9c6316b9-50f2-4455-af25-e2a25a921187,338589c7-04ad-47b7-919b-0fb4b0fde8c9,Contact: (309)303-9021x38665
157245a6-50d2-498b-bdef-65bfa46d6bca,Oncologic,a0a1f43f-9638-43c7-a85e-406b817131eb,338589c7-04ad-47b7-919b-0fb4b0fde8c9,Contact: +1-522-783-7899x1698
61c02f4c-83ce-462b-856f-7d31e5c85b51,Urologic,a032149d-06fa-4b60-a063-75b8bb937826,338589c7-04ad-47b7-919b-0fb4b0fde8c9,Contact: 419.306.1548x005
d4f7e1c6-84ea-42e3-9bdf-d8143f3d0382,Endocrine,d020baee-95fc-4389-8cd6-6756583e26a4,338589c7-04ad-47b7-919b-0fb4b0fde8c9,Contact: 2583393511
523c9ef4-eb00-4884-af1c-c4d8e21d8459,Speech Pathology,8f3e64f4-7914-4a61-ae65-afeb1b674518,c4a0c1cd-0654-4465-b311-d9c41d86fd12,Contact: 866.775.5027x1852
e463f3a0-ebce-4340-b1b2-caba0800f129,Otolaryngologic,a867a0f0-a8e6-4772-b9cd-e60cab1e6794,c4a0c1cd-0654-4465-b311-d9c41d86fd12,Contact: (392)557-7359x90938
9b7f3e35-16fb-488c-9e44-ea1ce188ea61,Otolaryngologic,9c6316b9-50f2-4455-af25-e2a25a921187,c4a0c1cd-0654-4465-b311-d9c41d86fd12,Contact: (967)234-9910
b16222de-27dc-4d9d-a43e-d5f7040874fe,Speech Pathology,65e04993-7f41-4fed-9e70-e79933a1d1c2,c4a0c1cd-0654-4465-b311-d9c41d86fd12,Contact: +1-307-423-6203x2803
32fc4ab1-012d-47ce-87a9-cc2589baedaa,Nursing,c8a70639-eb11-47b3-a7a9-c3787c65c1e5,c4a0c1cd-0654-4465-b311-d9c41d86fd12,Contact: (587)390-7864x0727
53032234-07d8-4b49-b6e2-94c431a56210,Pulmonary,7795e986-80ee-426e-8fa0-7a3f2e295065,0806989a-9abf-4e69-a5bc-d7ed6fa68010,Contact: (316)826-9864x2684
167ff19c-bbc2-45c6-bd38-6d03d6b5059a,Toxicologic,cd43cfeb-8938-4b90-9341-45328252f723,0806989a-9abf-4e69-a5bc-d7ed6fa68010,Contact: (508)274-6977x578
d20a3b50-3ad2-4d09-9cd5-09a0e78824f5,Gynecologic,b5c03f6f-94e4-4c44-a3fb-dbda86ae9d5c,0806989a-9abf-4e69-a5bc-d7ed6fa68010,Contact: 544.466.4420
8ff27c27-3458-4ce8-bf58-85309cb2915c,Rheumatologic,7b2e1b82-e89d-4815-8f92-8dc519724ce3,0806989a-9abf-4e69-a5bc-d7ed6fa68010,Contact: +1-377-509-8700
3dd2071a-8a04-42d9-93c2-7bb7934055bf,Diet Nutrition,8d2ad974-4a86-4655-8a9d-499ca2698c2d,679140e0-b6fe-4e9a-8f15-c995424a2898,Contact: (969)642-3499
414c27c8-aff2-4729-a5b6-d5a547ce727b,Community Health,1ee1723b-4a96-46a4-a752-41027acf6bcc,679140e0-b6fe-4e9a-8f15-c995424a2898,Contact: 786.533.0824
ccfeb435-f12e-40e4-aa4d-a1a9439d89bb,Cardiovascular,a1c2d9bf-0dcf-435b-b552-c6e86953a115,679140e0-b6fe-4e9a-8f15-c995424a2898,Contact: 208.791.7483
8e215cad-70b4-4cad-ab76-e57760fb32f8,Dermatology,c2185e77-dc58-4a6a-a193-db51f6aca9b4,679140e0-b6fe-4e9a-8f15-c995424a2898,Contact: (364)848-4594x005
e29eea29-5aa9-4b27-90a7-b26fd7b4a55a,Dentistry,90a00ee1-70e2-4e61-a29b-24d72bdc9c10,f4105d94-c689-437b-b945-23fe03cb8f1e,Contact: +1-477-558-2206x931
98d83675-770b-4616-8674-0c3e4d69ac14,Optometric,3fcb34fa-bc39-41b3-bb1d-867704e6748a,f4105d94-c689-437b-b945-23fe03cb8f1e,Contact: 001-943-340-8239x5593
33dd4a2b-40b7-47ba-bf73-a915a212045e,Primary Care,ef8d9ff0-1583-4fee-ac41-e6f66c0be55c,f4105d94-c689-437b-b945-23fe03cb8f1e,Contact: (960)860-6173x5027
216c9bc3-092a-4222-819e-5646f3620e69,Primary Care,cd43cfeb-8938-4b90-9341-45328252f723,e45d8903-679b-4ce2-a81d-30de4c15514d,Contact: (737)310-1800
785f60a7-3766-4856-8b97-14b05ca5042e,Diet Nutrition,e245a460-0004-484c-8167-733f9a9e4310,e45d8903-679b-4ce2-a81d-30de4c15514d,Contact: +1-419-534-4037
f89ea488-5801-410c-a7c7-b483ed069ebe,Midwifery,b3191702-bb80-498d-970d-a545839137a6,e45d8903-679b-4ce2-a81d-30de4c15514d,Contact: +1-300-575-8600x8028
8dcde1b3-c8b7-4f16-ade3-b5be7cfc61cc,Psychiatric,12bdf75f-b3c1-41c3-93f2-a37c64d02759,e45d8903-679b-4ce2-a81d-30de4c15514d,Contact: +1-483-903-7020
790a674a-e475-4b26-bc8d-2e49e3fb2022,Podiatric,c5ac7520-cd46-48fe-b2b7-2bd2c97be2af,48df480e-a3b4-4529-82a0-07fce04ee43c,Contact: 358-669-7933
645c4a1f-7bc6-472c-a02f-17a8bbf6da7c,Surgical,66f1b0a0-7a1a-462b-ba13-834fde8e3228,48df480e-a3b4-4529-82a0-07fce04ee43c,Contact: +1-724-349-4033x37016
5db914eb-b6d8-43a5-828d-ba177f301ca3,Dermatology,70df67b9-3a6f-46fa-a418-13ef799fde33,48df480e-a3b4-4529-82a0-07fce04ee43c,Contact: 370.349.4329x844
608a806c-f72d-478f-a871-e510fdeeb32f,Plastic Surgery,1759edc3-72ae-4244-8b01-63c1cd9d2b7d,48df480e-a3b4-4529-82a0-07fce04ee43c,Contact: 415.894.4677x66641
04c3743b-d791-4017-b463-619acf7740f3,Infectious,106861d3-633d-4c54-b304-59cc30c42d61,48df480e-a3b4-4529-82a0-07fce04ee43c,Contact: 526-284-0500x03531
964a408e-985f-45df-a579-3822374e4377,Primary Care,4e60678b-82f4-448a-b8a5-5d6bf2ded00f,8d20dbea-7ae3-48cf-8ace-37d3673ef518,Contact: (858)284-6172
96085016-2d16-410b-b48d-02d05bf3e13c,Radiography,f325f875-e417-4ba3-a4ee-c62b51306e5c,8d20dbea-7ae3-48cf-8ace-37d3673ef518,Contact: 950.504.3898x2697
eb5784a2-7bba-48d1-9e17-a07c3911ec3b,Psychiatric,1fe32b56-69f5-4741-8686-1f295cb76bb9,8d20dbea-7ae3-48cf-8ace-37d3673ef518,Contact: 001-958-368-4644
012bdf9d-0c04-49d2-b323-592ebd1542c9,Podiatric,4b1678e4-5f20-4406-b438-b4e470f8dd99,8d20dbea-7ae3-48cf-8ace-37d3673ef518,Contact: 001-746-786-3069x80573
0fd0fc30-9e87-4edb-9718-2387a6e58cbc,Infectious,a1515607-964a-470c-bc87-9b741d878f9f,3b77ba5f-5860-46e3-832d-5e70777cd128,Contact: 001-303-376-7449x104
bf4336a5-dbaa-44c4-8816-6ae53ca8bf81,Genetic,2728ec95-2b52-4ab1-a367-ad9e8dcd7d64,3b77ba5f-5860-46e3-832d-5e70777cd128,Contact: 001-353-427-6150
dac6c6f1-1fdb-417f-99db-a73cdf247a0c,Otolaryngologic,51783032-8066-449b-b1d7-92a07d25cefb,3b77ba5f-5860-46e3-832d-5e70777cd128,Contact: 567-662-5708
d10a8fe7-96f9-4be1-aefe-132b547950e9,Surgical,1759edc3-72ae-4244-8b01-63c1cd9d2b7d,3b77ba5f-5860-46e3-832d-5e70777cd128,Contact: +1-632-768-9441x6851
fb87cf23-aecd-4274-97bb-9daa35450dff,Geriatric,2e0885fc-5da2-4c06-b146-b0800a2cf6a9,3b77ba5f-5860-46e3-832d-5e70777cd128,Contact: (651)307-0314x19460
607caba4-9387-4160-b793-07b2b3975b23,Dermatology,c9a6e611-613f-418d-896e-f1a5ac707464,6b496a3b-f26c-4972-a1da-fdd8ea097bb2,Contact: 385.432.7186
72865830-1ce0-4fbc-981d-af9584d23413,Obstetric,a6245b59-8c94-4f98-b338-6c3e1af4787f,6b496a3b-f26c-4972-a1da-fdd8ea097bb2,Contact: 225.529.0466
ccfcd80e-dac7-4563-92dd-9cc48fe286b1,Optometric,66f1b0a0-7a1a-462b-ba13-834fde8e3228,6b496a3b-f26c-4972-a1da-fdd8ea097bb2,Contact: 323.377.0614x3963
e58b8570-6766-4c38-afda-b5241ea32472,Optometric,1759edc3-72ae-4244-8b01-63c1cd9d2b7d,6b496a3b-f26c-4972-a1da-fdd8ea097bb2,Contact: 001-334-401-5839x0602
1a124068-815c-47ed-b795-71ddf67d2311_var1,ENT,e245a460-0004-484c-8167-733f9a9e4310,a8ab29f1-1033-4310-ab7b-de99878f40ed,Contact: 835.895.5990x615
17d9fa66-0063-45c9-a4fa-9196f8015987_var1,Dental,14ed05bd-e4d0-4ebe-9335-914ce62ce6a3,ac7c8803-e01b-4f50-b5d9-7ef760ef1471,Contact: 357-233-5974x82760
22f4bfe5-1daf-4318-982c-48259eb7e4e3_var1,Pulm,7fa74d8a-ff88-4c82-bf99-d273d5627386,25cc2478-276d-4e19-b924-e06aaef5baef,Contact: 483-485-6951x5701
29685a0e-646e-48a9-81f1-011b69d36af7_var1,Dental,402492a3-c334-4558-82ce-e5817e15aa2c,8c69778f-fd42-4697-a511-16565c646036,Contact: (266)673-4129
7846cf56-687c-417e-8e85-0b2f3934e03c_var1,Endo,12bdf75f-b3c1-41c3-93f2-a37c64d02759,ed4879e7-efd1-44ee-b287-c4407881307d,Contact: +1-220-698-4481x0746
59cbdf86-676b-4e5d-91ea-90bdd5134665_var1,OB,ec3aa314-da9b-4017-b9c1-47c719a5711b,acb5959f-4eb9-4768-84a5-b1c31095e497,Contact: (246)622-9871x39594
ef1a030c-fba9-4e75-a0f3-7df2a0fe1900_var2,Plastic Surgery,483c1a4e-a91d-42cd-8bf0-6f64b4178592,6c4c3935-379d-4da1-ade6-c5e9b6e355f6,Contact: 657.827.4758x3058
94a7ef30-a032-4140-890d-a7ab58369021_var2,Public Health,9c6316b9-50f2-4455-af25-e2a25a921187,ac91c01e-734c-4192-a557-8e91bee5f64d,Contact: +1-239-906-8566x6718
d2d6840d-1871-4121-89e8-060c0a8f541d_var1,Peds,a53011a2-3d74-49ee-a514-1471ea951570,1beb3711-7d41-4602-aece-328bff7b118e,Contact: 001-441-596-2998x3442
7a1e3ce6-8410-41dc-8799-3aaf27ab3d22_var1,Dental,d974c146-e8ec-41b3-9145-91aef03d866a,7e3801af-d1a8-47b0-a2b3-ce34867a4ac9,Contact: 874-635-3277x2836
287a302d-6a2d-4ae7-a0fc-8e2974fb3857_var1,Psych,1fe253b0-7980-4aaa-a93b-4418b170b1ed,58ccf9b4-354a-41bd-ba56-12f7600aa45e,Contact: 405.677.1549
b4159391-bba9-448a-be7c-be1e8e4e7077_var1,Endo,1af55c26-8808-4ebc-b5d4-cd35a08c3a00,7aa56a18-1fd3-4017-97f9-8d1ecff4c56b,Contact: 492.990.9534x6131
216c9bc3-092a-4222-819e-5646f3620e69_var2,Primary Care,cd43cfeb-8938-4b90-9341-45328252f723,e45d8903-679b-4ce2-a81d-30de4c15514d,Contact: (737)310-1800
359efb02-8ecf-4f7a-8d3d-dc5d589e6978_var1,Comm Health,e10b4aad-a92d-4b05-a9bc-cee9a71b80ef,338589c7-04ad-47b7-919b-0fb4b0fde8c9,Contact: 001-638-662-6044x107
182f0297-b902-4590-bf14-d211ca1e5dac_var2,Toxicologic,6d80ab08-c963-4148-904d-ff6623f1b67e,ac6d5df8-14e5-464c-b799-ae8e9a1a7d6f,Contact: 001-822-993-5511
409c3af1-ef42-4576-bf7b-e2552061f228_var2,Renal,7795e986-80ee-426e-8fa0-7a3f2e295065,df39ccaa-580c-49fc-bb69-e69041300879,Contact: 001-844-620-4951
38d34dd6-c90f-4f1a-a147-3a02cad928d4_var2,Pharmacy Specialty,882ab925-80b2-4b0c-aa24-65cf16c2b4aa,4ec985ff-94b2-4b9d-8881-9f421a42b629,Contact: (962)587-9509x83386
a7713b3c-9f11-4a42-9cd3-a7955edd9aae_var1,Radiology,c2185e77-dc58-4a6a-a193-db51f6aca9b4,b490b608-1dfc-4352-8562-be7fbb42e0b2,Contact: 732-463-0742
33dd4a2b-40b7-47ba-bf73-a915a212045e_var2,Primary Care,ef8d9ff0-1583-4fee-ac41-e6f66c0be55c,f4105d94-c689-437b-b945-23fe03cb8f1e,Contact: (960)860-6173x5027
d5be1022-1ea7-4756-a1d5-77a426b4a0a7_var1,Derm,d1f0c570-bf55-45ce-98a1-a54654a6087c,b4a1ca79-5718-4da2-827c-013f38018399,Contact: (991)641-9913x4628
6028562f-f6e4-45cd-a753-625ca092979e_var2,Pharmacy Specialty,90a00ee1-70e2-4e61-a29b-24d72bdc9c10,d31224e0-bebb-460d-b085-ee6da31cc5d2,Contact: 256-256-5538x473
3ac2496e-6243-4476-b929-8df641a97327_var1,Speech Path,043d2c47-3b56-435e-85c5-96d442d01ba3,ac7c8803-e01b-4f50-b5d9-7ef760ef1471,Contact: 698.785.2609x693
0a73a9a9-df49-4c15-a38b-c512d13d78bc_var1,Neuro,b5c03f6f-94e4-4c44-a3fb-dbda86ae9d5c,b65d1226-7e96-4cf3-a7c5-cb879b8b71a1,Contact: (755)531-8724
dc21b3e8-502e-4f40-8a01-3a86fbfa7549_var1,Hema,11fba56e-300a-4187-9cb9-f9aabf4ddeaa,55a3a129-67ba-4b1a-9695-4911a4e0ee5b,Contact: 001-720-549-4938
34f94c9b-275a-460d-bb1e-aff70476d968_var1,ENT,7b2e1b82-e89d-4815-8f92-8dc519724ce3,3ddf55b2-0151-48db-af8c-96a918f7e499,Contact: 690-618-8424x56160
6ed2a4ac-0f21-4b05-a084-c9fcfcbd8ac8_var1,Dental,7680891b-6bb6-404e-a0db-22d329e316ad,5b3a4595-0458-42c1-8e0e-15d3298e9a79,Contact: 772.631.8818x386
a49778e2-194c-455f-942c-5cebdc3d7675_var1,Comm Health,e245a460-0004-484c-8167-733f9a9e4310,9090d244-c1d4-4db0-909b-f39cacb1691c,Contact: 418.360.6943
2e501b5a-739e-45b6-b48a-7aeb100de114_var2,Nursing,565af699-d3bb-43d7-9e12-425cb42fb357,0d5f024a-e963-444a-a3b7-4101cbf8e26a,Contact: 748.722.9138x2701
f37412b0-01c6-43da-b515-36847c74077e_var1,Psych,94291726-6557-438d-a175-f16a9a642c24,92b95731-13f2-4c86-ab83-f00fed2ee36f,Contact: 680.816.1627
a6107c63-5924-4ab7-b7c9-f06dfdc7cb19_var1,Psych,1af55c26-8808-4ebc-b5d4-cd35a08c3a00,7e3801af-d1a8-47b0-a2b3-ce34867a4ac9,Contact: 272-966-7639x0498
50b7865f-338a-44df-923a-c49a8a6a7ef2_var1,Derm,03743263-4a06-49aa-827a-cd0de15093b0,b6118bd6-553a-473a-afb9-f3a8e9e7e1ba,Contact: (405)571-8964
f89ea488-5801-410c-a7c7-b483ed069ebe_var2,Midwifery,b3191702-bb80-498d-970d-a545839137a6,e45d8903-679b-4ce2-a81d-30de4c15514d,Contact: +1-300-575-8600x8028
e6a4ea77-3ad9-4abe-9ac4-5edb9be6a1c7_var1,ER,9cdeb3e6-0870-415c-afcd-81b5d24bace4,852d2ee5-0061-4d30-9907-3286329cd43a,Contact: 972-242-4003x551
1d77c02e-d924-4e45-883a-7379a850d907_var1,Peds,66f1b0a0-7a1a-462b-ba13-834fde8e3228,2982100c-0372-4e33-8550-7d2b909e7f78,Contact: 001-597-273-7804
8dcde1b3-c8b7-4f16-ade3-b5be7cfc61cc_var1,Psych,12bdf75f-b3c1-41c3-93f2-a37c64d02759,e45d8903-679b-4ce2-a81d-30de4c15514d,Contact: +1-483-903-7020
910f0fed-a277-4fdf-b94c-d0da156d3de3_var1,GYN,ec3aa314-da9b-4017-b9c1-47c719a5711b,5ba830dc-245d-46ca-af6a-219672ef7dce,Contact: 285.593.8037x862
326e1c2f-2fcf-48b7-bcef-f66406a70ddf_var2,Toxicologic,39b66d71-951a-4518-87e7-7e2b6b291a13,40fe81ec-b259-46a0-9591-99005e7cfaad,Contact: +1-805-357-4595x514
4483cf58-312b-4cf8-855f-2b17a0c9293a_var1,GYN,ea455fc7-c80c-4483-b4dd-7624c3d9b3b0,9f982188-3744-4a64-8c24-9558f2ad985f,Contact: 427-955-4753
9c1607dd-6831-44bc-a669-93e9f141f337_var1,Psych,e10b4aad-a92d-4b05-a9bc-cee9a71b80ef,53fb2ed1-b953-4807-b009-61c3855a7d8d,Contact: 881.629.2592x96596
abbf9e6d-9e19-4188-9da1-1d7aa281becd_var1,Onc,b8f35c26-d13e-439c-9cb6-f1f0e4751694,b65d1226-7e96-4cf3-a7c5-cb879b8b71a1,Contact: 001-835-261-4685x053
b3e52b15-41c1-4dc0-95f9-d782bcb43dc9_var1,OB,bac114b5-ca19-45a8-8d5a-2ad386d77094,b7d6467b-2f5a-422a-b87f-43fdf6062541,Contact: +1-562-231-9827
2c7ff2ed-04ae-4e3e-b0c5-380244744ac6_var1,Pulm,565af699-d3bb-43d7-9e12-425cb42fb357,054b8816-0d18-433e-befa-2faf58ba0bf3,Contact: 290.210.4272x3338
ccfcd80e-dac7-4563-92dd-9cc48fe286b1_var1,Opt,66f1b0a0-7a1a-462b-ba13-834fde8e3228,6b496a3b-f26c-4972-a1da-fdd8ea097bb2,Contact: 323.377.0614x3963
900e7701-f888-432e-b45a-6a8736e11fc9_var2,Plastic Surgery,11fba56e-300a-4187-9cb9-f9aabf4ddeaa,bbf9bb01-27f9-4728-8618-fc1e6a480542,Contact: (442)824-3156x244
10fb5581-cccb-4dfb-b0a1-baa56921c1c0_var1,ENT,dd6af484-024d-45de-af44-eaeb6734162f,8ee4fd02-1cb6-4f67-86e7-85ad1bce35d8,Contact: 292.211.6341x694
6fb3dafa-6d9e-47ae-8acb-56bb00d2870b_var1,ENT,1af55c26-8808-4ebc-b5d4-cd35a08c3a00,2d20481a-d216-4d53-9408-8ff7d7133061,Contact: +1-702-415-6346
d91d15a8-df0b-4a70-b6ee-73db601a57ec_var1,Lab Science,a53011a2-3d74-49ee-a514-1471ea951570,a443a737-8072-4635-8c1f-59dff6b4160b,Contact: 3478546968
fddcfa71-d52a-45a0-ba77-1420ee95755b_var1,Resp Therapy,9c6316b9-50f2-4455-af25-e2a25a921187,2982100c-0372-4e33-8550-7d2b909e7f78,Contact: 001-258-340-6533x35091
88ae0b76-58e3-4282-ac96-8ec313626040_var1,Psych,e5039055-f90b-4724-b883-a8ea44e8a604,a8ab29f1-1033-4310-ab7b-de99878f40ed,Contact: +1-912-529-3814x86053
318f7ba9-9ec8-4478-a5a6-5b8f44f773bc_var2,Toxicologic,a032149d-06fa-4b60-a063-75b8bb937826,d9082a42-b448-4761-905e-9c9b8bc88bcf,Contact: 820.907.4480
1cad91e8-7c36-470b-a0b9-ad71e13f1200_var1,ID,e10b4aad-a92d-4b05-a9bc-cee9a71b80ef,28b4d5b9-693d-493c-b96f-9881572abb53,Contact: 001-816-532-3458x779
c0038e5a-4c83-49bc-89ce-f0ead6cadf41_var1,Endo,d2fb05ca-3a72-4b9f-96fb-5c72ed6a1bfc,b7d6467b-2f5a-422a-b87f-43fdf6062541,Contact: 991.651.1738x0091
cb574070-4e04-42b4-bb9f-636e5477afc1_var2,Primary Care,1d8cca3b-6261-4790-83a0-61c445a16970,4ec985ff-94b2-4b9d-8881-9f421a42b629,Contact: (929)464-0619
9def8df6-3ca3-48ca-b307-60dc224c85db_var2,Renal,69fcbef0-275f-475c-83f3-f74dd3861b58,75f2bc20-a7f5-495c-9e62-d43f261908b9,Contact: +1-257-459-7844
08415966-ad7b-487f-befd-e1439889cbe1_var1,Resp Therapy,28cdc38a-85b3-43d3-b56b-6c0dcff0c8ac,4ec985ff-94b2-4b9d-8881-9f421a42b629,Contact: (678)703-5729x33031
ceb885eb-6a02-4ac1-a7bc-b21ae8497caa_var1,GI,a1515607-964a-470c-bc87-9b741d878f9f,ef2d9a38-e6e4-48df-8b6d-9611f4dd05d5,Contact: 4428921687
464a9b5d-3eaa-4f0a-9912-19b5ddf65a9e_var1,Radiology,d1f0c570-bf55-45ce-98a1-a54654a6087c,d9082a42-b448-4761-905e-9c9b8bc88bcf,Contact: 856.819.7712x18440
7f5ba46e-2038-4885-b7b7-b3f1da91ef4c_var2,Plastic Surgery,663eab2b-c832-45cc-995d-767b0c1333ce,72e55360-e3ae-412e-bd4f-bfff88653e42,Contact: 972.532.1529x8298
bc881f9f-cb8e-4793-8600-9b526bb639cd_var2,Primary Care,b693f4ef-1ad5-46c3-acb0-3f486ed63ea4,21d32e24-bb89-4746-bc3d-a91136a52df9,Contact: 3502051908
582592e1-0d1f-40ad-830a-2393604c83ca_var1,Path,a867a0f0-a8e6-4772-b9cd-e60cab1e6794,ec62b2c8-2648-4e38-a074-05eb215663ab,Contact: (868)528-9204x9789
f7844118-6747-424e-92db-5c19c61a423b_var1,ID,7680891b-6bb6-404e-a0db-22d329e316ad,ccd9f2af-339c-4a75-83fd-46ffd03459a4,Contact: 001-845-977-6297x346
54700834-0af2-4ed3-9ee1-0379e9afa682_var1,Anesth Dept,a867a0f0-a8e6-4772-b9cd-e60cab1e6794,6c4c3935-379d-4da1-ade6-c5e9b6e355f6,Contact: 219-914-4952
5a55805d-d0cd-4cc6-be14-9e5fa35c56b3_var1,Endo,1ee1723b-4a96-46a4-a752-41027acf6bcc,fa92cd28-c4c5-46fb-9d4d-11804c6e6fbb,Contact: 001-355-763-0698x4690
a3563cf0-4320-44c3-a8e7-222e24c7fc02_var1,Neuro,9cdeb3e6-0870-415c-afcd-81b5d24bace4,72e55360-e3ae-412e-bd4f-bfff88653e42,Contact: 001-829-727-1959x938
b6e2d1e4-0a22-42ce-a34e-85fe3cee7eb0_var1,Radiology,a032149d-06fa-4b60-a063-75b8bb937826,6a27241f-bb9e-4a02-ac2d-f3c219518f87,Contact: 001-507-378-8363
251b95d4-0f63-4fda-b982-46e666f4ccdb_var2,Plastic Surgery,f325f875-e417-4ba3-a4ee-c62b51306e5c,94d7f681-d551-4e14-a18d-99ce20fa5cd3,Contact: +1-759-714-2667x75923
29af9e17-9a97-4f42-865a-13d432e9933d_var1,GI,94291726-6557-438d-a175-f16a9a642c24,d9082a42-b448-4761-905e-9c9b8bc88bcf,Contact: 2663566047
e4fce1fd-c600-49b6-bab8-ee7388fb786c_var1,Peds,d1f0c570-bf55-45ce-98a1-a54654a6087c,1519401c-8b1f-4137-8ea2-55e08e50c79a,Contact: (497)499-6854
75b10f2f-9509-4cd0-a85f-9f8a33213ea4_var1,Hema,7680891b-6bb6-404e-a0db-22d329e316ad,6e3c18c9-ef1f-40a3-bc02-ba67ee04bdde,Contact: +1-269-830-5207x691
8ff27c27-3458-4ce8-bf58-85309cb2915c_var2,Rheumatologic,7b2e1b82-e89d-4815-8f92-8dc519724ce3,0806989a-9abf-4e69-a5bc-d7ed6fa68010,Contact: +1-377-509-8700
b69da0da-c0f4-47a4-bdb4-aa2cf9a31bd2_var2,Podiatric,663eab2b-c832-45cc-995d-767b0c1333ce,a443a737-8072-4635-8c1f-59dff6b4160b,Contact: 001-873-412-2452x0998
dc0ea928-b7b6-4710-b93c-8d791d793750_var2,Podiatric,882ab925-80b2-4b0c-aa24-65cf16c2b4aa,b65d1226-7e96-4cf3-a7c5-cb879b8b71a1,Contact: 282.581.2568x218
2f79f52c-8b10-4b3c-9469-0522f0c8092f_var1,Psych,3b019fcb-f96d-4403-948c-93f3028d042b,852d2ee5-0061-4d30-9907-3286329cd43a,Contact: 412-964-1894
b6600ef9-1f4e-4e4c-b417-ccdfaa3e06f9_var1,ENT,ec3aa314-da9b-4017-b9c1-47c719a5711b,b38e5adb-a93f-4902-88de-c9ab27c3e784,Contact: 559-301-7893x0771
5850e5c2-20a2-4b16-8f1e-6ccf9ad098f6_var2,Plastic Surgery,7680891b-6bb6-404e-a0db-22d329e316ad,9090d244-c1d4-4db0-909b-f39cacb1691c,Contact: 797-928-3417x2412
61c02f4c-83ce-462b-856f-7d31e5c85b51_var2,Urologic,a032149d-06fa-4b60-a063-75b8bb937826,338589c7-04ad-47b7-919b-0fb4b0fde8c9,Contact: 419.306.1548x005
5cc93118-7fb5-4235-b541-adbd13169396_var1,Peds,9cdeb3e6-0870-415c-afcd-81b5d24bace4,2c94151d-52fa-4935-bf28-355076847398,Contact: 996.842.0740x1905
5db914eb-b6d8-43a5-828d-ba177f301ca3_var1,Derm,70df67b9-3a6f-46fa-a418-13ef799fde33,48df480e-a3b4-4529-82a0-07fce04ee43c,Contact: 370.349.4329x844
6f8b6cbe-b759-43ec-9384-3901b020b8d4_var1,ER,7680891b-6bb6-404e-a0db-22d329e316ad,c9c5fef1-e76f-4a76-874f-11cdbdce29ef,Contact: 301-259-1839x00047
5c9fb440-5ecc-4838-9e33-ae648b5ff9ef_var2,Primary Care,2258edf3-0ff0-452a-8b25-91c40021b632,a8ab29f1-1033-4310-ab7b-de99878f40ed,Contact: 550-516-4540x275
