identifier,serviceDepartmentName,address,isPartOf,contactPoint,anchor
ad0263d6-ee4f-4b7f-a0da-8c805127d079,Midwifery,ec4a2c8c-546f-4082-901a-8b4728db03a7,,6fe57a23-a695-4d15-a153-108ca81222f5,833cf90f-f555-4628-9d15-3fb4968051b7
1f27ef97-1a5d-4632-8c6d-4277c51e171f,Podiatric,6a8b6273-b7a7-425f-88cc-403802f319f9,,a7815ef2-23e7-42ba-9936-88568e378d54,f64e8f4a-ef89-42e7-aa17-06669b6e83a9
d7ee0d2c-4241-4b7a-bd2c-8166727f667a,Toxicologic,c0a76b03-3091-44e5-b58e-752522107cc2,,2af2a702-8ac0-40fd-81b5-6d3f5978463c,ca687a98-f48e-49a8-aaeb-5a328fad725d
628e45fc-d85c-4210-9956-e065ed97716c,Primary Care,0aab4438-6fa2-43c6-91bc-09611536dbce,,302dc657-328a-4978-9056-2e9a1766c117,8fa41d22-46dd-40ac-a0e3-0a4dfbcefcd0
87c9bad1-09c3-4f2a-b0fc-5a664d561b6a,Rheumatologic,75e8434c-7724-40a6-92b4-6d0f45926235,,047fab20-2117-463c-a04d-8385857ec6f7,080638c9-4967-49fb-b2e0-2961ac73189c
a427fa7f-bedc-4659-92ce-7b50daa305fe,Speech Pathology,f460e1b9-0993-4491-acad-b884706b130d,,60f3857f-367e-454d-a259-c8f43bc2f40c,b4ca0142-3b23-4fd8-8d20-f686854df9b6
f52e33e5-9c1f-4576-ade5-ea65d6bb9805,Laboratory Science,b736b053-8bbd-4c79-b80a-c10f7b805922,,18bf525f-a14a-40b8-aee9-69c0b2747330,b8c5ee78-d214-4218-9d3b-8d933b8ddd5b
45b9a2eb-03ab-4df9-933b-bcb86bd9fe18,Gynecologic,326e7dd4-9807-44a8-a204-b465bd98ba77,,fa414d17-2c21-40b7-81d2-3b5b407b07a8,65739938-a96e-4bf4-9865-23b8f9154865
43eb1699-248d-412f-88e3-cc8789594ebc,Anesthesia,75eeda58-bebd-4b52-8b24-3299503a172a,,5a4fe25e-ed3c-4994-a23b-7a60137514d0,4bc01de3-d197-4561-b9b6-8b9523aa9e67
08d7f254-2032-443e-be64-a2daf1d1d3c5,Podiatric,a4576c0f-68b6-4615-b05d-fe406499b67c,,cf3965be-e5c4-4047-a2ba-54a17a8546e8,0044c690-f17a-4c84-8b3d-7ee7fa9f941a
446f8c72-9b1c-465d-8a6b-ecccfd69bae2,Otolaryngologic,358fafe7-d444-4bb0-b485-a2fd0d4af270,,c7d4ef4b-b86e-419b-8100-c58f7d911aca,2dc6c2ac-cbae-4e93-af39-c04551bb91c1
4e97d206-9401-489e-8223-72ea83cc8c77,Diet Nutrition,d9d67841-1909-4f02-8115-fb33cdc729aa,,b72c9a6f-3c11-4577-bcb3-885819e28b67,9b83a437-28b7-405b-abc2-ded76bd8e65f
cd84c5a7-0432-4c55-8a0a-bfae4d1f4d25,Rheumatologic,a4bfa5c2-ed69-42a8-82b1-fd8e0ef4a8b2,,7312c450-7043-41e9-829b-f7a123f5a9b5,eb6b96ec-ea3a-4bf3-a994-6c6d3590a2e5
d2c2421b-a847-42bb-a2e1-557abefa8b05,Genetic,d639d7d5-8da6-419d-817e-6857b44165e4,,c8101833-f5ec-49bb-9815-190aa52cb30c,c5cf255f-278d-44f6-88df-480ea3b4e529
4453b3b8-497b-4106-affc-8645032f259d,Pulmonary,88765eeb-21be-40e3-b1d5-e9046c84890f,,16c2333a-ba66-48a0-b270-d087af53621a,6250e9f9-08d1-4e63-a7e8-aeae24a703e3
582ed3ee-1e5e-4e51-a5d9-b718ad892380,Public Health,fdd9832e-b5dc-48b6-8007-6b71a2d08f71,,35977a1e-55ff-4ec0-99cc-ada348504105,f146b080-0a2c-46a9-9bd3-839291e54b3a
d254766d-a3d1-45b6-a619-67c089115e28,Community Health,7d17703f-d280-4f43-b00f-67fbfde02b6f,,90f4f6fc-0332-4fa3-a198-441ddeb1fb6d,4b9368d9-6188-4ea0-9e5e-cd0a3cbafcaa
45783396-9b22-46d6-97e7-fa66c2afdf97,Anesthesia,ebd811fd-b30d-4212-ae4d-cec136758350,,024f03d6-cdb4-4e51-bb1b-6ba7b10d9c36,bb1a48e2-50b9-4e51-a81e-5658d813a70f
46af20cf-4070-4ce3-8d92-97638ad480a1,Public Health,09ac84da-aeb3-4d61-953e-f4f4c83f17b2,,b5c0eb63-2393-4a7f-8b84-e14181ef1398,18711121-c9e8-460c-8a8f-541d052ba051
45e0524d-7677-42ad-9d22-73e2dd00dc16,Respiratory Therapy,9a6546c5-294a-4e54-b8c1-ba3d34ca166f,,84ec9b58-cea6-4837-8188-aa41c509abd4,d0ab9ea4-c15f-47ca-a04e-6817ad982a08
9471c448-2c43-4b2b-b06e-c4b9359b225c,Urologic,763c9638-bd72-47b8-b055-fe397f12f1fe,,2c5191b6-dd9d-4f3b-8955-75e0acac1302,10c313bd-6478-4399-8d68-2a6149262a13
6f4f80fa-0ffa-4f8d-bb2a-5e82a2d701ee,Midwifery,a651f54f-723d-48f2-88d8-fd42653cb50a,,77354f9e-3e5c-4c58-965c-44f5deb8f6ab,ed6fe79b-8c56-4b92-8f32-2470a2334974
b0d3d742-419c-4da8-bfe2-7a43550e1be0,Gastroenterologic,70367852-2e75-4b87-994c-b9fe2498f860,,60c4e307-7a4e-4090-9c4a-b141897f2997,7cbb1bcc-ef38-4237-99a0-f532d2197d93
361b079f-021b-403d-9f12-b38cba5aed9a,Pharmacy Specialty,146c322c-6a23-45ab-9c20-f68f6d14ce50,,524e5a05-b667-4de4-a57f-87e36d207437,2709483a-176f-4018-b186-46ce90e49461
d345a64e-a039-483c-93ee-2859fada447c,Gynecologic,4c8cd683-97cb-49b1-b3b3-3b53f25985c0,,b8a477ef-a273-4b44-adb2-6749881b6eba,1da11d7a-a281-4ecd-b084-486f52268c27
23a2d2fb-9698-4466-b483-24534e8ba222,Nursing,feb42518-2be6-443b-8975-d67299e1028e,,4a0e7301-c2e4-4ed5-9768-410ddd6e1049,d296e670-f35f-4a3e-ad38-505b5e8a511b
a6d077b0-fe6b-46c2-8b70-5d1fc0c5da7c,Anesthesia,61c19a1c-f859-44cb-bb26-7768aa45a1b2,,43fbd00c-d553-4ce8-b586-25e8ddd6b575,5d7ee6e3-58bd-4490-926c-34f8f6b1557e
b57e775f-94f0-4744-9989-aae315bf36a7,Neurologic,fd20df18-c91a-4501-b422-c212da241639,,9796b5e1-60f0-4105-b5b1-3ee395f31ab9,2f40d4ef-bfb5-43c2-bd16-2e6fe93cef4b
7c0eddf6-3284-4c71-8a60-e9edf9071501,Hematologic,a13e48cd-d21e-4d0f-82f7-e02ec9303537,,23f426f4-2da4-4035-8345-6220b827604e,f3be0a6c-15ec-4910-8e38-34376a1c7817
b85667f2-1074-4712-a288-a970b526b189,Midwifery,e79d6c93-c140-448c-a586-50ddc1934149,,9c236e22-3d60-4688-b8bc-bee572ce2975,4388938a-82bc-4728-ac20-74955c5b6d49
8bf32699-c1ff-4bb3-9afd-11123b14f279,Midwifery,a08e1dfa-1ef6-4e26-ae33-4adf95283257,,4b53ad0a-6f71-425b-afdf-b58d525c3207,ff09ff3a-4eef-4333-a849-4a7e4e72d338
8206794a-99fe-4a47-9f1b-fd54f543e74d,Musculoskeletal,a28fe005-e72c-47f8-a7ae-9a3d4f852c8e,,cb37595b-bacb-4604-afb0-4fdd86083eca,29c5de2a-50ec-47bf-a933-312316653367
87c464e3-4272-47f9-a25c-c5a065e85fee,Speech Pathology,123d7c06-c282-4ee7-84ec-ec60eb8eb97f,,4da007a5-53da-46b0-b81f-a22f441e3491,67706bef-d5be-4022-9ea7-0756a1d577a4
ef3cac15-5013-421f-936d-3e6bc7a9eed2,Dentistry,2981789c-1319-49a6-815c-35d8132d747e,,f7e69fca-9d2b-40a4-9aa1-3d9dbf16dd66,1eff1078-3985-477f-8069-f48d5c5815b0
d3260897-0790-4f03-a444-0b1a727bc9f4,Otolaryngologic,08f24e05-0847-4635-8fc1-2129592873c2,,ff043bb2-934c-4a52-92ca-ffd5a97c3103,567ffb07-cbc9-4874-9bb3-aa4c5147a3fa
07c9f69c-1d16-4c81-ae0f-da216c5edbfe,Primary Care,5873fb0e-1602-48bc-9da8-47f83dc256a5,,fe5c7b4f-946a-4323-9f24-4b653981352a,02c1f0b0-bce7-4742-b228-0d9ae2cd8130
8f945202-1d40-44d9-bf8d-854632884c25,Midwifery,275ef1d4-cf1c-41d0-84f3-d8c3b51cbde7,,068f5479-c7c2-4d02-9147-4343e62ea416,80aaf97e-454b-47c1-ae87-4f00de906481
ecf9fce7-7d63-4229-bf7b-3e589be14ad2,Gastroenterologic,8f79ccf5-390a-4a0a-8c5b-3a33bbef24a6,,ce0ec992-3e79-4466-a0c0-894b5e93170c,d6fdf516-6b1a-47c6-a3ed-6d79186f4ef1
ea092f9f-00c7-4c71-891d-e69bc7979828,Toxicologic,676cfb0e-4df2-427e-9c0e-8433942fde03,,5b445c50-c223-4293-88ee-1f58646b9a70,46ad6171-8f72-428c-96fc-a750fa679a04
ee1083af-42aa-4484-8ec2-96066119a507,Speech Pathology,21e73d45-abfe-410e-9477-2f3221714396,,8566f97d-1336-48b4-ada4-f2f1a1ca460b,830d98ee-c1c3-4b57-9d56-dae36bd2623a
4d8d6171-62ac-4500-8465-e944088a2639,Emergency,ee1211b4-b124-48fc-adf7-a55cbccf550e,,1ae813db-c901-4c59-b334-12bd38558636,900e7701-f888-432e-b45a-6a8736e11fc9
98ae52a7-0b1b-4bba-9365-e0c08c96d682,Gastroenterologic,979d65d9-fcb8-46bf-886d-b0ffde251b65,,e2557920-ee62-42c0-8b62-f18f5f2414e8,c413e9ba-28db-4021-a56a-3078cf7d511b
eb182575-cb3f-4f5a-be53-a58f65167ed5,Oncologic,160c9d78-e3a5-4a8a-8954-8722dd5cb15f,,b6886805-ebd7-487e-80ed-cc728a8b9c9d,d219c778-5891-4706-843b-5096d39e4b11
97493ef4-52b9-4217-9946-edc448442ec3,Public Health,6751046b-0065-4a21-bfc3-424a0963e938,,e2882d3b-64fc-4f7b-b7b6-c75f0f176f9b,06bba00e-615a-4c4a-979d-92bc2bd11b15
db38bb2c-d9b2-4d62-822c-9faa25d8c4c7,Gynecologic,997070ed-252e-4b97-a08a-80a69320cc93,,fd94bbb6-d1df-4d67-b1d7-0085ba27047a,8f6262db-20f4-4aaf-a31c-3308c3007cb1
f361d5bb-58bd-4249-b615-dbf247b6b513,Dentistry,6f228f09-7da3-4a25-8c99-b8759127e970,,107180e4-e845-4e97-97fb-7c9372cd1b1e,c78e0f48-4522-4c79-9cf5-2508aac487b1
36b00f2c-c92e-45f2-a01b-ffeeed380e09,Endocrine,cd5e2cfc-ca18-43da-b8cd-0dfdc6f22194,,e4740281-e786-4bf0-9e83-34e4f6350686,83c39b81-e8f3-40a8-9b76-1752463b76af
a645c12e-1623-4302-a287-76cbd4f6c31f,Gastroenterologic,64d7196b-09e7-4207-9a34-66b17d3b5565,,22911266-3fba-4c65-9591-0fd9c26ba869,f755b463-5c34-4e94-8040-0fe8c68b1f6e
079b67e9-3500-4e50-ad64-d67b58fd7620,Musculoskeletal,2234ec52-0573-4072-a440-9dd7cecdd01c,,dfa38e3f-039f-4935-a583-542149b2c140,758eff25-033f-492f-ad9d-81e70685e760
4bf85bb0-1855-4b93-974f-c42a8bbed26d,Toxicologic,80aea280-503d-465e-90a7-79cd8199dfde,,c3311c1b-5806-4feb-a6ed-93e2ca4b5db9,d1fd07da-07b5-4f89-be6d-8be48fb91db8
d5430613-a5c4-4a74-bbae-d04584099dc2,Cardiovascular,34a4f6fc-f7a7-4a96-8047-4316886be185,,b6b9ef2b-61e8-40d7-a271-1fbf2fa81b49,5822d645-49c8-4564-9e86-f6aa04cb5e62
efd50083-d1fb-4c64-aa94-7fb9f300f238,Psychiatric,c9496157-14e5-4ef8-a9a7-a64ad4490c99,,1c71cd56-60d7-407e-b336-f8e0b15fdbe7,18ef618f-5c42-4088-ab28-d7d6651bf718
7ebdbb42-a15f-4068-99f5-938a0b1567ab,Public Health,20c441bf-cbda-42e3-9f16-279d9cd8fb23,,db238a71-c5ef-4ba5-93a0-97ce68c9111e,9d02e44c-b5e5-425d-9efa-351400c99f27
f4a0b082-944f-4755-b239-7385dd9f4dd3,Midwifery,edcf6fad-4ebc-49ed-8602-32a1f8a5d445,,f38942ad-cda5-470d-bfec-91946dabf296,34fef750-4570-4961-a32d-7ed8b2192894
0dc1abb7-8083-46b2-b3c6-d84fa8927168,Renal,9d8dab61-028a-422d-8a2a-161d4bcf0e4a,,a24b422b-cfb2-4ee0-a7d0-7b6d7ec40b7d,3db9237c-9939-469d-bf12-d62ab5a19983
7b53412d-b18a-4a1e-a9ea-7204443b73c4,Surgical,5ffffdea-c972-4e39-97a8-ce20dc2cb4ad,,8078722a-3b89-4254-b416-aa2b6a92b80c,b6a49911-5597-48f5-82b4-2bf869e5ab7b
b3a1382f-ce0c-4b95-96c2-4b6554a9328b,Primary Care,1d7375d7-c088-45e6-9189-54fe37c4321e,,b2ba653c-2083-4e92-bcb1-d8ce1858d5a8,316bef00-8dc7-4e48-9e29-3bd91ae3b638
ef388ce4-b138-40a8-a13e-2685ad29a700,Gynecologic,b381dad7-7b54-4b1d-b934-87b60a01096e,,939df46d-0b05-4b20-9733-34a26b47f8c1,3bc4b9f8-8263-4a78-8050-87bdff555ae5
682df74e-c6d8-434e-8869-28f90d517067,Pulmonary,1578b028-c120-4847-9345-dcb9a333d95f,,06ae3a7d-b8fa-453b-bc95-50db308d36fd,9f890d09-37ac-4d7d-bf5c-7c2dde74ae04
74c38d37-0bae-43fe-b522-8f43f1c51272,Podiatric,bfdaf63b-8675-47d8-9866-a0c350ddf393,,681678ef-9a79-4024-b2e7-274f3b20bd71,f81721d5-de90-479d-b231-468b4e3a4082
c06c9263-923a-470e-9990-edc21be7a5c6,Anesthesia,b9b76ece-9162-4896-87e1-b5b0c54b186d,,a25ac004-0b39-4049-aec0-d75d7fde26b8,8a68c17b-c11e-45c3-92a5-5f24d592d2ca
a9a91ba2-fc9c-4e94-bbff-c2714b196b2c,Urologic,67d13ed7-8abb-42d8-9c49-0e88255c4242,,9ffd062e-7431-4b97-a27a-8d60fe15173e,7da9c122-ac2f-4716-9f53-9ccb6f1ad171
da1a98b3-d552-49f7-8cdd-3719b091377f,Gynecologic,2b5f00bd-9b8a-447d-86ce-e9c2a72c290f,,349f7caf-527f-4473-8cb7-45a364571979,c9bad80d-4ac0-455b-85ba-13ab6f311406
f1e27339-ef27-43bc-8177-935f56639f92,Respiratory Therapy,65ebc3d7-99bd-4b4a-93ae-364c9811790d,,58dc5c27-ec48-44b5-8ea4-89c7c6edec44,32e9933d-649e-4f3a-a3e7-66b702352cfc
10eb9af1-4f48-4ae8-a6b0-81ed49513f13,Urologic,eb0fe10d-6bd3-43ff-9466-c8af2c4a898a,,127bd6f2-b9fe-4f46-8216-e209506b41eb,3f162267-318f-4ba9-9ec8-c47825a65b8f
fdd52c9b-1db4-4d6b-9281-04aa09da97c0,Rheumatologic,16b80c7f-fd1e-4fcd-8ad3-eaa0037e496e,,12a39cf6-3074-4a8a-b7c6-870488cef04d,1c28d995-a180-41c2-b756-9b04d5bd5a0b
258b3c90-4060-4fda-9370-50bc1f26cb00,Dentistry,7d73d499-64ab-4cea-b606-38543a998c0a,,b13be9bc-54dd-422d-92fb-126cd6a49fcd,882debde-f346-432e-9aee-be004cfbe8d1
d6a1f7f6-4075-43eb-bdb3-73c5946c366e,Primary Care,559a223e-f0da-4922-b729-9a503c2aecf9,,b2bff3ed-3cef-4db9-9ac3-d03487f5c331,bd5c59e0-dfe2-4e40-81f4-b82f4100c20e
202b3d52-13e7-455e-824b-2f971eeaf674,Anesthesia,d2c82f58-f0b4-4d3f-817e-f6f7226e6868,,29c7eca4-c61a-4271-9347-439782f5bd39,ccf196bb-e9f5-43ab-9046-4be1eb4d4085
acc053b3-3fb0-45a6-8a2f-176ef3b13eec,Surgical,d4e804a1-e241-4700-9a9c-22969f09e8c9,,0e9bcbf5-637e-45d0-a654-8f78bd7dcc14,8cec313e-6fb3-4afa-ad9e-d7ae0acb56bb
a2d23ccb-2826-49e4-9404-fdc888fabbfc,Rheumatologic,e76ab485-0f1e-49f2-a80a-672919b75d3c,,1f1e43f1-88c4-4a29-8ab3-1058fbc91b21,7acbf932-e154-419d-bc39-c32a72916b34
b35c5131-99a4-4736-8479-f7a69326834b,Diet Nutrition,d3cf5399-efc1-4c6a-bd6f-41988a212368,,8887d7d0-1923-4b2a-9e89-3f2bc73167e4,e2809a49-7d65-4308-8903-086fceecf0c4
6083f5d0-9bab-47b7-bff4-94c7f6328f6c,Gastroenterologic,8935f934-8427-4e3e-a5f8-71daa9800895,,994490b7-ce83-44e0-8c1d-6c0de7519a6c,1319d512-4c46-49dd-a290-f0f53500c00f
5601360c-3667-426f-ba47-21f574c9473c,Endocrine,49f0bc5b-9436-4d7b-8ec9-7c84f37f69ca,,e48be806-f131-4618-ae54-5a7dfed118cc,6747424e-52db-4c19-861a-423b2f5a1402
480d86eb-056e-496c-8e3f-aa0337fbe9e0,Infectious,e88dde0d-4d40-4ba3-9e95-7d96517d9f62,,08ac2ae2-3f74-4b9b-b366-669173c46b23,adc446f7-58b7-40fb-9c8b-9032fd88a54b
e3e5d9e1-8cf9-4453-b023-037d9b3d9f04,Toxicologic,16541a3a-379b-49dd-a985-4fa93a910027,,53ecf977-2ea3-48b5-a482-848b7fa229fb,bab2331e-af79-4372-b397-2e0a0d10f74b
12f70e0c-8e61-414a-bd8e-d29b791dff50,Surgical,a75dc6b4-3d83-4161-a71a-4b7ef18bc2df,,7bf83907-6aec-445f-a152-76e22687c2b5,dde16baa-6199-44e4-95b6-731c3566e2f5
c4f87d8a-2c8e-43d9-a264-1e8e41a4411c,Dermatology,80164f69-7575-4adb-bdb9-5c79480690f2,,1322376a-3c60-4990-95fe-fabaf1c91fc0,263d0400-88ac-467d-8446-6000cc4c1717
4de0ab75-9c5b-4f88-b2c7-cd6c02f95992,Midwifery,8ede0f98-8f8a-4dc9-a240-f8385dea54c4,,a91ddb90-f63b-40b6-806e-1b9e729c0ef6,a184a2ec-2c2f-4164-b63f-59177e4ab70a
d275a0ad-2acd-4aab-ae34-89f36b1b56fc,Musculoskeletal,584e629c-afc3-4259-9aed-c7d8677b43b7,,efa4d429-7fd0-4470-9f0e-182acd83334b,94108cad-9a92-445a-bbfd-e251b808097d
e6d7d658-f819-4040-963e-e2bf3d0521b9,Radiography,02e2b91a-58b2-4a69-b366-4468b94bb317,,1095b478-17f4-4e41-ad06-aba147632cb3,28dff27a-30c6-4647-ba5d-92dc6db8b178
82c87414-31b5-4706-8b1d-54623d5d8ba7,Speech Pathology,c9e00295-459b-4042-b217-8a20f9345c12,,df68bdf8-5cea-4750-97e2-8b306ee9577a,412222e8-2e10-41a5-af9f-0c0bf15a4acc
a91935d1-b324-4b19-b060-bd5c2f7a4eae,Podiatric,a6bdaa6e-d9ac-4036-9106-c36919044e35,,6fa3549a-cff8-46e8-891f-26e250b99af8,4e3ad80f-e90d-44fb-a986-fd223619551e
de84d9ea-4fe6-4753-be60-2fe9cdd0ff99,Cardiovascular,2264b0b3-dd6f-4ce0-bbc6-a050d12bd637,,c4b29673-5417-4a17-a819-24b0ffda5677,1af459df-b60b-4aff-9fea-730f0483bea6
aa7f89f4-34fb-4715-b358-cc46f550adcf,Pulmonary,a3333ada-28fb-4bae-be15-788a6ad88d2d,,52f85ef5-acb1-40d1-acd9-32875a0598a2,e22c145d-7fcd-40ad-bb1f-a28c8b4b7ac1
4c16fb43-25a2-4ba3-ae10-83649b84e076,Cardiovascular,3d1a624e-0032-4a8a-ba67-31ab58096022,,9b3ce885-bb46-4802-b82d-00ed9259c2e5,0cc45f9a-ed9e-4e72-a37d-7380d0264783
01561704-1478-447b-ac12-a90dae06f900,Optometric,9735f102-9808-4c58-8739-b030551e1546,,f056cc0d-aafd-4462-a98e-746784763435,41bc7237-fff4-41fe-8e01-111315f33777
e6178526-c5fe-4424-ac9d-1260769341dd,Oncologic,67511b65-76c7-469a-a525-82a1ae8026a1,,92b7e377-cbe0-460d-866a-e77087c403f3,3f73c96b-41f9-4476-bf05-837ad197a115
be7c7f84-973f-4498-8b52-e2d1682455dd,Pediatric,80001632-e06a-44c3-8e2d-c0160da90057,,fec183ff-cf6d-45bb-9a3b-33fe07c4b682,a695714f-5f1b-4fff-9c6a-136e46312749
8afc4d47-780c-4075-a423-89fa52c428bb,Anesthesia,ca0698d9-dd0f-4dd3-b5b2-26bf8eb37846,,5c30238b-eb93-44f5-86f4-f2422bb561a5,f5fddc69-3d8b-4235-910f-8f667311274d
72f0f771-63cf-40e4-8cfe-6ab29a766209,Urologic,a9ebeab6-51be-41b3-b4ed-0dd79b728829,,f77cdfc7-f854-4326-978d-be0ef4ebf6af,80d8241f-4e4b-41a1-ae21-e8f7defe6dfc
d236e7c4-77a8-4bdb-9f8f-5e7ec1a3541d,Emergency,5443cbcf-8b6b-4842-8f30-359eda060b9a,,58ef788a-94ee-43db-83dd-46d763bb6b6f,842aab1f-f7e9-435b-9701-c3d37f796c6b
59a116f6-bc12-4dc9-85ca-e9a958c49e68,Community Health,87b6c570-c6d3-4070-aa77-06e120b02984,,0c3aecf6-e747-47d7-b722-986e3c1c50a7,4e9fd040-b468-48d3-beab-9dfd514ae2ef
7fa5766b-fc71-4ae3-9c48-784151115da1,Psychiatric,4d647486-ba4d-41f7-9209-6977efdfbb78,,0128b448-6fb0-475d-afcf-c23a25a7faac,8a73d028-68a0-4ddb-a338-b9cd6f64d5df
ca5b2e83-b62e-4af6-a9e0-51f41dc6c7d7,Geriatric,a332d5cc-e29a-4d68-826c-ed1f4dc0a39b,,ec6fd5b3-dda9-47f3-ba28-01a666053740,df0540c5-43a5-4a63-b006-9215929b5ca4
b7382250-b4da-49d2-a625-09c15ddad645,Hematologic,17318ebd-650b-4eaa-abda-c0b63e25a5a1,,cb4f025c-cbf8-43cb-9ffc-e37db43dbca8,984af46c-381c-4e32-b1b3-8bddf7c69c10
01a3dcd5-93e5-490c-8d44-17ebeb0a244d,Plastic Surgery,5f06454e-f3c3-45e4-9aed-97dacc61a594,,899a0520-d7ea-4df9-8a5b-865c5a6f2239,a0d83360-2781-4704-9457-3a6962034dbf
29723283-c603-4079-893a-cb97feeca7c6,Otolaryngologic,75c27470-26f0-4961-a2a6-31d3a309d587,,959a01b9-a3f2-442d-b661-7747be69e765,a78a25da-23a4-4649-81ea-e059679b205f
0f45413a-4d92-47ce-925a-f2e3d9bd18b3,Dentistry,63d7af37-5614-4960-ad5d-4fba12c68b65,,80848dd7-74a0-47a3-97dd-c69a01e18034,3839db4d-a0b0-4ea7-960b-a7be6a2496d8
3309e651-2611-4cd3-aa16-5c71e4bed6d2,Primary Care,d29eea1c-e5f2-47a8-891d-1879c4b16268,,7cf58176-886b-4d3a-b795-86f959157ee9,a03cf061-a8a7-43da-b059-1d22555c03bf
8db7daf5-a6b6-4860-ac0c-09187091f864,Pulmonary,b129bca7-8349-4d89-a6d7-2338a8c1859c,,6b8d0fdd-9f83-4b75-9142-1acedcaa3939,3ef1b23b-e15e-487a-bb1a-b1d26a2edd95
cd299f17-735a-402e-ad45-040fd88b3de3,Laboratory Science,c0dd3a1e-bbbc-4073-8667-b5d260eeabe9,,93cb3108-84ff-46b3-a427-bbf69927f441,b61c14e4-aa74-4b72-810b-d9bde2ce792c
7a763301-e09d-4dee-a886-2027f1ffc49f,Toxicologic,e3e77a00-9094-4f9d-93ec-89170437b404,,37b52ea2-4a85-4b27-8cfc-4e8c21553559,a83c4c08-69c1-42c9-b2f3-3d7ab41156a6
74b4b01a-4efd-46b8-a6bd-7e6bf18250c7,Laboratory Science,2774860d-20be-445f-9da2-b1c68250af8d,,a52807ff-e386-41a0-9c3e-1af277d430fc,86dd3b65-673b-45c0-8740-516000f840fe
988b95cc-6867-4ed7-8d99-61cd351c8834,Psychiatric,3a7eb397-441f-41a9-bfde-ce1c1fbd3ff4,,ce834893-2844-4392-aca4-5cbdf84c8d69,4f118ed8-3a08-493c-b271-dcf60071ec94
838cb0be-6278-4e29-82f3-968121240b00,Primary Care,6fb07130-6b3b-41b6-b33e-f4a0a75a08d4,,6d8a66e4-67b3-4042-b0e8-67f31e11e907,ec1f7385-bcf9-4d2c-8485-1fc23e8650df
8e0ce7e8-53ca-4680-9949-6db805bbf08a,Cardiovascular,20e72112-341e-4ddb-b915-52d034766beb,,af4c6443-3f75-45d0-9149-e752b0b6a653,574b411a-66cf-452f-92b1-791a4538abaa
caa39d17-4379-4a1d-bb7a-c649af5f3cd6,Diet Nutrition,43b97eec-9753-4afa-8471-f83ef62212fa,,a3e057ef-ebe5-4d7e-b6b7-1ed1fea22693,57fb7373-af22-4c7a-9dee-acba905d811c
1fe7cec6-77f9-4a50-9186-a06657168bd5,Gastroenterologic,bc6635ec-249a-492f-9119-c806d4da3670,,9ae83ceb-49f3-46eb-b8ee-5c6037184706,ddb2f3da-e955-48be-b59b-f9c4d625e7c4
403d1d29-3005-4723-8ff6-7681c24b2ced,Dentistry,fdb1ea0a-3400-46cd-931b-2fbe2cafe6ef,,daa410c3-b8de-4a6f-816d-a8fad758c695,00750c4d-9bb0-46a2-a50f-48e5c5412b14
d9070396-5181-4e32-9fe4-0ae1b5e4258b,Emergency,d64c8566-2cac-49d1-8411-6fc2e8525ef1,,bc93d6bf-d4da-4227-837d-3b571186e67c,f060f172-a84a-4aff-bfe8-1b4c86814d6b
c3ec269e-a38c-4ebe-8000-e4065144600f,Obstetric,43f6c698-3411-4133-ab18-e3cbd8368d84,,8a5f6487-569a-46ce-b32e-33016b2439bf,cad7ab0b-c2ab-46a7-9dff-74f4987695b0
6377fc70-e186-4ae6-be3c-c56734c1ad73,Respiratory Therapy,9ed5fcad-f6ad-4eb3-8cd6-62a234a67ffe,,ccbd692a-a580-4637-851c-781cefafc37c,d3b2b828-56d8-40a3-98c5-c7d98702c5b3
e6dba41d-f3b1-43a3-9845-e44e7fe88a0e,Endocrine,6ccefc53-713a-4163-985d-c50b39d6ca23,,db05c1de-6f52-4a2e-ba28-6943f125d3ae,8db5bc77-341b-4ada-a013-ba3e6d96a044
49840807-65b6-4010-8880-3c74c6a5cc6e,Musculoskeletal,6d513d87-5457-471b-8c5c-03afb7478cd9,,545f1875-39d8-421c-b470-d60395cca89c,c68323a9-762a-44bb-9991-2bedf9fcb988
8d307664-b8ad-443f-aba8-8c223f0115bf,Emergency,9e94e5e9-c393-4787-8a6f-88505908ce8d,,3c7dd376-522a-483c-9fb2-e6c599df5c90,c327e42d-2d2d-46c9-b115-f5f47bf2363d
24db397e-c707-42ac-b413-398025fa098f,Neurologic,10b54fc9-af0e-41d0-8ee7-f34064a4c729,,349e683c-0a90-4f45-baa6-676d1a6c890c,b7b3aa30-e3d9-46bf-8a1e-e9386d384bd8
eefe47c5-81c9-4a5b-8e9d-8589cddc6563,Rheumatologic,7c8d3ede-ffce-4770-87bd-dd228c30cf23,,757a92d7-4202-44a6-b081-82eb2443cb88,798246e6-66f4-4cdb-8ee9-bb102e1fee2b
eb40c6c5-479a-4530-a569-ec0c5a75bc95,Dentistry,1de4b28f-e504-4ba2-8503-b3fc76b56951,,24f217ae-1df4-432f-9492-105596b303a4,b032378f-a6d7-4654-9460-68abe01ce89d
e09e3a16-eae7-4f9f-bef6-81648c5eb419,Community Health,5763efd2-2274-4a3f-9d07-44c91a20918f,,6fec3804-fee9-42a0-992d-6e72da338cce,9713e4d3-cb1c-4c43-9389-6d5fe051d913
695f2502-71a8-434a-87fb-b3e9afc49d22,Dentistry,8b28df3c-3582-4a1d-ab6a-088568ebf1fe,,b56bc0e5-febf-4977-8d68-87c75c27fc3d,ea76264d-d236-453d-a460-37c0ec5e9c01
1ce2c44d-852a-4247-9e96-1a44d9157639,Gastroenterologic,937de7e8-fd1a-454c-8456-c0bd1727d659,,f615d25a-2e0d-4a64-b884-7d5a1c51e2b5,62133ac2-fd3c-4dcd-8acc-0bf0fb9faa0b
6774f44c-fdca-4dac-83ea-8e7e5f6fe1d4,Dentistry,b80aefe7-970f-4542-bdd3-66bc31868488,,ea166930-3600-4ab8-a519-f808eccf21ad,f9a31bd2-3fee-4277-bf90-c4b98e87e850
55f6b024-c371-402c-8675-1001c7fc1a6d,Community Health,25847049-3a44-424d-a99f-226ae0ef2f5d,,c3de1e8e-d763-4e2e-ba20-d2b80e40bb55,be7bf2ce-781a-468d-ab6e-3034f5217b7b
5f292be9-a6c2-45f3-a365-4126111a6fa6,Infectious,d56b5775-eeb7-434d-8d91-efd7a6857487,,58f1d623-941b-4981-ad7b-4810e65327e9,942371e1-ed79-4d00-ba38-2a53b4273b04
61fc4402-5fae-46ff-80eb-de35bdc70f1e,Oncologic,2747dcf8-ae6b-4ccc-8dcc-df279cb36ab4,,4705680c-f8f8-4f79-9321-084f6904722a,a7d01786-3078-4287-958b-ac20b07f037e
562e3c0d-5569-4573-b8cf-38aa82590796,Gastroenterologic,99704fca-5546-40d8-8695-a56750ecd5d3,,256bea67-4863-46ab-83a1-6d6766630bba,2ded524b-a057-4678-9572-45a650d2b98b
691f78f7-120b-4258-81e4-6f88c3918363,Endocrine,be1c5693-d769-4328-949d-5f4be9d60b12,,ad035e8d-93e1-4ef9-bdf1-594ca0d30853,08e5af8e-f3b0-4ae2-94f7-e1c684ea82e3
ec3c9cf4-71d8-4ba9-8213-725cc8780911,Neurologic,0c84de0d-8748-47fa-a0be-b65ac304901f,,87dc1868-4689-48b1-a0be-d296bb6ce445,c5e3f8d4-384c-4b4d-93f9-0ad6ad19aca3
23311dd5-9743-43f2-926f-0a22f72afb0a,Dentistry,334583ea-1260-4917-9791-50d1e6b83847,,03ec8277-d465-41b7-ba96-a2cef1e94174,f4bcff43-a34a-4853-87bf-d56566aae204
f668ada0-236b-4b8b-b02d-3177453c5a20,Physiotherapy,155cbaaa-ab72-4f07-a647-b1f44c2ab4da,,5bcbc9e1-f9cb-49ea-b485-51a29d6fa7fb,d6b5059a-6a6f-4a87-8980-a520eff16463
92d70249-a1d4-4e25-a05d-7a6027003a35,Primary Care,06117921-8c39-4567-b182-bff1e3b3821d,,c5c60479-2be2-42a6-bcee-7080715f6651,78c0aefd-8d10-4ac4-a87c-35ff9ca41b58
92df8a37-e17c-4c0c-b121-a12a34ca4348,Surgical,df9b0ea7-0157-4ee8-81d4-c95346ea4f0f,,a0082520-280f-43ad-aa47-48456e7b459f,133df6e9-b5b3-4718-9a7c-c3b3860c7c6d
5e5313be-3ae9-4fb0-921f-224c3c2cb928,Psychiatric,e1d9259f-3c7d-4e45-aa29-6db42ba3987e,,c44e7a1b-1655-4789-bd57-e11b9f633bc4,4218e573-b8f4-4657-98d8-3675770ba616
eb14b5d0-e02a-4207-8e97-984a52387658,Surgical,5bfed079-f9e3-4ce6-9735-e0b88257d09a,,70bf7277-4982-4814-8653-8fab8791da7e,c0f7cb46-7d9c-404f-b886-c62eccf9ebd4
51f38b54-789a-4f3d-b6e9-3f1bd408cb12,Endocrine,bd8e41c1-3d1f-44d9-a1f2-fd0afbd032a5,,8331612e-f49e-4512-8082-3263b0d69784,8dcde1b3-c8b7-4f16-ade3-b5be7cfc61cc
162cae0c-8400-45aa-b7fa-efedd915ee2d,Gastroenterologic,bc6a239c-8bf0-4653-a1fc-863c5ed321de,,57c69d67-eea3-44b8-9b7d-6c591d13b81d,430851aa-9a92-4722-afc5-9651dd35632a
6ab64595-44aa-48e1-a90d-6c8e8b0ee85a,Gynecologic,f6a84daf-5349-45b4-a64c-5e5446e0dec8,,ac569f91-e6b5-4ecd-b620-a3eeb697adbc,da11d2c9-43e6-4d9b-9e7e-0170a4819363
5d2e13cd-a8e8-4bee-8536-1ed13f63b222,Urologic,22851339-b365-4f52-a305-6f8e37ba912c,,5b573321-676d-4271-ba06-a7c8b0c21567,d8919c61-34f3-46ae-930d-a9ec33b76e26
50b850ef-d0a5-4d83-973b-577e2a274f5f,Infectious,333b9f57-78cf-45ec-8b41-1b6675c8a543,,8f9bfd08-b929-4fec-8cb8-319028008607,33fd21eb-7dab-4e71-9961-edfa905888bf
7282184b-5609-42aa-b9f1-b56c8582aa55,Obstetric,7d2fc34e-2e99-4be0-bc91-647c329eab05,,f7d491e8-201b-4f7d-9a76-471fbb04ac1a,9e875edb-9718-4387-a6e5-8cbc54a969fc
558bd463-cc17-485e-a71c-75c4d04f09b2,Gynecologic,6ebf95b0-2c6e-41d1-9656-34c607b934c8,,ae75dddf-1e79-41f4-886d-c6c589268d25,51eec456-2ca1-440a-a2d9-ae837c091f35
9d541852-8dbc-41a0-9ae5-1e78f9211d25,Midwifery,d4c8b005-f2d8-45b3-ad93-c959e6b14f3b,,08d17340-a704-462c-b31d-057e6dbb75df,0d73f559-6ee6-4716-808a-ef7d90deafaa
268270fd-2693-4758-9c98-1928065c77e6,Rheumatologic,115fa9fc-9d11-4bdb-a7e8-f09072e4cc62,,ac548d6d-51e1-4633-9042-332ca6ce7263,fe3da524-1873-482b-bbb2-fcac8f1df6fc
5d8bea56-764a-4e82-9ff0-eb2dd51fd63e,Community Health,9fcb70b2-63de-49bf-a2f0-6aa44f7ad6dd,,5b5e98a9-8101-400d-a7cb-bc18f4bfc579,56220722-8cf6-4636-811b-74f7b5dc436b
ab6b0598-868d-44b4-8ff3-ff1f74d79ed4,Pathology,9a3c9971-e080-4ecc-b294-4902b076a583,,41d95aa0-d545-459b-a20d-dc97c048900c,ede37398-57c2-4aee-ad7e-8c632d2674be
a7cd4bd5-2099-41e2-9f58-d2640f37484a,Psychiatric,f3fce185-5c16-41e6-8c17-49d441b9864c,,37da4ee0-6cff-40d5-a615-d0351af854e3,506dec11-c8bb-4a21-9d5d-3b9bd4f75de6
989dca6d-4df9-4aba-87ec-843e6b964a21,Gastroenterologic,c0584ac3-d254-4dbe-ad02-be08231d06a0,,00126fbc-72bb-4b45-a2e6-ad2ea14ef6db,9543cfd8-edf5-4d02-9a44-df106074662f
77b42c52-e4e9-4540-87b4-8b2da7bd7b97,Plastic Surgery,2be8cd0f-6ae9-416f-888f-9217a83b94d4,,9d7c9d99-e85d-4e60-9934-4267746602d1,fc5a3263-52b5-4adc-9c59-e4a50a06c335
197d9b51-5ff0-494d-b099-fa0663e9da9d,Primary Care,2dfc57df-cf2d-4993-b2ed-6bdf5f7dc596,,76684829-0a21-42b8-a8e1-1e07f059ddb5,773cb93d-5e78-4c79-988f-5ad0fe757f70
d85e5158-a0b4-490d-9ce2-f01748440f45,Speech Pathology,4124cd2b-56ae-4384-ae2a-49e81599d3ec,,8063ad3f-3269-4c54-9f72-0bad088565a2,baee673d-042b-465b-a0eb-eb1498a9c933
38613d05-b41f-4916-b5e1-5058d8b5b4f9,Pulmonary,98b44c36-8f52-4bf8-8d27-82b9815a4f12,,d80f3dfd-be74-48c4-b585-f65313950365,b075b085-0b52-4748-af57-b8f6e335d539
55ae604d-7eed-4aca-a103-8cd7daa71392,Obstetric,afac9d51-cfc7-44fa-8ed2-9b00a0018428,,f51558eb-8f04-4488-9117-c90cb26c8426,748f2247-dda6-4b0b-bcee-b65e93e315fd
aff9706a-9282-45a4-8ce5-85d251e974f8,Dermatology,476d9aa8-f5d8-424c-913f-213b49fd2095,,481205c9-d0ac-4ddb-82f0-7b70894564dd,62edc378-ba8f-467e-99bc-bfa64fe97f7b
17fd210e-0f6a-4ea5-b25c-e4c0fdbcefa6,Emergency,7399d3c5-84cb-43c3-8037-a5aa35dfb0b8,,d2b41f3a-d6a2-429a-b251-801305b3cd1b,77aa0409-e7d6-45cc-8d1e-460c9ab97caa
d9993783-278f-4697-a0e1-c2b639167cdd,Urologic,317a9f92-a46e-49a1-b7a8-741ff4ef23c6,,6a25bf54-5118-4b69-86e3-da076a06499a,748d738b-196e-4e26-95e6-58812bae5e56
5292f7c8-266f-42c3-9187-e84096a61486,Podiatric,a8b4ad2a-474e-4127-93f6-31ec88a227f6,,f6a825dc-b96b-447c-aeb2-279d3715e3fc,ed834f16-93e5-43e4-8719-7bf163694ce2
370fa230-af4c-46ad-823e-45195abc204b,Toxicologic,e7b7a19c-3945-43dd-b05d-7b1742f133f4,,415427a5-0011-4a33-b605-d9bcda277bda,253b6e44-1916-40e3-9800-201a9cc6d351
12be790b-6431-4cfa-8897-1ee17ee87eb2,Endocrine,f6e13279-afc3-4185-9a51-61619cec739a,,362f6360-10f2-4fd0-92a6-ab43c23c8d10,8a5c4874-9fc3-4fc8-9847-0ea1392047e8
38619e29-70f6-4ace-8df2-dd767906b616,Community Health,ae823c18-98c1-4649-8929-292ce0ee3f99,,0deb35a7-4803-4428-8e9b-d1048d3c4a7b,ea04c35d-232a-4bb1-87e9-17260a51f913
fc88767a-3abd-4380-bad2-519e96c75519,Genetic,6cc01429-1cdf-4a7c-aa6f-519cb29ac659,,8db50520-067f-42bc-b09b-361b56d06d4b,40b7dbc2-e82a-4d22-b46b-456ac40c8da3
48245a1c-f165-4b8c-a8cd-b6c37a0c2b19,Toxicologic,0865a533-d55c-4e4f-8e63-950cf1c9658e,,b610a591-3f97-4ffe-8f32-37ef4b6778b5,bda3235a-e16a-4f5e-b64b-3afeb58dc25f
a51e1354-28e0-44b2-8d44-fdd78cabf5d0,Pharmacy Specialty,761980f1-01f4-41ee-b0b2-2d9fb790cb4d,,747e713a-7849-45ac-9543-7542d65f16aa,d383ef52-9d14-43a5-a49f-86975fd00911
85066dfc-10d1-48dd-b3e9-9cc1e3a477f1,Speech Pathology,feb6584d-9919-460a-a29d-316f780415e6,,a101983d-528a-4678-b1a5-a332dfec65e5,1fa62862-5ae3-4a0e-ab25-0adbf2bb3e42
92e00130-3786-49af-a4a3-83a40dd4097d,Nursing,bc677a3b-1cae-4278-8a18-32960cefd631,,9158f2f2-60c9-494a-8d17-316f16dc4375,020636cd-ce6e-490f-8257-1472561bbb47
1fe3b55b-9a2c-4fc4-8889-ba5c225967b9,Musculoskeletal,3e6d0707-720e-4532-b9e0-b924ec5233bf,,647ed442-a568-4433-9b6e-5b571f784242,c988e413-9d23-40bb-9d1e-f2754897a1d0
c4869bd8-e32f-4650-9148-26f4ad34949a,Toxicologic,4757ec9d-4670-41f1-9a20-3a55904e8585,,551f015c-d496-44d9-aadc-546682b4932b,02114533-d9d1-4b49-9391-e92479cbdc6c
d78e2345-dd94-4aa3-affe-1ae2642dbda2,Dermatology,5ca84dad-7a38-4461-b79d-c6f4aa7b092a,,74616b83-e68b-47a2-8f8c-3d0b578988d0,fa4619f2-0a8f-4a80-aa61-5a6e815aea9d
5ae73d2e-5cf8-4ef1-9f3b-937f95391397,Renal,093e3cab-36b5-41b7-855c-b85021a5b23c,,31428824-3659-42cc-8a15-8b51561d5d47,9b73f94e-83ff-4b81-88c9-a3a5fa3c27b8
5bba4431-6979-482f-9cd0-3c2fccb1eaec,Surgical,cffdb73e-da32-4d30-8d6c-617061fb65ed,,a0f8c7f7-61e2-4aa6-9866-7b2ecc4d8c0f,35ea89b3-dc07-48eb-b475-0c52f9f602db
891b6370-8b6b-4727-9a37-7127bc723a57,Obstetric,b8b158cf-408d-41f1-a46e-1970659b7482,,95e8e55d-1f94-4b3f-b8e5-789f99e9de37,2c650537-b5ca-4a87-b6b1-b2ccd55bcf68
91054c41-c802-43d4-b8f5-0f6a840fe9e0,Geriatric,37adfaef-859b-4d99-8116-7da24a563edc,,010259ce-82c7-4fe7-bee8-73cf2e17143b,30347c71-558f-4def-985a-955b67f69d5b
818d4f45-7c36-4759-883f-2e3af360f1fa,Pathology,b2952483-2b56-46ed-a10e-df5879c67d46,,3940b1f4-d180-4460-bf60-c5197b30cd18,fa53b5a7-63d8-4cb1-b2fa-5cfb0b3ea071
2904dd16-055f-407b-936b-fa38e83f9c84,Pediatric,128a3713-659c-428f-8421-fd7aac22a091,,39c3d890-8a20-4771-a5ca-02448b3c7cb2,d95629ac-11f0-4316-8b70-fda7777964a0
7d15402f-6a20-4740-a9be-9bf9f83226a8,Midwifery,acd8f26d-ab57-4430-b53e-77ea21fec0af,,2760c71b-e9f6-423d-9837-c7a6e0d44a67,cad0e800-8909-425a-bc78-f9bcab652a72
42c289ea-2db5-4ba2-901f-cb497687076b,Hematologic,07c03823-ec5c-4e86-95df-615e8a525b6e,,c777bfcb-ce69-4db0-8378-8cc31d247fe9,38e850a1-ed59-451a-8753-43350703c5f1
73e69f0e-f204-4e53-bf2a-ae31089c0566,Speech Pathology,584e9ab5-a4ad-4e73-83e9-326315837bb7,,bfcd104c-c201-43e7-bf8f-369e58257de3,0d64cd61-a376-4512-9b81-2ade2d49ec80
1def9ddf-d7dd-4a3f-8d2c-8bdb87f69bce,Dermatology,b11ad6f5-c056-474e-b23e-09c50639316b,,4dcbd67e-ad2a-4e55-a977-09ebfb812f05,9c65836e-8e9a-4a56-a6aa-e560a18df6f5
5b6c151b-677c-4a91-ac30-ba6f0804acb4,Infectious,c8be6045-8334-415c-84d3-72faa7fbcec0,,ea186a67-6808-45c6-ab77-f9b2ec551787,1c30ebae-36ae-42f8-a9ff-46216041c0e9
54ece605-38e7-42e4-b11b-2a05cfcbe752,Primary Care,aea4b5e4-cb69-4564-9ff4-402d9d9277af,,88e211a3-2949-4e65-ab9e-18a102a6cef0,a140dda0-4958-4271-baed-3ef10251d8d8
f4583b7f-c68e-4d3c-9121-982135e7e77d,Physiotherapy,ee08c95f-5855-40a4-94c4-ca45a1abee78,,0fbf9fd2-75ef-4e61-bbd6-c8efd57aee3c,7d3eea80-c6ef-4bff-b6cf-bac7c21dce78
e61108c4-1f1e-422d-a509-20a8befa9638,Hematologic,c17405dd-4281-47dc-9331-468427422eb4,,6cd0e716-e889-4f35-bc52-f5a5802db1a7,70b3b8d1-15dd-431a-b9e4-4e0e3fab9169
c2a12b05-b187-4e1e-880d-53bbb221bda6,Optometric,1a5d2e6e-3611-45d2-8e58-f4ee4a7a4f13,,cb39ee4e-783c-4b3b-9069-d9ca62dfc57d,53719155-ec2b-4b43-b38a-67ee20a43d4b
e5079a2f-cc03-4786-bea2-1ff4b3963135,Respiratory Therapy,9a85bdf2-f1d4-41cb-b59d-1fc4baed643d,,600bae86-ad01-417f-ae8a-c2848c109e8c,6fdb2d54-7d0d-4cc6-ba38-dc112f9c79b1
88796771-5c85-49ab-b8d2-11cfb564871b,Gynecologic,20d3ac75-dff4-4b61-89fc-f049b8a55585,,a3f28901-1f7c-401f-86bb-76489bf828bf,b7bce3ef-85f7-4731-86d8-0cc2f7b2d73a
21a79df7-caec-4873-8fbb-1c763794961d,Cardiovascular,31aeb605-8657-4b03-a0fd-29793bdaf95d,,91fb6e38-c188-40a1-95a0-49da3c2f401e,f00a5cc4-6996-4ee7-b691-23bfc07dcd7d
85a57701-7c51-417f-a098-57ab8faf0a8d,Rheumatologic,8eb3620b-55a6-44fe-a8c5-8fb3a6db75a3,,0cf60970-f80d-43a9-90ae-8d86129f5371,1a47b4a9-ffb4-4662-944d-b1d2243974b8
01d935c9-6606-40d7-ae0a-6acf566ef92e,Genetic,9c7e6c69-84d0-431a-9eb2-49aefcd25e73,,143add0a-94bf-4a77-8bf6-41f76fc6b463,1f0d3601-2ce4-4400-89bf-1bd23aaadbe6
9dbf1fc0-08fe-4783-ba74-923f6583b505,Diet Nutrition,4241fb3f-3caa-4ec2-a283-102ac6057d34,,7c28309a-f837-4023-b261-812c7ddc4391,39739c23-a1c1-4975-bdad-9e7df71ba9fa
507ec540-2182-4cc4-a626-d75e6c36ca7e,Laboratory Science,568000bb-f2e1-44ce-9f66-e29d5f8c708b,,30da4884-8607-417a-a3d4-b6656e00a18e,186d2d98-2d9e-4af6-9805-008b256ab331
0218cf2d-cc90-49e8-9cfd-adcfd8651117,Pathology,e501b0e5-5fb1-4510-8750-e6d5fe7230c7,,0384e317-4c07-43b9-97d9-a8ea69462525,9f41e692-662a-408f-b1d1-9cf1d71a0279
cb35ed5e-f11e-442c-8402-07ef26cfff44,Dentistry,08d9bb7e-1c39-4381-bcea-9373e7121d31,,0ed166c2-17b5-4dd9-8633-fca486eaa0d3,68516ee8-e3e9-4978-980f-caede244055d
dabf5052-7748-43c9-b7bd-903929b30996,Infectious,64244a44-585c-413d-a953-a048bb54529c,,9b7de49b-d00d-4ec5-b60e-3206dd6a2759,69005272-0cd7-480d-ae3c-3cfa3cdacb1c
e7d9a380-67d3-4096-aba0-39f36ab629fd,Primary Care,4bdab54b-292b-4cd0-8acd-0c3862d5866d,,c7d5fd90-6e67-4a47-a536-cae8fa694861,80fccbc0-91bc-4542-a0fa-5f1ac4ac8e97
aadd39ad-4638-4431-8653-667f5f19532c,Laboratory Science,e1f7a493-2e9c-4ac1-afdf-3fd943ef6aa4,,583ef16d-11c6-45f5-b8c7-a1d59c12325a,e5eec1bc-481f-4a4c-afdc-95845b9ffd56
99298018-e254-48c6-8674-f3de248231e7,Pulmonary,dcbfca09-326c-45d4-9a0c-d4b0ee7a3d4f,,98c793ae-5d57-47b3-af40-5a0641d2b1f1,badac4a8-5c22-491e-8b4c-b911f461b6ac
6e10a3a2-292a-4302-b836-b4fb6cb95db9,Community Health,8ab72a79-b72b-4202-ad60-4f9d359f1ec8,,cd110d06-bcff-4321-9bb7-54076dbbcfa1,17c067c4-6555-4e8e-a860-58f30a443046
77ffa2df-0ce3-49dc-81b4-43b25c676245,Hematologic,41a8b301-64bc-48b5-997c-9bd833beb7c5,,809c7d94-4954-469b-a784-8636ff2a6223,94a5e027-ddd5-417e-b20e-f63ff0ae75be
e7e2e535-ebf6-4dac-a190-6dfc905c7c90,Laboratory Science,05bada49-0668-4a71-bc6b-89682b8114c8,,c7782989-5548-4803-8ddd-61d1bdaed898,15754246-e7db-4858-bc2e-a7ff788adb38
e3a66400-e5bb-427a-abfc-b72c8ed923fd,Infectious,ad12bb72-050f-476b-b3d4-7cec9e0bd2ab,,55ac124b-0eb9-4c56-b2ec-1c3d860859e2,7bb50502-9698-4dcf-bb37-62f79e74bde9
18865fee-7244-4bbd-983e-a9bdb7bc3431,Pathology,7647524e-714c-43a9-a584-84d9ca3e86a7,,d367d350-09da-42a7-9fb0-bd2f1c80772d,6ad71e4f-b9b4-482e-bf23-2de8e289b52d
dc850aea-79ce-4a7f-935d-cc74e508f621,Community Health,781842c5-32da-41d6-8e01-a467a9c2c901,,50084959-de72-479e-b27a-f7109222b9dd,e9d08d3b-398e-47a5-8d29-28a357867969
9623c8d7-da9c-4dec-9abe-e424c6e19be6,Gastroenterologic,abe6310e-9b71-4e37-b6b1-66eeee8b9662,,360b8f66-2043-4f41-87b5-812687cd2d45,d4e36136-ab80-4901-a24d-0a036f7c9e47
cbadf7e0-a9b0-41d5-9adf-31ffe956ad1b,Pediatric,c2bd5396-61cd-45ef-a8a7-6c3cd5186289,,b026d217-b9e8-408d-8ec2-415fa06594fe,30c4b834-8dcf-481d-849d-215d8180017d
153ddabf-3a06-4545-ab4d-3e9f93248f1d,Musculoskeletal,00f12d3a-5717-48bf-959b-50136dfc08dd,,07161411-609b-4bfc-9792-3266c3ad7b9c,e95ae987-f1cb-466e-832a-b1b44f43e091
b0f7003a-781b-4a9e-a437-df7dc010c331,Optometric,940a860d-bb77-40bd-bd7c-c4ab0e7f7c59,,75e5fc4b-d514-4961-b384-c4e3e3e370f7,b6aa9141-c097-4b3b-8017-76229a5b623b
3dc24958-c50c-452c-be03-39f3888dbad4,Anesthesia,57d71f7a-6926-4b0a-aabc-7bc19b07b1e6,,69aeea30-2f25-4e78-b0f6-b91b2781e68e,ede334bf-5986-4017-9fed-740455de290d
6b66733a-9df3-4008-9aaf-ef067db5a7cc,Urologic,368efce4-8189-45c2-a6ee-2234fc0bb3b1,,d7fafee8-c629-4908-a747-b0b38ad7b0db,3b251899-215d-472f-8b25-2c5a357d7205
b8c79b50-973e-4de4-97c8-857528c92560,Dermatology,f1f7a92a-c32a-4adf-a032-7d6a802085d4,,e23619ce-d587-49ca-b7d3-6f0bd834ed2c,650eb3fd-6ac4-4fcb-b826-db7e041d3dee
c5acf806-99ac-4d18-93bc-4c742e555847,Primary Care,e9bc8a99-03ae-49be-906c-13f81fdc0bda,,7c1662ef-1892-4d6d-b8e7-3a422b0d7434,4db7be08-bed6-4fe3-8918-c98db01de5e6
a2deacd2-6c5a-4521-acb0-10a829cbd346,Community Health,100f44d6-355e-45ec-b94c-09ee02c73a4e,,d1f55417-0789-4f33-b551-066bdcbb8ca7,5c146299-4404-43fb-8e93-1f818eecedff
ef6a92d2-90ea-4377-9a2a-1dcb8076d1f5,Pulmonary,0a665a53-6e56-41b5-9f46-271b0ba99a28,,9767729d-e80a-40c6-8609-556b20bbb6be,dad11351-e347-4ea4-955b-142032cf9513
b0cf1ef0-1a28-4ccc-ac49-b8a4da3fe62b,Endocrine,f7d9c45f-1aac-49ab-8884-6430acde22c5,,b79de39f-1696-4031-a93a-97f1866c8c1c,804de8e9-41f2-4da4-a376-4a660fc9d2de
7258ff2b-0a66-42e0-ad80-c7cbfce2ccfc,Anesthesia,7fbc80ae-d18e-40f6-90d4-ce25ccbddb4a,,511ef1fb-c5b9-4494-ba54-654a8ce2ce3e,764534ae-c086-4c36-9b22-6d7d6e066b6c
60c71bb1-7132-445d-9304-d4c30768c9fd,Public Health,cd83fd13-63f9-42fd-9786-f5aa56cdbe87,,24a8a129-f4f4-42a6-8550-1ae847280788,ff3328d7-68a5-43b8-82a0-857397f98b95
c808260a-3a2e-4aec-a8fc-374a0769a192,Rheumatologic,460b3a36-519f-4600-a5f8-b16950b61435,,f997ef7f-3e53-4dc3-98ba-5a1fffbd8537,4c690a94-3850-45bc-a279-ae08bc97e528
5521a195-b4e4-457d-a7dc-d38d0c71f945,Rheumatologic,faac41d7-75a9-4243-a834-80da0d6e1f50,,4a2327a3-fb9f-4dba-9dde-c9dc89e887ee,0d0da057-270a-4e47-b278-3dc3691712fc
4a12de73-27f3-4d09-bd97-8653e8796fba,Psychiatric,47f9ac29-2578-4d16-9f4f-172314aa4329,,995a0045-99f8-41d2-a70b-ad6cce7306de,e0d0289b-7ab1-45e3-9cfe-22644184d0a2
f3702fa3-2e9e-49e8-8816-5b412875c833,Rheumatologic,4d923a09-0400-4b9f-976c-f24c5b3d356a,,0c76931f-fe68-4a02-9c11-9669d1177fe8,a78450ee-56bd-422f-bf5c-c2aec6366ad2
4cc86e00-0ef2-4b06-99cc-79830880a0ee,Surgical,abbd4444-1677-4cfc-bd21-81094c841a01,,31f27d93-1806-4b2c-ad26-d6e4c5edd097,7cc3aee3-c448-4572-bff9-3376ba79395d
edec1628-85b1-4274-8f33-2f380f8bdfb9,Hematologic,3be6b36b-66fa-4239-bea5-6ee9c0feffe5,,e0d9df02-dd12-4246-aaf1-0cba02b83afa,82ca25dd-2a86-43f3-ab35-58d2a5e3c89f
1ec7cbf3-007b-45e1-89a8-8feee0a33221,Optometric,5e902210-b482-4de3-8e46-934e80c6f12b,,8c96ffc2-aa71-40de-8721-fb721a734c8c,b96f1439-a680-421f-be70-1c41dee6baf8
5a17dda8-c74d-4040-b1e9-a71d59be7168,Neurologic,6c8f978c-7d4f-436d-944c-5b0bf546eda7,,d54f46b3-ecb0-4d41-9de5-f85458e7c45c,6153cd45-f61c-4ded-a03a-04e25bc2bcc7
da919b6a-f0ab-427c-b658-ff76bdbc7e94,Pediatric,1227decd-0e16-4161-ba07-642f087f64c6,,4e7ff426-0e2d-4df8-8511-0179313498de,1934952f-6761-4457-9dfe-778a2c17d3e2
6ce1ace1-a417-410f-8739-e85289d718e3,Endocrine,5c432a00-6121-42f3-af26-dd2fc7aa91ad,,6ec3d215-4980-4798-b14b-06697f693e58,9ad9c036-3280-41be-bd74-f38d93750668
db810608-53f5-43eb-a1ed-7158e1855f62,Pathology,d1ae9010-b6b1-4a0c-8624-fb125b996cf0,,6b5ab6aa-2be1-4e65-8c8a-c67669a91cc1,241241e4-e7e4-4f52-b4bd-fb0e07661109
b6a6deea-1506-4061-93db-7e31455fab21,Radiography,602c5856-3a28-4c6d-8b3a-d1282dab2714,,ab697183-f8a2-4e7a-a4b6-03ff171511c1,c1abdb85-2b7e-4e1e-bad5-2d4663d029f4
1519799c-9849-451e-836b-c501090782b7,Midwifery,8eb303df-8f11-4b5b-8c01-e59f022bbf40,,b4ab8f48-b637-4b12-9060-9bbaf7143a2e,2bbdea79-70dd-4ccf-bd4e-5a2047d2eaba
0d5f62f2-80c2-42c8-80e5-494a98612652,Toxicologic,27f4a500-0819-44fe-ad5f-05f35056a1e9,,cbcbfbd3-08f9-4943-8106-dcb7132b42f3,008cd7aa-0166-40b7-b02f-ee43ee908ba1
00a08465-292b-40e3-af5d-24b1859febe0,Dermatology,c934c443-3781-4e5c-9915-0e8f2935074d,,83b231f8-39bc-4059-8eb8-7ecdbe62bdad,9f0a1049-c061-42c6-a851-5c2f4b01ca70
ba716f54-6d85-4b0b-b590-b8da89e7715d,Physiotherapy,d74bafca-3ab5-468b-807a-bb4fb7255862,,ad46b383-d028-4387-a07c-030c97eb33e8,8f980c52-11fc-437a-ad7e-d291e19fc948
0df359b4-5c44-49be-817d-27613a304de0,Toxicologic,809f7e8a-4699-4eea-95e9-400b954b705a,,02470df2-4b0a-4e8e-abad-d32cac2329ff,edc8d3c0-1953-4cdc-965a-e82b24db4e0c
2dd48c87-4f1f-4385-a0d1-6d12ab56d767,Geriatric,ac44087f-8e93-404f-b12f-069a15699166,,0ebd951c-2330-4c2f-87bb-6cffdca944a5,451262d4-cf6f-443a-aef4-633681977db8
e0996783-fc22-42ec-af8d-31ccdd4da063,Geriatric,1f297b70-1149-430b-a356-9dcebfe73c62,,f74cc417-3433-46ab-8d11-136749eb25a5,55474b26-224c-47be-97d5-cfdbbaebcab1
11c0d511-5fb3-4547-b5a0-4e263a45fee6,Dermatology,605bbf15-5131-4461-9959-06d8dc167a1b,,f3d36dfa-fe10-47a3-9216-ee4f05e34e4c,00e1fe1e-b901-4b7f-b230-b5339f6ed851
007f7fc3-9fed-476a-8691-0baf7f47e20d,Rheumatologic,821b1ae6-82f7-4c19-ac67-ce1c60cdd38c,,6b5ae7b3-bdc0-4871-9c5c-69584fcd7a61,17d7d292-7cf0-485f-9284-fc455496e9ed
a0553c69-1414-488d-a727-1efe4db03ab7,Public Health,b5e33acc-7890-4171-beb3-bf7056f97a76,,43b388a7-fa0a-453e-a723-7868f21aabf9,e1327810-206a-4fd3-a3a8-c488a4c99cae
f9442c26-2755-4c6f-a71e-402d319e0a1c,Radiography,0d48c845-b54e-4bf1-8c29-0429784e1375,,b1264f0e-f569-4cf6-bee5-f95fe822763f,7a37a0a5-172e-48a5-b176-ee40b70b2faa
cadadcae-3f6d-41d9-913f-db04b58fe862,Gastroenterologic,8fdd674d-2d22-4f68-88c5-566a870a701e,,6280b1ea-1c48-4540-979f-9ab2837c497c,ef2a538e-d127-42f1-8f85-5031b6c7e6ce
76ed99af-fc89-436a-8a9c-620d87294c0a,Speech Pathology,565a8554-d20d-48ef-a350-199f95399d26,,e7606b81-f002-43a6-945e-ee631b1a61cd,8b17be8d-e582-4a3e-8076-c85068e0cf1b
3bf3c235-c0c8-4a29-a403-251a330278d4,Optometric,4ab9da12-4bd9-452e-8115-f9332e49063f,,94b8e496-39aa-4842-adf1-bcb491c00dce,fe02894e-0ca0-45e2-8e43-aa3b6acc5515
270ffb3b-0416-4480-85a4-0646bcc85cb9,Respiratory Therapy,6c5219b6-be5b-481a-9606-8dde4c091a2d,,b00bf4ca-4f81-40f1-a59c-2447cadedba2,ba2728c5-54f9-48b7-9532-5cc0b89b8426
2e68b080-5898-4c50-aed1-808ea695a230,Urologic,94811ff5-f065-4dd0-baaa-a8d82ca37a58,,72aa8fb4-dffb-44fd-83e1-fa15ab6bad23,c4fa262b-6f97-421b-8b21-72ba6240c38c
0c53bd4b-d4f3-408c-bc62-ef1ef08586cf,Optometric,a78c7133-c7a8-481c-a1a8-89e109452a27,,5b589e3d-55f6-4d14-a14f-078a025bf2ce,8b116670-30d2-46c5-9616-69dbe23f0288
13a3b608-dca3-4e5a-b0f3-4d48a70219cf,Podiatric,adbeb2af-1232-4863-b66b-159893b9e662,,278b65e9-03be-4245-9496-54046e67ae2b,4ae40aa0-e9b6-483c-ae2f-d7655f0c44b8
76a0cb91-5178-4244-8a08-20cca426a41b,Genetic,17ba28bc-da7b-4954-829b-9006932b9020,,65e203fc-0859-4605-9470-a07ab1d940b4,1b05ce23-fe4b-4f1b-8be5-9b061716ea8d
d6a64894-591d-43be-a41d-41217deabc2b,Anesthesia,3ea77abf-59f4-4200-8824-88d84d297f78,,742bdbfe-3dcf-4b84-a4f4-d6d68786d68e,a931a341-bbc8-422d-b3ce-4dc5f24ebcd0
ab047913-eb3c-49c9-93f7-442024129733,Cardiovascular,36e584d1-53ff-47f5-aa05-d4780084e889,,7ec6d908-314d-44bd-83e8-cb32e9b8f92b,2cd078c2-acec-43f5-842f-a199200dcee4
509f3f26-ce0f-4c96-bebe-c7e27439434c,Pulmonary,b4e545be-019f-4e21-8bf1-9791125e1be0,,a82892ab-2e42-451a-a2cd-de04b5e42e4b,d1f22cad-309c-46d4-9734-7e13b017d2d8
779c6764-490f-40ff-908a-c84fc6400a66,Otolaryngologic,ffea34de-8a74-42b6-af61-2a40f1f79892,,23de2c65-5381-4c25-9274-a90ad67b9ebf,f8b81678-5e02-439e-a4db-81cefd96f9f2
d7107d77-6ff4-4f88-b4de-7fe27fe4b56d,Infectious,29487850-5f6e-4baf-9728-9d7ecf67cfd9,,7545891c-16f7-43c5-999f-53b5eeb653d7,1a9374b1-16e1-4094-9f33-775310bbcbdb
fb7bddd7-453e-401a-80d4-1ef8d949c19d,Public Health,cf53df43-0351-45c2-9916-919e57884cec,,e7152a91-0be7-4955-9817-925b0e71e6b9,b1ddf686-6e71-49aa-beff-be385bed2fe6
b06fcebb-a1f8-487b-9bb1-cd0546a2e536,Geriatric,d530a901-35c5-48d0-a43a-91cb42424a53,,6cd83646-7ec3-480c-9def-9e1561bd9b5c,a8f1fe2e-4ae8-427f-a271-ca569637e012
6186cf53-3a46-4f18-bf87-3a1566aa56b9,Geriatric,ead5663c-5dc4-4b25-9dc1-d8dfed62fae9,,dc646e9f-1239-4d63-beb8-919810f8fe7b,e25b4e33-275c-491b-adca-c48b3e2cdb0f
bf0388b0-54b2-46f0-8945-1f2922340528,Laboratory Science,f3c8da78-d793-4dee-b71a-96270f74c825,,5a077c24-f089-4aea-9df1-737e08430531,44038420-ad12-48bc-9130-75cf401295ec
26a9ebc1-cda7-4b64-b02c-6978a3a19643,Endocrine,5eef890d-17b4-481e-8bb9-f6260f35c069,,ad8370c9-dce7-45c2-aef7-417c0faf048a,d4dbd7e6-272b-4e06-9a54-b0194aefa36d
9ecc3e84-48fb-461b-8449-b3a061396d19,Obstetric,59958f24-2e8f-4aa3-9652-24982914de5a,,82a3b9a1-c42f-4134-be78-3e256e25fc89,bf93dd05-04a2-402e-9daa-eafc773285da
f5eae320-7e2d-452a-b1c0-bc6997db606b,Obstetric,7bfe9203-f9a4-49ab-bfa5-4a5df44f5a4e,,fd8b7db1-737e-4d2b-b32c-46dcd3666aa5,aac45596-68c4-4e05-97f7-2032eed9253f
8f4c6357-3496-4669-ab98-2c4e9b4a27bb,Geriatric,670a4287-efc0-4f46-878e-355f767358c4,,7fa2b0d3-d51c-4d32-8d4b-ae13287ab389,431c4b46-2e06-4860-ba2a-6a18ae3eb39c
e23b44f0-840e-4707-8a9b-6aaef056f935,Optometric,1198eb64-28d5-4763-b73f-3a55b92eda97,,56b8793d-812f-4dfc-b532-cefd6c920518,afef558f-e049-4564-89ae-544509aabff9
11390b37-0ea6-439c-8b62-02861d6b9987,Emergency,fa0ea869-2628-4437-afac-d2e9350fb62a,,7b687765-e8a9-456d-8580-cb96a522e824,63647b85-8f9d-4ea1-8648-38d213b6aee7
1edba038-e451-4ec3-aff8-0be85381def2,Diet Nutrition,c1a94157-310e-412b-acab-42a5dbef2679,,4cc0d6c9-9c30-4d9b-bd89-81ef35d44f53,521baeb5-4840-4d9d-812a-e3977d683437
2eb2789b-1506-46fa-b5a5-a101ea66f4d5,Radiography,ff473686-8534-4b5e-976a-1b9d315691e2,,7a0e91b0-a8fa-4d8d-b112-f16fab87862a,cfccc992-429c-4571-bb37-9aa7d7b63517
680f3ce3-dacb-4fcc-b9ea-87b43e697862,Otolaryngologic,56381c57-d7ce-4db4-847c-0e4b2bfed780,,1a798190-6b8e-45ba-8329-aa3127285052,7814d41f-b570-4243-9ffc-1d15158052a5
abac630f-7fe5-4a0c-8b76-4ffe4b0255e7,Gastroenterologic,70f43e03-6212-49f9-a2c3-c81d0bc70a17,,57f8c7be-bf0f-48f4-8eb2-39ec93f48872,85f713e8-975e-42e8-984d-4f682c6e3cd7
c6468ff3-020d-4fb8-97c9-a5818031127c,Hematologic,47d3e3a2-b35e-4ab3-8986-619bdbae4778,,c7f4ce0d-c92c-48bd-bbc3-b13e5167a2b6,747e0d94-7428-48a9-9225-8b399d2287c4
bbab0d38-58c2-4076-9e85-703289400047,Nursing,6fc9e9c0-7d08-4fc7-b93b-afafbd0f8643,,8c64d4ab-3416-4dab-8c4b-d79384fc05c9,0638d48f-472c-4d6d-8180-ca3e82b2cdd0
ce662290-1c39-4119-873e-3cdf12c164b7,Anesthesia,140fb16a-3c55-4db2-ac29-706a1ee315c3,,272c9b99-ebd9-48dd-9154-d330b33c4095,32655058-b1a5-4577-aff4-2452ae0f88a9
49def529-3ad7-49e2-a1d8-cfb82a3674b8,Genetic,85578a45-a43a-4848-af3c-4c63144fb59b,,223ade73-613a-4348-919d-9cc83bc91276,4fd97aa2-8fed-4ae0-aedc-75786b62be24
837ca971-2560-4d8e-89a3-4649040e4e5a,Public Health,5121b9e0-5e99-40f6-92ba-947816081254,,eb47c8e0-98ed-4345-9ad3-a75dd716ebde,9aedbbee-9a8e-4f1b-a846-506cb341712a
12b77c75-644e-4b54-9f02-c6479e50245c,Cardiovascular,488511fb-71e7-41d8-85c3-a02b10cee27f,,1d3cb5be-43fb-4b73-9d2f-6c04f694ab7c,2717b825-f9d8-4181-b717-91d53368d190
65a77050-d34f-45c7-9fd4-2aa7cd575d7a,Otolaryngologic,4e41a9c1-9af8-48eb-9e77-63a6f37b2130,,16c4bd62-0f2b-48f4-8636-05cd65b6f74c,4e58cfdd-d17c-489e-b91f-c8ece49a8e3b
d71d34dd-f57a-443b-8b8b-f33a3cd3444a,Respiratory Therapy,51155799-a47a-4e58-86ee-4215ac88ba40,,084d62cb-218b-4a7c-bc86-5e8fa9422383,e2e1d570-9470-40f3-8f49-cceca8803eaf
1c6987ba-e780-4f80-86bd-01f60efb3b53,Psychiatric,174a11e6-76cf-4f71-9c94-cc8d9466b5a1,,48aab46c-5614-472a-824f-a05d4943c617,8224a1c8-4f4f-418f-a6e6-c5d290e1dbbc
24241469-480a-40f6-b644-8bc6b9c1c524,Pathology,0acbde1d-2a5e-403b-9ea2-825174cc0cd4,,41734319-304a-4481-b0f1-90701b4939cd,6013f07d-e0c7-4d4a-86ab-c0edb6ad49b4
a0b91000-be34-44e3-88a3-363d7eeb2dd2,Emergency,f5ed65f0-68d1-4edc-8e7a-40d065d8e26c,,2dde8748-e772-40a8-bf5a-6043838909d3,0584ff81-c91b-4d00-b626-b81b7a12b6db
bb1c4fa2-7067-4e88-afb3-318f2eccb088,Pathology,10769346-0f6e-4e0b-97bc-d739b14196fe,,4c1f468a-d190-4e94-8d5a-6c5e980069ea,4814566d-fe1b-46d2-96b6-0f77c6f10c5b
c7fde131-8f38-4267-823a-1619c645be9c,Physiotherapy,bd187721-5135-4584-b432-0647a0065995,,957c12c9-c61b-41d4-bf7d-73ee3268aaa8,d058470d-c76e-4eb2-8c96-d73523cf4f34
6ca9d82d-5763-4b12-a95b-9346d351125b,Infectious,8467f695-6a0c-4685-ba9d-16641a9a87d4,,58c48976-5a20-4ef5-8c4d-d6cd06d47a28,5dc87ea9-696f-4ee3-b8f2-0255472472be
1493192f-0658-4c57-a6c1-245bd6ee4312,Optometric,51f940fd-fdc0-4202-8df5-3964c310fb9a,,a615da21-9da9-4abf-8c79-a8414f5c63ab,0cd7a60f-57b8-45f5-8942-c6bfb85db720
c5e5a218-ba5f-4588-98bf-fbd1789d0df8,Plastic Surgery,af5d495c-3153-4ec7-a9df-4ce3290e573d,,58a93b5d-a162-4a2e-a974-66e4e8ea0769,66bfc5f8-5cbe-4e7a-b4e0-da1e433fd7e1
603e79c5-eb87-4b0f-a06d-dd9bb130fe5e,Plastic Surgery,0be7601b-eb40-4514-b046-d5c809ffa7b3,,b0cf7e40-d4e5-4473-9995-7afe172f4d3a,005ad60d-d531-49f4-baa4-d9ec21f91a0a
1ad624c0-4a6d-4730-a679-eedc85b1120a,Toxicologic,68915729-9ce6-4740-860d-61ee2ea9e699,,15adb89c-124a-4430-abb3-0da1b9b6f177,c7acc052-8063-45bf-ab0d-3c47b74618f5
6fff3207-f71a-4694-bd48-40d6e31f29b8,Endocrine,cb6b3db6-bbaa-4274-81d8-a56846f8bb27,,417a8233-5a59-4669-86ef-f1e028c56ab2,7f47db51-ec2f-4b47-a4ea-80d0b32b084e
d7e3b39b-d143-47b7-a547-713b7d59a2a8,Infectious,9e2acac2-0355-4279-bf3a-a90cfae1b25d,,078cb8dd-dc2a-4c67-bc0d-d9d5953e26b8,b39ab50f-5d45-4d08-a1aa-a7a124e595cf
1e4a9162-c74c-4bf3-bd24-ab69467ce3f0,Otolaryngologic,8523dee9-f5b7-4f84-a962-4ba72e0507b6,,314d7636-882c-4b6c-b2a2-a40293bf86ec,8ec0fb6d-8aa6-4ea2-8c4f-436b363c8c5f
