identifier,serviceDepartmentName,address,isPartOf,contactPoint
70672c6a-87b0-41a6-8f91-6e58989d0289,Midwifery & Birth Center,cc6579cb-0adb-4972-8cda-fca9b3b1a6c8,6d15bdd9-73d7-41e4-b7fc-c7b887f931eb,57cbf6ff-c61a-4087-9667-ea9727999272
4f170491-4d03-4bb2-a105-b2ba8c23058c,Podiatric,0cc14959-0b10-4f2d-bfdc-1e3223bf4aa9,6d15bdd9-73d7-41e4-b7fc-c7b887f931eb,f87fd0d7-124d-4ad3-9bf7-ea19d8dc2e21
4b91ffe7-d6d3-4877-9cdb-9f2d3ce4eb2d,Poison Control Center,e38cc408-9b16-4c6e-83ec-626e71a34e23,6d15bdd9-73d7-41e4-b7fc-c7b887f931eb,cef6af41-22eb-4cf8-9873-ebe4973cdabf
090aa382-b33e-45d1-a4cb-80d2570d374a,Family Medicine,3cd8eed9-8ea8-4fc6-bb25-7627ea246866,6d15bdd9-73d7-41e4-b7fc-c7b887f931eb,407212ea-f2c0-4d32-959b-21cb86de71bb
08128f1d-8357-42c1-b366-509af85d2796,Rheumatologic,2f65bac8-722a-4aea-8bc7-acc761279b9a,6d15bdd9-73d7-41e4-b7fc-c7b887f931eb,7bbe215b-738c-4243-829d-fbd5ec8c8c41
52cb056c-908d-4a39-b708-bed056104178,Spraakpathologie,8b71245f-b0e3-47fc-a5f9-31e1de7e1591,6d15bdd9-73d7-41e4-b7fc-c7b887f931eb,5eaf6800-b658-4c2d-9934-a54bc714b020
89c80a09-3e53-4aa1-95f7-a928e42f3d41,Laboratoorium,951ff662-174e-437a-860d-1bb7664b366b,bed1343f-3209-412f-8e77-05b84d36818c,a323b002-071e-4b58-b0e4-0fd9dc45e2a4
b272169d-d3b9-4ed8-a49e-03fe09743062,Women's Health Center,439d5610-e69f-4605-9cb7-c7034c4711fa,bed1343f-3209-412f-8e77-05b84d36818c,8ba036fa-a231-4a2b-b7d4-39c75d70d8ec
0f8f848e-af71-4046-9086-d12732558976,Anesteesia,eb4d1ddb-6c0c-4ca1-b0ea-0f738839a791,bed1343f-3209-412f-8e77-05b84d36818c,a3487882-f473-4184-9b73-5cbc1a37f2cb
fdc4f48f-6a36-4cfc-95e9-82efb3bdfe15,Foot Care,a72949e6-f045-44f8-b651-5a37152dd134,bed1343f-3209-412f-8e77-05b84d36818c,ad392eae-f6f3-4ec3-ad0d-13bf84171ffd
f0d1466d-f660-4613-a36c-85e09d9daff6,Otolaryngologic,61eff994-1d4b-4d2f-965a-862cd0f5adcf,bed1343f-3209-412f-8e77-05b84d36818c,bcd5d0e6-de80-4f30-8d32-e25443e7b382
18a74f7f-384c-4fd5-8777-a8ba19edf18a,Diet & Nutr,4904eb37-b917-4aaf-9aba-a3a8adf3d6e2,446e14bc-8a69-41d4-b519-b2e2df5daf95,888ad2b1-63a0-4fc0-9ff2-b0a69436a989
ac714c09-7696-4906-97c7-9de1ca57fec8,Arthritis & Rheumatism Center,a1aed5c5-7762-4ed8-80ca-070ae4a1c938,446e14bc-8a69-41d4-b519-b2e2df5daf95,a7c920ba-6260-413a-932b-d9f26768bfba
e7cdce3f-e1d2-42cb-a76d-78bea4460940,Medical Genetics Department,26cd1f79-3a2b-4dc4-a3ef-60d65c263e15,446e14bc-8a69-41d4-b519-b2e2df5daf95,e399e460-3c3d-48e6-95b6-df7657973762
faadca07-5210-4610-98b2-a416a9123ef8,Lung & Breathing Center,8781969a-a60b-48e2-8443-f295ee0960e1,446e14bc-8a69-41d4-b519-b2e2df5daf95,1e9b18b7-53a7-40f3-854b-ec1ea837b64b
47ed918d-9f81-4727-bd71-c5556d5bffd6,Rahvatervis,27721791-1f41-40fb-8d37-23ab2bd95f6c,446e14bc-8a69-41d4-b519-b2e2df5daf95,1b142873-a173-404e-b3e1-ad32c87a5eaf
d95cf238-db92-420d-ad16-ff744c7a8522,Community Health,26b9261f-5d83-4f66-8159-b13b9363e1b1,446e14bc-8a69-41d4-b519-b2e2df5daf95,4e6abc2f-24db-4872-8f06-c0d5f6c0bda3
070ed9c2-49cc-4ab1-b464-6c00d8179032,Anesth Dept,b2041ff4-3cb0-4bce-b725-f1d3253a4d6d,446e14bc-8a69-41d4-b519-b2e2df5daf95,a3002947-b32f-4b2f-aaa2-3244a3b608be
318368e8-a419-4e2b-929f-cc508bca4847,Population Health Center,fdbb93b9-9445-4c95-8b2a-bc5ad229b695,446e14bc-8a69-41d4-b519-b2e2df5daf95,46bb184d-d26a-4fa0-9fc3-8706e869e997
22b36297-e468-4af4-90c4-03a0bb18e66e,Resp,ba5ff47f-d2a9-4ae5-8322-279f093b330d,446e14bc-8a69-41d4-b519-b2e2df5daf95,77db4ccc-0aa5-48f1-9fb2-40d2d88e616d
77310284-24b0-4d48-aa21-19061435132b,Urologic,bb0b9b9b-e0d9-4b8a-9572-e5b1290649cf,446e14bc-8a69-41d4-b519-b2e2df5daf95,607a0f5a-63e2-41d8-b1d3-71476020b336
52e0a170-e708-43e2-8b0b-89c18a45f571,Midwifery & Birth Center,9181dfd4-5380-48b9-8434-f8fe615633b4,bbeba19d-6f0b-417f-8437-117d02cd697e,c76db462-d051-4edd-83f3-60e07202e755
247e8893-41d4-457c-9a50-8146b5e4a4c6,Digestive Health Center,793d1254-0380-4dbc-aa11-134d423928c4,bbeba19d-6f0b-417f-8437-117d02cd697e,523b53a9-7bc0-4f21-a857-f22c3edc3fef
b40fac43-ec45-4beb-9bc6-cff953d0aa78,Pharmacy Specialty,2cb08249-6e06-4f3c-a13f-dcd7fcabbb0a,bbeba19d-6f0b-417f-8437-117d02cd697e,7998f031-d978-4961-95cf-690a984e4864
4846c5ec-d82a-4a2a-97e9-f215e6fa22de,GYN,3d632cdd-05f3-4d65-8040-ab1a226ceaa7,bbeba19d-6f0b-417f-8437-117d02cd697e,7fe50061-03a2-47bd-9181-3902c4e9c5f9
69ded505-ab7e-4643-b2bf-ab008a1c941f,Nurs,ab9490ba-fe0b-4368-8434-df18716b90b1,bbeba19d-6f0b-417f-8437-117d02cd697e,1c55b62b-2eb0-4b21-81cc-1d9827bb3629
10c2da08-bbc6-438d-b33f-2972586ac985,Anesth Dept,8c44b73d-e720-4034-b499-56b4349622e5,bbeba19d-6f0b-417f-8437-117d02cd697e,27c52f24-1732-4d92-b7fa-4fff9660d5a1
b3d0e48d-0a75-443b-bd02-e7c351d76a25,Brain & Spine Center,28d0ece8-d950-47f6-a601-2b6253510e3f,bbeba19d-6f0b-417f-8437-117d02cd697e,0061aa34-cb03-422a-9adb-692a7ddcfe11
a5dec403-8fc1-42d0-93c9-8a775c856933,Hematologisch,b865d90d-438c-4435-9fcd-bd3337391503,bbeba19d-6f0b-417f-8437-117d02cd697e,66c10e2d-4a60-46e5-90c9-60116453229a
a37a0cda-d9a6-4873-9270-93d0ddad5070,Midwife Svc,3faf3eea-6a03-4b83-9510-50e2c59085a6,6e9fe384-b713-4b6a-95b6-466df1e7d14b,d5cf47b7-39ad-4401-b53e-ce5a1d3fdf7c
145360bd-558f-424f-8e08-be04ea4c198d,Midwifery,4b2bf2ab-74fd-4419-97de-e962edce72db,6e9fe384-b713-4b6a-95b6-466df1e7d14b,d0ce004f-8c65-4b59-bc61-a5157cf25c6d
907c6cd4-402a-4929-ae6d-4e131bcede84,Bone & Joint Center,11c8f90f-b60b-4e9e-8dff-4b6f3e1d8378,6e9fe384-b713-4b6a-95b6-466df1e7d14b,69e751cc-b375-4845-a59a-844ce982e13a
9745ca21-8fcd-46aa-8901-04dc24620fb7,Speech Pathology,6ff4b55d-371b-4463-ad01-4d934b2fe9b5,6e9fe384-b713-4b6a-95b6-466df1e7d14b,d14a3df4-ed81-49a9-be7e-b7a5d133eb10
64aa982a-080d-4910-b964-4a2503c30840,Zahnheilkunde,839a1a84-f402-49ac-a6e8-30f807e1a5d7,6e9fe384-b713-4b6a-95b6-466df1e7d14b,68620bfc-eca9-4b32-9068-2cdb4ac68aa6
3cad6b59-913f-4aff-9afe-98ff15e2df1a,Otolaryngologisch,2f4eb1d2-34d7-4cf9-94bb-98ecb589f718,6e9fe384-b713-4b6a-95b6-466df1e7d14b,d27ee249-a847-492b-bf8b-333f3e71f4a6
5d645cc4-8cd7-4a2c-8781-12cd5e2dd836,Grundversorgung,35147a17-c487-42fa-827d-39f2c6d13531,6e9fe384-b713-4b6a-95b6-466df1e7d14b,b4a0ec18-9536-4c8d-adc3-617d359e762d
b3d07a5d-325e-48a5-b96d-4bb0e1483e68,Geburtshilfe,79607f64-3368-4429-b98e-d3fa03107c0f,58a6ea0b-9820-40aa-9ec5-e7ff30affa63,5f98963e-f6d0-488b-a361-de14d5cd93aa
3bbd9e52-441f-4afc-ba93-d4b3e4fba928,Gastroenterologisch,3c12a131-225b-49b0-bd0c-0a87022adf24,58a6ea0b-9820-40aa-9ec5-e7ff30affa63,5386b0f8-966d-4837-8b5e-4555272c094e
99e6a1dc-e4f1-457e-9082-25d545fe0b9f,Toxikologisch,8e9ec503-dea4-43a5-a2b0-819cc4c78c2e,58a6ea0b-9820-40aa-9ec5-e7ff30affa63,83351f50-067b-4229-8938-2048d2832252
b2260069-d517-41a2-9764-64c4c8426ae4,Speech Pathology,8fab7022-f0c3-4229-90ac-5adf3cba4f91,58a6ea0b-9820-40aa-9ec5-e7ff30affa63,f7559836-61f2-445e-9c5a-bcf4069efafb
95b109fc-a392-45a3-9b7b-2583cc88723c,Notfall,08a0adff-fee7-47e5-995d-0355c12a2297,58a6ea0b-9820-40aa-9ec5-e7ff30affa63,9035718f-6c52-41b7-bbb8-92f28dff7956
af47514a-69e9-4808-86e7-e496a801a8f9,GI,86b51aad-f345-423d-a286-919fcadb87ad,58a6ea0b-9820-40aa-9ec5-e7ff30affa63,8ec09544-f614-4108-a057-d333e54dfba3
b8955f07-b04d-44f9-a71a-3e1889f0610c,Cancer Center,988bc1e8-f30d-4a97-b88b-9fb96e0314bb,58a6ea0b-9820-40aa-9ec5-e7ff30affa63,b7409d44-ac9a-4c36-b4b9-4b8e8dd193dd
e06a94f3-3fda-42f9-a59b-6787def3632e,Pub Health,ae4566ba-a4b5-4ee8-be6c-ba8ae4ce50df,58a6ea0b-9820-40aa-9ec5-e7ff30affa63,006a5b85-527b-4d0f-bff6-427c6fd1f177
7210bbdf-1a2e-4abb-a8ce-53f11a6eb77d,Gynecologic,ed98cf46-6f99-4b16-b6a5-2cbdeb453baa,58a6ea0b-9820-40aa-9ec5-e7ff30affa63,13ff51ae-5bbe-4056-abce-399f2cec42d5
28916f86-c533-408b-82cb-5e9ce3c80947,Zahnheilkunde,c95c4a90-8f19-4136-867b-db5a2e5f3151,58a6ea0b-9820-40aa-9ec5-e7ff30affa63,dfbc4c9e-c880-43c2-866e-314a353e456d
f78ffdc6-ba2b-4e77-9cc1-b5bfb730b406,Endocrine,e324d55a-1ce8-4bd0-adc8-eada7d2cd23f,65ed857a-7d39-4b12-994a-27e4aafc021d,8a8afa07-a684-4623-8da7-0ebbe75e2a28
937eb5d4-26fb-40f2-81c2-9c318bbaf23a,Digestive Health Center,91c8318b-b4ba-473e-b743-b25069f180a5,65ed857a-7d39-4b12-994a-27e4aafc021d,3b33a60b-0a9b-4af9-a507-b1f7a734c1dd
089537ed-f05a-4186-8b2d-8f89cdc53c3b,Lihas -skeleti-,090c61e7-74fe-459c-aabf-c1bc48291a7c,65ed857a-7d39-4b12-994a-27e4aafc021d,ccc9cc9d-f559-4d39-bc9c-f489859196bb
0be9be73-dedc-4cd2-813e-37f32ca34862,Tox,2fb5508a-be93-4ea9-80f9-d727b99bb2ce,65ed857a-7d39-4b12-994a-27e4aafc021d,8963e058-8074-4269-87e6-a2a1b0c41c38
1e3d66db-319d-4ddf-bf09-1abda0bbd50b,Cardio,97754c93-c646-469c-b8a9-2b9793f606ff,65ed857a-7d39-4b12-994a-27e4aafc021d,d449fdd1-0aba-44ab-bef9-fec1dfae4240
33c93541-131d-45ab-aeca-47ac165e0df9,Mental Health Services,9f1912d2-6fe9-4b9f-94e6-bbb2e94da174,2d82b465-6161-4cf9-847c-e12e20b9cdb7,cbd88713-725f-4f51-b449-8ac7ede09f34
1e5c2a13-a491-4cf8-8484-fdd1ca3436e7,Ãffentliche Gesundheit,dde68112-85dd-434c-8e47-d9d9cd1a4539,2d82b465-6161-4cf9-847c-e12e20b9cdb7,3589c619-cc52-4a86-bed6-c953ad676a5e
c8b142a2-9407-486b-98ae-119debb8083f,Midwifery & Birth Center,81241b03-8da6-402e-a9e1-ec252e5bea92,2d82b465-6161-4cf9-847c-e12e20b9cdb7,471168e6-2237-4a4f-8a9d-362718d184d4
b0a4d286-e88f-4b9d-aab6-0ca7e0f31442,Renal,6777d075-6afc-4904-9320-a7e2b03bc10b,2d82b465-6161-4cf9-847c-e12e20b9cdb7,59bc72c3-22c7-4fd8-83e6-5a3eb1f9646c
bee32382-d821-4d7f-8b89-00d53cf26d32,Surgical Services,40db2149-6c28-459f-9ca6-d181578c04a6,2d82b465-6161-4cf9-847c-e12e20b9cdb7,f975d290-53c9-4847-8d86-a6c020e56184
bf0ee2f5-d151-4ebe-9149-208e2f1acc86,PCP,3c7cb079-0fc5-49b4-b07a-5bcdd0447672,2d82b465-6161-4cf9-847c-e12e20b9cdb7,12232c66-20a5-409c-b791-231a42583ef6
79639e50-283c-4175-b421-ea6c61c91895,Gynecologic,e206b82d-900b-4c7f-bb13-b1c3f9ca9afa,2d82b465-6161-4cf9-847c-e12e20b9cdb7,3babb05f-b52e-4108-813c-d230808e3272
c7476dd3-f26d-450d-933c-fb64a41fefa4,Pulmonary,5d39cd1f-7f04-4b7c-9e9c-013d3642d6f2,2d82b465-6161-4cf9-847c-e12e20b9cdb7,8d720ebc-e0d1-4d61-adbf-bb90abe8f5b2
9d49a99e-c688-4a27-a58f-f41183da2417,Foot & Ankle Center,507b0b5c-9950-4dfd-8a35-8fbd6bb3cbda,2d82b465-6161-4cf9-847c-e12e20b9cdb7,1760dfdd-2a16-4cbc-856c-84189b86850e
d1b004da-fef4-4e89-b193-1f131a3f83fa,Anesthesia,bfb520d0-9dc4-4d69-a1d1-8cd24983f936,2d82b465-6161-4cf9-847c-e12e20b9cdb7,1b360881-03af-4ee8-8bfe-529e3afa2444
fdee8eb1-0833-44d1-88ec-6022e8d8196a,Urology & Kidney Health,24158166-ba46-4964-8143-197891e3f6de,f2c3d0af-e219-4865-8269-93ef69921bda,8be1b003-c4f5-4309-a4a3-decd8106ce47
9812fc42-2b4f-4202-affc-6d175b423c72,Gynaecologisch,d854e7a6-97b7-4077-9961-545520e9f43f,f2c3d0af-e219-4865-8269-93ef69921bda,045a0792-ccb2-4e48-a2d9-dd68f8ebd5c4
9b72f350-3b50-4549-8720-72db9d29d96a,Respiratory Care Services,460c71e6-17eb-4b7b-be15-2bd6c6768c2f,f2c3d0af-e219-4865-8269-93ef69921bda,f00974af-b23a-4bc5-8632-f991a53c34c8
dd541142-af9e-4da1-a8ae-056075ab4f26,Uro,db295181-5d29-43e9-8822-aac2979bd666,f2c3d0af-e219-4865-8269-93ef69921bda,ea3067b2-8815-4a71-8dc4-0e9ab67be66a
a23733cc-bc02-478f-955c-1f3b30b06bb3,Arthritis & Rheumatism Center,e5c8abfe-b05a-44a6-8955-eee78d3863b9,f2c3d0af-e219-4865-8269-93ef69921bda,dd43ff96-eec6-448b-9f21-353885ef8773
eefddfa5-5ebb-42a4-88ff-377f18d29f80,Dental Services,4d67810d-29e4-4ee4-b9d1-9454663978ee,f2c3d0af-e219-4865-8269-93ef69921bda,588cc5ad-bccf-489d-8b9e-5c0e8ca3d694
846b774a-2a45-4030-936d-4fa95c6ad196,Family Medicine,40569bd9-1fa6-4f6a-92f5-d33485e0a775,f2c3d0af-e219-4865-8269-93ef69921bda,45190b56-d36c-4b50-89e2-aebcc8d16906
7d6a0a66-616a-40ad-b277-3d166efce5ab,Anesthesie,518632c0-f150-49d8-8289-dae8ae1ecc34,f2c3d0af-e219-4865-8269-93ef69921bda,9cc97cf5-2e33-4377-bc25-127e461b3c60
acb54fcf-b14b-465c-a6f3-521d4b28790c,Surg,fa204775-5b89-4417-9889-55899b5e2c69,f2c3d0af-e219-4865-8269-93ef69921bda,929601b5-30bb-4c63-a185-dbcbe8fd967e
820e1bf3-6c43-4a21-b729-119d49623ae5,Rheum,bdf92fb7-64b2-45d2-a22a-1ce7dce93751,03edf113-fca6-42fb-bf5c-57fdf62da401,f79d1a36-b9c7-4d3d-9036-3939cee16068
9ce43c64-fc7b-44b8-8b5e-cb43b53512ec,Dieetvoeding,79b125de-352c-4061-bc89-9bb236a04de9,03edf113-fca6-42fb-bf5c-57fdf62da401,9ad06bda-c7aa-44ca-9a85-91393a1ae5b4
8a41e4a7-d6d1-44ee-b101-05e96110c1f6,Digestive Health Center,cd2bf379-ebf5-44ed-ae54-f7b76b8f6e82,03edf113-fca6-42fb-bf5c-57fdf62da401,6aed9efb-b8fd-4fb4-a90d-cd916af75493
87b7faa4-db4a-4ee3-b354-9ee0e8c57818,Endo,bc7809de-c00f-4488-930d-5d828d3b5e31,03edf113-fca6-42fb-bf5c-57fdf62da401,497f78e6-6d6f-4649-a5d8-2ff851d7c11c
6f4fbffe-3010-423e-a02c-ffe29f5d5d56,Besmettelijk,ed494565-3539-49b6-9610-f0e6145eefbf,03edf113-fca6-42fb-bf5c-57fdf62da401,1b3136be-33a4-4bb5-8aa5-2f54ff665adb
a0771bcc-633d-43f0-8fe4-317bc36afe8b,Toxicologisch,81201a83-a204-4355-a7f6-9ada8afd0ea2,03edf113-fca6-42fb-bf5c-57fdf62da401,1f637c79-e285-4641-89e1-50d072f0e6f1
6b76fde8-f89e-4535-adcd-62e5c9cdfa1d,Chirurgisch,7eb2dd0d-2a7a-4ed8-9e2e-6f78ef57ae7e,03edf113-fca6-42fb-bf5c-57fdf62da401,141f34c0-939b-4b28-92ae-ea216d6cdc43
f0e614de-d7a7-4c83-b738-e7450f25b235,Derm,709e5f9b-c033-4643-abe8-ff453e1895b2,d5d5e1ee-5c4d-4d9b-ac21-3da43b8f8c9e,49e6eb49-db15-4b66-91ff-cb771ea959ad
c5872c56-c47d-4b40-9bd4-e84af85b479c,Midwife Svc,5b7a6f1c-0373-4960-b61d-77539b672c8f,d5d5e1ee-5c4d-4d9b-ac21-3da43b8f8c9e,d8febd14-56e6-49d4-8dca-6ab3c1eae689
92afe6c3-dbc7-4de3-b74d-68f56102104a,Musculoskeletal,c9aeec15-747f-46b7-8f38-9110093e6e5f,d5d5e1ee-5c4d-4d9b-ac21-3da43b8f8c9e,4e62d43b-47c7-406f-8bae-3d9e52507be8
d07fbcc4-fa94-4e3c-9d63-e89a5695f097,Radiography,f3bb05ce-2799-4e4d-9fbd-cf3484631d91,d5d5e1ee-5c4d-4d9b-ac21-3da43b8f8c9e,f1df0dbe-350f-4686-9b17-32f5f3f0025c
a6bc55ed-dc65-4183-919b-1e80346dc26f,Speech Path,9fb01943-543d-4cad-b949-00d3e67c1cbb,d5d5e1ee-5c4d-4d9b-ac21-3da43b8f8c9e,78727d7f-5392-4779-b6c7-868797a7c522
beaae25e-7885-48e2-ab5a-ac8074245589,Podiatric,c9ca5d45-7f5e-4867-b947-55587e8ce3b8,d5d5e1ee-5c4d-4d9b-ac21-3da43b8f8c9e,465683c7-4716-4eb7-85e0-95200369aa1b
a7f0f37e-8f21-4ac0-8e89-f006b54b46da,Cardiovascular,daf7b378-84ed-417d-b241-0b69ae76244e,28c633ae-a876-4aea-bc32-cffe7acbe65f,afbdbc7b-e13e-4162-9926-557e56dd2690
d3f9f9e0-9683-4e65-b099-ea76f763af90,Lung & Breathing Center,7e0dd62d-66ea-4aff-a3e1-57c35f168c43,28c633ae-a876-4aea-bc32-cffe7acbe65f,4aa328ac-0d9f-4b8f-972d-134e636df4ed
0589d5ca-08c0-4052-b286-8f9f776d3d75,Cardio,76abd6cc-3af5-4bdc-be76-1d3398ae3410,28c633ae-a876-4aea-bc32-cffe7acbe65f,81053c9b-f105-4e59-bc3a-8b55df94ff99
2e3b632b-531d-4089-9d1b-946a54814351,Vision Care Center,691c912f-27a4-4d81-a537-dbbde8d19db2,28c633ae-a876-4aea-bc32-cffe7acbe65f,23cdfaf4-531f-49e9-9d42-554f0ec268d5
af8f8179-b6c8-414b-af6f-90d865af0074,Cancer Center,8a75f633-ba14-487c-b683-3f1198766f41,28c633ae-a876-4aea-bc32-cffe7acbe65f,d60ff80f-c7a6-453f-af40-d3d16dade546
3c763b6a-683a-45aa-9658-1ae87ae42c2c,Pediatric,ef376f17-22fe-4c69-98bf-ae45f6407bcd,28c633ae-a876-4aea-bc32-cffe7acbe65f,efb0929d-00a0-4090-9efa-f9ca440fc1ee
958cf2e8-5f5d-43f3-b05a-8d19268fa347,Anesthesia,4f070f81-bd7c-432b-b845-4fae9e7e36d1,28c633ae-a876-4aea-bc32-cffe7acbe65f,bd38b660-8783-4be2-b843-fa034bd31680
2a12ec7b-7a8a-4a26-bcbd-4537540f7f88,Uroloogiline,a6d30b11-78dd-4f89-a48e-8928d7ab5b43,28c633ae-a876-4aea-bc32-cffe7acbe65f,b3878be1-892f-4c8f-a9ad-97c59df706e9
e5a189a7-3674-455f-aec6-23323ede857b,Noodgeval,7ad7a9d3-daea-45bb-958f-46e4cc18f7d3,9cc401ee-5847-4b4e-bd6c-6ab1e984ed6a,94a7a22c-b6c9-4150-bd6c-f3ab08074787
1e85d5f0-2b9b-4d51-babb-2933fd464e06,Community Health,312305ad-9ba8-49b2-92b4-23e5525a061e,9cc401ee-5847-4b4e-bd6c-6ab1e984ed6a,3c987379-aedc-4ae3-90c7-3e05fdf6e511
f545577b-0aac-44f4-9efe-a57e06bcf2f2,Psych,5b8f3c31-944c-4b0d-8cd3-74d1a06d8ce4,9cc401ee-5847-4b4e-bd6c-6ab1e984ed6a,d9fb7229-1410-46c0-8258-4a5b3d445503
5caad530-2618-4d5b-aa39-801827e694b4,Geriatrisch,50da4f3e-8dc5-4c0a-b4e2-c047d29152e9,9cc401ee-5847-4b4e-bd6c-6ab1e984ed6a,d9d5f567-f125-46f0-919b-745bd219c3c4
f79737e9-54c3-4a85-967f-51f463c059e9,Hema,bddfe41b-c0aa-4620-81d3-156e5679e629,9cc401ee-5847-4b4e-bd6c-6ab1e984ed6a,946071d7-199e-41c5-84ca-d86cc676fc2c
fd0b5127-d910-4ada-933b-84eec6bf746a,Reconstructive & Cosmetic Surgery,d8d0443c-2b1a-4311-b616-b4ec022a84db,9cc401ee-5847-4b4e-bd6c-6ab1e984ed6a,7ddafd08-4b6d-43af-b14a-9a519db9b1b7
76cd9546-7865-466e-85e5-8f6cd8973637,ENT,c13948a3-d811-48d1-ac34-74af4a87d201,9cc401ee-5847-4b4e-bd6c-6ab1e984ed6a,75ed949f-8cfe-466f-a0aa-7d556cef215a
fdc9a2d8-d197-44b2-9dae-7fd2fb90df46,Dental,c9050d99-9979-450d-bab3-e65d17014c95,9cc401ee-5847-4b4e-bd6c-6ab1e984ed6a,51787bfd-e475-4978-b0b6-e6f4bff72592
469533b9-2b64-49b2-a315-8c2c88cf5d2a,PCP,84fa0fbf-8b06-41ec-be8f-2063d29350f4,9cc401ee-5847-4b4e-bd6c-6ab1e984ed6a,07d8682d-0208-4cc9-96bb-b9f5a58b25d3
4e87fbc1-17bc-4884-bf72-597e22f647f1,Long-,67bed00a-e6a3-4c26-bc65-d1b20386330e,9cc401ee-5847-4b4e-bd6c-6ab1e984ed6a,c084155d-b137-4c66-be59-9f18dc3a2316
3ccc515c-b579-465b-a9cd-992e5c9dbcc4,Lab,18d06363-33a3-4270-b09d-85f70345b159,e80e418d-23f7-4b86-819a-e04ca95cb522,b6ac9645-a16b-4ab0-be48-f4f2550ffbf7
745e87bf-450e-4b7f-a022-dd7ad65ab3cc,Toxicologic,9d18d946-ed94-4a1b-9eaa-9ea7c3949e2c,e80e418d-23f7-4b86-819a-e04ca95cb522,0f40c615-05fe-4c15-857a-b095018e9ee5
ae55e677-1989-44fe-95cf-3ceeb15b7730,Clinical Laboratory,534baba9-83e3-4f71-87d7-4669addd15eb,e80e418d-23f7-4b86-819a-e04ca95cb522,d398a8ba-15b6-4f74-89df-c11df1f5312b
fff88430-5096-43a5-8c8c-5891372560a6,PsÃ¼hhiaatriline,0b5b8794-f5d0-4b35-b422-7e4a226db335,e80e418d-23f7-4b86-819a-e04ca95cb522,c5054fd0-0b26-4f90-9dba-9fede36a9b49
e2ac6bab-1415-4684-9210-8029f3f803dc,Esmatasandi arstiabi,f49fc5a1-1fdf-4f50-b538-1b04b2400b25,e80e418d-23f7-4b86-819a-e04ca95cb522,05145605-7bb1-477f-9efa-342030a8c0e1
02d96d58-459a-488e-95ed-1783d10c41ef,Heart Center,4e1e9f95-d091-4770-b94c-cf160c9447c4,e80e418d-23f7-4b86-819a-e04ca95cb522,2b6731a2-230d-43bd-9d60-b6baf612ea7a
3a30f852-9d60-46c7-b11d-2672a56ab9b4,Diet Nutrition,b824aff1-2bbb-4201-b2e2-362690645c56,e80e418d-23f7-4b86-819a-e04ca95cb522,6492c29a-aade-404e-88bd-e28f75ec1661
dcce2558-4818-400b-bc26-4259d3bb062c,Gastro -enterologisch,d90ec4d0-3a13-44bf-b8f5-7cbd49432ea6,bf0cf207-1279-45f3-86d1-4d86bfc4fb8b,c5b57c8e-81e7-4f70-8cb6-249a477b613a
8a350374-7a11-41f7-830b-04163b03c2e2,Dental,d3b15975-bd5e-48b2-b96e-7a1a5de14c42,bf0cf207-1279-45f3-86d1-4d86bfc4fb8b,3806e5be-7dea-4071-ada7-c2e9a5f1e4c8
7597ceae-24df-44f3-8366-5dbe9a3b92b3,Noodgeval,7a3c603a-e26a-47fc-9e94-fc94491ef398,bf0cf207-1279-45f3-86d1-4d86bfc4fb8b,98e4cb99-6899-44f4-ad0e-5278d2e856bc
f34be010-72b5-4403-8894-65c10bf9b42e,OB,eb9e6de4-303b-4a93-a7cb-03f13ac9809b,bf0cf207-1279-45f3-86d1-4d86bfc4fb8b,469c92ee-2f0f-43fd-9f2b-2a6b6321449e
feff954a-1e94-40f6-8340-48f2b4a64654,Ademhalingstherapie,c6ac38c7-e833-4b21-8626-a21d2c9b44d7,bf0cf207-1279-45f3-86d1-4d86bfc4fb8b,1375e795-a53f-4a78-9c75-8981c38533aa
eef50e6e-0dde-4d4e-a277-48e7e60aa184,Endo,f8379404-e72c-42c7-822f-7ac6beacaa74,bf0cf207-1279-45f3-86d1-4d86bfc4fb8b,934db223-53ca-4dd1-a00b-8c2f63f5a6c1
9d062580-79b0-44ed-98c3-ce604a8cfb2a,MSK,196b76fc-062f-4974-b2e9-dc1c1ae63e94,bf0cf207-1279-45f3-86d1-4d86bfc4fb8b,61dcfd38-e00f-4fa2-9883-7cb68dbf995b
090f7fa1-cd97-44de-b71f-dfb609e8495e,Emergency,fe8ece54-c9b7-4140-9519-0bededd72438,bf0cf207-1279-45f3-86d1-4d86bfc4fb8b,e078c220-8558-4b01-aa3e-89b3dccccd27
5594231e-70ed-497c-84a1-b1b8202c5dd4,Neuro,ee5c3830-06e0-4a00-b295-ead1884ba37c,bf0cf207-1279-45f3-86d1-4d86bfc4fb8b,e8ee7a57-8a86-41b8-8e00-a8584190ae00
a25d5d6f-b2d9-49d4-aea7-f1b1b7ebb6eb,Rheumatologic,006b2da2-3dc5-479e-93d8-8d4364c7c589,bf0cf207-1279-45f3-86d1-4d86bfc4fb8b,e491b284-a056-4f9c-8120-f5832c1aba64
c1872c67-e30e-4987-9537-6f4bce39b6e9,Dental,85f95395-8ddf-446a-b694-e5ad1d4d83b7,3fbbc287-b6a4-4959-b775-830d0ccbab44,cdfd4b44-e186-4c36-b499-5f667bb41f36
c4739ff6-03e7-4e7d-b4ab-626065fecbcc,Community Care Services,47faf76f-96f7-46d3-9e8a-2aab28f33ce2,3fbbc287-b6a4-4959-b775-830d0ccbab44,d191c91f-ffe7-481b-b53f-fa5074123171
b280693f-e649-4982-ab58-e33d24ded319,Dental Services,c3cb20e6-dd10-46c9-83f2-305f9b8aa315,3fbbc287-b6a4-4959-b775-830d0ccbab44,6d887ff2-10cc-4ae3-a768-a39b08029685
bad58e25-6eec-465e-8d4b-6194e7e3f318,Gastroenterologic,f8d1183c-578e-412d-ad3b-94de52b8eec1,3fbbc287-b6a4-4959-b775-830d0ccbab44,201cf11d-f48f-45fc-a0c2-8ab096d6c790
6d46788c-b680-41a8-b9f5-daf5cb50372e,Dentistry,1539c0e5-f06e-4a60-8ebf-8a57259c12e2,3fbbc287-b6a4-4959-b775-830d0ccbab44,f2a89af7-85bc-4012-9083-765f6af679dd
75e33027-a374-4044-a1b9-e64dcd843eec,Gemeenschapsgezondheid,8908b612-6f57-45e2-bfe7-efc886d05f84,3fbbc287-b6a4-4959-b775-830d0ccbab44,339f6a4e-2dff-4d38-88fb-f76884f44c7a
bfac4a08-b57c-4604-aeb2-0f3870c0c57a,Infection Control & Prevention,525714c0-47eb-4a66-afea-169bbc819e01,3fbbc287-b6a4-4959-b775-830d0ccbab44,9291c947-0967-4080-b300-ffe57941357d
550224e7-2368-44b5-a2bb-d9f07857c8b8,Oncologisch,5940c8c0-c6bc-436c-91d5-f3cd8b6bf3ca,3fbbc287-b6a4-4959-b775-830d0ccbab44,7211227f-b5ab-4398-a57e-f705feb2b6c2
fe5b3dde-0116-4d05-8f92-c44e05050494,Gastroenterologic,2ac26023-2e6e-47f2-891c-5a5cf02f3d71,3fbbc287-b6a4-4959-b775-830d0ccbab44,a286b2ce-97dd-4a12-81fe-e18ac82bc866
d134599b-e1c6-4e56-8713-155a165eca35,Endocrijns,03b08d7c-85b3-427d-aa42-c54c9cd30c7f,3fbbc287-b6a4-4959-b775-830d0ccbab44,464dbfbc-77a5-41d9-b458-cfac33b096ea
1974fb91-a784-493f-8487-b007a62417e0,Neurologic,3747ed39-d982-4523-933e-3bb299ba8d2c,c3b3ca0f-4d11-4824-bd09-b8be499da362,b18fc74e-6f85-445a-8e39-e9fb41b26e60
1912ecae-e9ca-45f2-a922-ed720d0df1dd,Dentistry,1b4fe752-70f3-4667-8b1b-f517ffa200c9,c3b3ca0f-4d11-4824-bd09-b8be499da362,4666325d-61f3-4829-9d74-dab80bce516a
895b7cf4-2c7d-4260-821d-9155ec7e0670,PT,97e1eca0-2d7e-45fd-94cd-cadcc6375e8f,c3b3ca0f-4d11-4824-bd09-b8be499da362,8ff6aeca-212a-4c79-b988-2f2a27a9751e
a57f311b-9f4d-4ff0-8817-06d6b4827f32,Esmatasandi arstiabi,85794d39-fb7c-4a4f-b41a-8ffaed361a26,c3b3ca0f-4d11-4824-bd09-b8be499da362,07678417-715a-4ec3-8e87-f94e4c7ccbbb
b460b9ae-5ce2-4124-baf4-ad6c3a573ead,Surg,bc06fcfb-0a6b-43ab-84ab-782b7bd7e80b,c3b3ca0f-4d11-4824-bd09-b8be499da362,0771f9a1-6b29-4d1a-8798-23e5db995e40
3b87bbcc-85cf-4ec9-aaf3-ff47bd0bf564,Psychiatric,eef3d0e1-e671-4c46-b07e-07edd5e36694,c3b3ca0f-4d11-4824-bd09-b8be499da362,8345b00b-d2ac-484c-8b1f-1f2e1b121d63
8cc816be-25a9-46dc-aa96-9f74bf5c74ee,Kirurgiline,7c294328-8085-4765-90f1-54dffb66a36b,c3b3ca0f-4d11-4824-bd09-b8be499da362,31e8e556-926f-4fc9-ab69-c31a2e86d32f
5d61f805-1f6f-4f3f-a1c5-e94562554f08,Endo,e9953b78-6c60-42d0-ac9d-bbcd409e30cb,c3b3ca0f-4d11-4824-bd09-b8be499da362,f8d18ae1-e724-42c6-a76b-9b88f644912c
33f51504-1b28-4c20-8eeb-4d649d76402c,Digestive Health Center,261a374a-f965-45cd-9a87-af68b94b869b,d60a9741-c5aa-48f0-a990-7703970a2493,55b56d50-6526-4a39-bc93-9a23a1ea973b
29aff3e1-1274-4fe1-8c1c-012055068e30,GYN,08939b26-907a-4a94-bf65-2e215c532482,d60a9741-c5aa-48f0-a990-7703970a2493,fcd5aa56-8175-4fa6-be69-5b809ecdf20b
1ea46cea-4b37-4f90-8b51-01a126497909,Urologic,56a1ae47-c79e-44a0-a1e5-5361ae027fc0,d60a9741-c5aa-48f0-a990-7703970a2493,1b76a1cc-eb7c-4206-8b43-44f774518c87
da4b6848-c504-48a4-9593-54feea2778f6,ID,e155469a-c1fd-4b50-8c45-a9b749c01999,d60a9741-c5aa-48f0-a990-7703970a2493,7f3cd9e7-6dba-4e98-90b4-1eb1a6783034
e3d32903-06f5-4123-9f0b-424b895ae789,Maternity Care,e3d0eb07-e7df-449c-a75d-7d6b6c2bcbdb,d60a9741-c5aa-48f0-a990-7703970a2493,04c6fac3-8dc8-4e03-bf34-e078a479e7f2
66edd778-4cc4-45f4-bfd3-32f7edd5a9dd,Gynecologic,82305a8c-9854-4dc6-b6c2-2414e5e80a16,d60a9741-c5aa-48f0-a990-7703970a2493,3b00997e-0f21-43f9-986b-072280974a89
0ddfa794-cf48-43c3-9684-b028c0e0fe16,Midwifery,8021a785-94c4-4ff3-a5f7-ff7a9d6c47b5,d60a9741-c5aa-48f0-a990-7703970a2493,d6b702f5-4017-46fc-8acb-2f023f8fc894
fea0c358-94e7-4b76-80d6-595e0c2a474e,Arthritis & Rheumatism Center,7fc8c24b-fde1-4d4d-ba34-b4bb17cbca04,c5ae10dc-80cc-4c37-af7a-0de0bd5c1f07,d2a71742-914c-4372-bf75-fada98b9ca16
1ba77290-b697-4b0e-b740-be1386e18582,Gesundheit der Gemeinschaft,e1fa5058-9f48-420c-8a8e-5f27d685599f,c5ae10dc-80cc-4c37-af7a-0de0bd5c1f07,4c4dfd12-6e94-4b01-b875-7856c09d3a80
2db84bf5-8ef9-471c-b1b9-a6e33b0f7594,Path,3ff2b73c-0c90-4fd1-8d5e-3b3dcdbdb87f,c5ae10dc-80cc-4c37-af7a-0de0bd5c1f07,b933a49a-8ae9-4ebb-baa4-047ccdaa48cd
83362a15-a625-468a-bc1e-d49ad96407c0,Psychiatric,f5845892-611e-417d-b038-a5a0624a25d7,c5ae10dc-80cc-4c37-af7a-0de0bd5c1f07,d077b938-7ca4-4885-87ec-71f5443aa684
135adb68-27d4-4191-8c15-d62ae77c819d,Digestive Health Center,92e00411-4a7f-4fd2-b48a-b82d555d7feb,c5ae10dc-80cc-4c37-af7a-0de0bd5c1f07,596b16b0-d88e-413c-8d18-90c4903e4ac0
d8733e5e-7599-4046-86a3-217cbc951b09,Reconstructive & Cosmetic Surgery,383a38cb-4638-48e5-8447-3a23b285bcc2,c5ae10dc-80cc-4c37-af7a-0de0bd5c1f07,8b5eaaf6-75be-4ee0-a334-7b18830c300e
8225b05b-737d-4320-b724-a0ef8e2ed95f,Primary Care,a246d580-438a-4b7b-a409-dcc3ebc8d02f,c5ae10dc-80cc-4c37-af7a-0de0bd5c1f07,9b8218f9-5199-417a-bd79-3c330eb2cc6c
c4e04db5-6508-47d4-b345-a681f4dc575d,Speech & Language Therapy,c8bac9f4-11fe-40f7-9eb5-7fc92478d6ff,c5ae10dc-80cc-4c37-af7a-0de0bd5c1f07,3221a4ad-53c6-4d9d-a427-aae4575167e8
75b698ef-4862-4d67-a178-531dd8d6dbbf,Lungen,00d70e42-4243-4b93-916e-d62797a2c011,c5ae10dc-80cc-4c37-af7a-0de0bd5c1f07,866af7f3-05d6-4190-b524-461009d28748
177697c5-8a07-405c-bc48-c482629eba0d,Geburtshilfe,0f30e5fb-deb1-4e1f-a095-20bef3fad80f,c5ae10dc-80cc-4c37-af7a-0de0bd5c1f07,52971554-8e8d-49e9-98de-c12e24c55258
12315e0c-26a3-4b8f-a58f-d45abb7b3a14,Skin Care Center,36efc9b9-4c27-4f6e-8491-9b9920be6b9f,9962b130-fc59-4954-9d85-6f439b709c3b,564a4838-9c13-4d19-8882-a6a7fca49642
7ce7c894-486c-44bd-8dfd-dcd5614e4a01,ER,73b48254-4f11-46d5-b373-32d55f300243,9962b130-fc59-4954-9d85-6f439b709c3b,edc57f83-3ec0-42a8-938c-6d12fbb57e5a
666f081c-82b4-4d1e-a5f9-f18b4e227766,Urology & Kidney Health,76f760b6-54c8-4bdf-ba2f-ee3158a775c1,9962b130-fc59-4954-9d85-6f439b709c3b,c550952f-9161-409c-89ac-c63b1eba6538
06c129f7-a97a-4cbb-b5e4-1eb788f27d0b,Podiatrisch,8988a12e-0231-4aad-9d47-ddd7823d2540,9962b130-fc59-4954-9d85-6f439b709c3b,261b1415-c39c-49fa-af32-fa0eb4731740
f7453471-4089-46e8-b8f3-abae2829605c,Poison Control Center,1ec3fa94-9543-4488-b7a6-939ab0357e4d,9962b130-fc59-4954-9d85-6f439b709c3b,90303c49-51a6-4338-b023-b3031bbeac5a
23fc1fa1-2466-4137-b7f2-50d843c9ae2b,Endo,feffa1c1-d0db-429d-8b4d-e497f0c95ca1,9962b130-fc59-4954-9d85-6f439b709c3b,3ce76df0-64df-44ee-8a79-df9c306088cd
ed57acb3-3cd4-4034-95d9-730ca94ab699,Comm Health,2282a315-ccb2-4152-8844-39104a530e6e,9962b130-fc59-4954-9d85-6f439b709c3b,24d30753-638c-41dd-84f6-7c16f8161cd8
2d9fa43f-8ce2-4c16-ad28-3895f829ec3f,Genetisch,690c6423-bdc5-4cc2-ba76-ea24f8d38b33,9962b130-fc59-4954-9d85-6f439b709c3b,fbe984db-d2f8-4a38-b442-08596c78a404
cb2f9f4c-7d68-49fb-b139-150a9b6c7860,Poison Control Center,63c3f4f9-f41c-4e8d-aebd-6c4506b9c363,9962b130-fc59-4954-9d85-6f439b709c3b,d7088bda-bb3f-4202-99e9-6277da49b612
4fe3528b-4a89-4c16-a3b9-04b552cbae3c,ApothekenspezialitÃ¤t,1ec80faf-332e-41d6-a667-2f63aeae70b2,9962b130-fc59-4954-9d85-6f439b709c3b,933b2da1-4e57-4830-9146-30048bb85080
6d97c4f3-beed-4a5c-9dbe-d3550a9bcc3b,KÃµnepatoloogia,e135c70d-a0a5-4a80-990c-b24621e620ab,b68759b5-08bc-442f-8985-1257b6f7d9b7,2f06eb78-2ef3-4e4e-a27c-637223594ae4
bcbe1d59-abd9-4397-8409-ec992ca7321f,Nurs,e52f070b-4d15-4470-8a6a-f46d770f7eb9,b68759b5-08bc-442f-8985-1257b6f7d9b7,12ced72b-45bd-43b0-b8de-b3cb4c9e56b7
9f54feb6-a1fc-4722-8828-723686402703,Musculoskeletal,e55a075c-9783-4e65-9303-eacf83326c14,b68759b5-08bc-442f-8985-1257b6f7d9b7,b4f64df4-918e-4639-9173-7f2a2d0fb58a
dd46f19d-08cc-4fef-b95b-6420575cce17,Poison Control Center,5db7b8b4-2d00-4aa7-87e3-2b2a77975cf9,b68759b5-08bc-442f-8985-1257b6f7d9b7,0860075c-9632-451a-9ba4-01aa7e82caac
dfea870d-bd84-48c8-8590-c5c34cb93673,Dermatology,50a56608-1656-4f52-9ca6-1ff35f28f7f8,b68759b5-08bc-442f-8985-1257b6f7d9b7,ba2aeca5-167d-44b6-a079-b558ad8c883c
35194253-cb76-48d5-8a06-80be9bd9a91a,Neeru-,d790fed2-108a-4476-8395-8ab12ebdab79,b68759b5-08bc-442f-8985-1257b6f7d9b7,71a78fa1-ab72-4d31-8bfa-53d818975c51
dfa95dfb-7d10-4f57-b48a-eaee5df786ad,Surgical,72e24c16-9dba-45e7-88ff-cb358acdf138,b68759b5-08bc-442f-8985-1257b6f7d9b7,439aa430-e3fa-4475-9731-cd4f0b48e583
66a92263-e735-4a01-9844-092b63c23517,Maternity Care,7c6ee97b-d893-4b10-8e91-d818e2082704,b68759b5-08bc-442f-8985-1257b6f7d9b7,f234bca1-3f96-42dd-aacd-9d1d8c15008e
04e7d94a-1b0a-4cf1-a619-12a4d6cef5ee,Elderly Care Services,0bc68748-aade-413e-b2ff-8f15bf1c8bdb,b68759b5-08bc-442f-8985-1257b6f7d9b7,35d893ab-f421-429c-a978-5576c22be279
7f4d619e-69c0-4c65-b7d6-007a2aa763c9,Pathology,708142d6-6c6b-443c-9622-1e6f268496fc,0ed24aff-ca2e-4ad6-b2db-33d3fac7980b,ed007484-a8c2-4a94-992b-20f6340082b6
29b9a965-02b9-4a95-b4f6-69d23097f879,PÃ¤diatrisch,b639c0b0-2adc-48a3-a86f-7e1b0eeeea0b,0ed24aff-ca2e-4ad6-b2db-33d3fac7980b,53a0d845-cd07-422e-9c37-8baf07e2af56
13bfcddc-09ab-409f-b573-3fa157a8c300,Midwife Svc,479fa82b-51ee-4f21-b953-0630c9dbd08b,0ed24aff-ca2e-4ad6-b2db-33d3fac7980b,ef224034-00b1-42f4-a5bd-effbce142bb5
6aa54a89-cc10-46df-a27b-d9ad2aeefa7c,Hematologic,e2069b51-39c3-4ca6-a2d8-a94c0147637b,0ed24aff-ca2e-4ad6-b2db-33d3fac7980b,52f2f59f-695b-4339-956d-456982952cfa
1cfc4ee1-2b7e-4ed8-97b6-c05bce5d69d3,Speech & Language Therapy,0983ca27-4754-4ce1-9dbe-08df3935af3b,0ed24aff-ca2e-4ad6-b2db-33d3fac7980b,2e0b62e4-a3b2-4a7c-a984-c113b487cd2e
5c5ed4e8-fce0-4043-a650-c1dd27275d63,Dermatologie,0d79a0dd-6404-49cf-a4fe-72def329f119,0ed24aff-ca2e-4ad6-b2db-33d3fac7980b,a12b130a-96ad-4aee-aef6-8849b593df62
923c8a7a-ce73-42ca-ac26-4c2808374fa2,ID,5b61c74d-0519-4583-84d6-0b1c7c86895c,0ed24aff-ca2e-4ad6-b2db-33d3fac7980b,1e89bb70-c75f-47d7-85c4-984febd09561
817b7863-98e9-4547-9cc6-97c4b3ace4e7,Primary Care,2344dfb6-a85a-424f-91e8-651f4c33b9f1,1d5725e9-35f4-4844-88bf-161f745f5512,cc4761be-db03-4276-a7e8-7f9167750497
d54d461c-15ca-4bda-a26c-935b2b8b93bf,FÃ¼sioteraapia,88f64da9-4187-41fa-9dbf-9e5d8fa5e6dd,1d5725e9-35f4-4844-88bf-161f745f5512,a5e0193f-97c4-4ddd-aa1c-1763b9e6e057
a6b5d50f-a1bd-46b5-87db-ecaaa9248cca,Hematologic,a19a9e96-02ea-4800-ac34-2e6475df5a5c,1d5725e9-35f4-4844-88bf-161f745f5512,7ea6c29b-d849-4ba7-8916-899af28481b1
6d70b5a1-5bd5-444e-911c-cb96e3810e20,Opt,11ed90b4-f1dc-44b8-972b-d6f728ff24ce,1d5725e9-35f4-4844-88bf-161f745f5512,ad2b2d5c-1841-4b88-8e4a-c9861203f39a
1ed5a6d7-d10a-4b3f-9765-c24ae65e7ff5,Respiratory Therapy,25f36a58-2da7-4794-ac9e-7f1f36fb391d,1d5725e9-35f4-4844-88bf-161f745f5512,d1fd8777-7895-485c-8923-18118aabc4d8
8e291fe7-216c-4e37-b4a9-bed4a3f4f261,GYN,d7bd2105-8828-4459-8197-f9d67529f2bf,bb219a2c-a62b-4cdc-8b6e-8d6a287a8ae2,dbcb8827-2a9f-4f4f-8788-62acb47c6574
faf94d66-ecd7-40b2-ba06-589bc4097fcb,Cardio,c2709620-bb97-4384-a4fc-57744f408ab7,bb219a2c-a62b-4cdc-8b6e-8d6a287a8ae2,9f3321bd-8ec9-40fd-8ea6-cceefd9c1c91
97e19c25-d61c-40b0-b59c-6071577deda6,Rheumatologisch,bce14ecc-90ed-4883-aefe-0cf7546b81c1,bb219a2c-a62b-4cdc-8b6e-8d6a287a8ae2,110194d0-0013-41b7-afd3-9f816de0e792
9fc5aa3d-da17-4c82-bda2-0a46090b4954,Genetisch,c7c165ed-01b5-4f82-99de-745bdaac494c,bb219a2c-a62b-4cdc-8b6e-8d6a287a8ae2,26cdbef0-8fb2-4641-b884-045e5f30d5d8
849f6c0e-604c-4ee6-b2af-9a64cb3d5d1b,ErnÃ¤hrung der ErnÃ¤hrung,a35625fc-420e-46fd-b7f5-81b64aee1fee,bb219a2c-a62b-4cdc-8b6e-8d6a287a8ae2,909af002-f4a6-40fd-84a2-6a99445ebb65
7a08b115-209d-4c11-bcba-187b5ccc7e95,Lab,6dc66c69-009e-4325-855c-5e79e29d0d87,8e6cac67-53a6-4725-af4b-f70c02a4668a,ea54902f-1ff1-4e73-9e59-0c4a4c862502
c9ca169c-b28d-4737-99c6-9a93d5268792,Path,a6b8e257-5f79-448a-8293-ec98e1f1a5ef,8e6cac67-53a6-4725-af4b-f70c02a4668a,7f0c7f21-b1bf-425e-8cdc-178438e26db6
7b229381-514d-4151-b6db-37857ad88ef8,Dental,b9f3f57c-d7ff-46f4-8612-3bed724b44ce,8e6cac67-53a6-4725-af4b-f70c02a4668a,a6319754-5f8c-4257-ba7e-292d6994baaa
47716e6f-ef2e-42cb-bb0b-6df63b9cd0af,Besmettelijk,9a95883b-c2a7-4963-b8b2-675da553767b,8e6cac67-53a6-4725-af4b-f70c02a4668a,e5558716-9496-4055-af31-679ce1da6042
47dc6abf-3a2e-426c-ba76-90034e45a584,PCP,3d5052c4-f5ac-49fd-a436-c6c3e7af2e89,8e6cac67-53a6-4725-af4b-f70c02a4668a,97ef92f3-4c55-482d-af8c-4a0c8ed4f5f3
a3589c7e-7842-4841-a176-f58074f852a3,Laboratoriumwetenschap,b7aa5435-fcc2-4929-b329-21461b8cf2ca,8e6cac67-53a6-4725-af4b-f70c02a4668a,7a3672f9-feff-451b-882a-eca31ab47a34
7d36383d-d505-4072-a04d-56fdeee64d02,Pulm,32f01b7b-c24b-47d0-87e6-f2bb69945307,8e6cac67-53a6-4725-af4b-f70c02a4668a,d9927fd3-bd0b-472b-945f-035f3a2bb095
805e38f4-0fa5-4f7b-a906-64c74fbb8e9a,Gesundheit der Gemeinschaft,b6b24330-28dd-439a-b919-e4472734bc23,f9d695a6-9a17-4a75-8cf9-a741cd333cbe,c9db21e2-6ad1-4394-9e71-17fb17d0892f
7bae24b2-ed8e-4319-9ef2-3fd25c91c1fa,Blood Disorders Clinic,763fc5be-b417-463f-add9-1522a766b933,f9d695a6-9a17-4a75-8cf9-a741cd333cbe,75e07289-81b3-4de4-9d5e-886947ec4a5d
3b754e3a-07ff-4f2d-bd3f-c836473cafea,Laboratory Science,603fe05e-5722-49e4-acdf-96ceff4b827b,f9d695a6-9a17-4a75-8cf9-a741cd333cbe,913d16b9-68bd-40db-aff0-e4455e884083
a6c44c86-7d68-458d-96c9-efad776ce22b,ID,da350506-0ed6-4f24-aba7-528949f5cab2,f9d695a6-9a17-4a75-8cf9-a741cd333cbe,8d3b4748-e07d-4748-8ea4-2dd84f8a60d2
25bf2d86-5a43-4844-a5e9-a8645accd6f0,Pathology,ffc62a65-d73c-4a66-beb6-54a902637f24,f9d695a6-9a17-4a75-8cf9-a741cd333cbe,f44fce6c-70dc-4134-b22f-14b62a847a59
decd7081-5f10-4ca5-a4e7-aeb15afe0beb,Gesundheit der Gemeinschaft,77837803-5127-41cc-be6f-6a74a2a74c06,f9d695a6-9a17-4a75-8cf9-a741cd333cbe,ec77c1cc-979d-4a1e-821b-8d1a82719fb6
eca38292-3941-42d0-8441-f88c820fb7c0,Digestive Health Center,1abce2c6-daa9-492a-aa19-05cf8cba3b90,f9d695a6-9a17-4a75-8cf9-a741cd333cbe,77010f0b-c17a-4ad3-adf1-a03ca481f99c
7cd47052-fa79-4c03-97c3-8f5515da55c2,Pediatric,40993668-eadb-4cb0-9e4a-a2e9549cce00,f9d695a6-9a17-4a75-8cf9-a741cd333cbe,e7b3d90c-a6ba-4461-a30e-c68087b08039
1314c1cc-1fb7-47fe-94e0-badd1176a21a,Musculoskeletal,bcd25903-85d8-4c44-b8e2-2fe4bb3b3288,f9d695a6-9a17-4a75-8cf9-a741cd333cbe,857e09d6-0154-46a8-bb7b-40369615aa50
61d87570-d185-4227-9673-0907c01e8344,Opt,056c2f4e-53a3-465e-8e5f-fe73c51f8db9,f9d695a6-9a17-4a75-8cf9-a741cd333cbe,cf9d8e32-f1c8-401a-901e-36fb82fc9b8f
62306f51-fc26-4a71-bd00-b12a7f6a80ca,Anesth Dept,1c32a9f7-c8a7-4a1f-8228-11d5a5701b03,7cddf260-a26c-4dd7-9f7b-013a8e823195,8a17c6d6-aefc-4107-a6e2-03af0360b6ca
f784cade-7462-418c-8a8f-dd83e8f793e2,Urologisch,de7d01d0-6933-4e1c-bc13-4afe790431a0,7cddf260-a26c-4dd7-9f7b-013a8e823195,3ea04bd7-4b5b-4c08-9b20-17c76491c92a
856e8ed9-6e34-4c84-9580-e0b8ed3c3274,Skin Care Center,f4f1bd06-3adc-4335-86c9-276cf3ff3ba7,7cddf260-a26c-4dd7-9f7b-013a8e823195,22b5aab4-e6c0-46a4-bcbe-e2ca5b8e1f49
1bc59984-46d0-4f22-9351-c5757b7d765d,Grundversorgung,8700d5b2-927f-4ac4-9b1c-ea5e1140e2a5,7cddf260-a26c-4dd7-9f7b-013a8e823195,a10621a3-36da-4d1f-b6f1-9b5e1037941d
c8798582-fda7-4637-908e-66127014f2b9,Comm Health,e77880fa-cc41-4e8f-bbb2-e2dfee69b832,7cddf260-a26c-4dd7-9f7b-013a8e823195,16f8bc97-cc22-40bd-a9f8-e397798abe46
a31f7f89-b358-41e6-8f03-451d9af38884,Lungen,3bcd74ea-220c-4345-8685-93f365379959,7cddf260-a26c-4dd7-9f7b-013a8e823195,2e946603-c46c-42cf-8c33-c50e6ac779d0
8ee83077-b188-43b7-94d9-78394e605403,Endokrin,b1485bd9-5ea2-4c90-a3b6-6f2b6a716046,7cddf260-a26c-4dd7-9f7b-013a8e823195,8137f230-1eb2-4e20-a18b-08f5e0134eab
3bfe8f38-5547-485b-a8bd-10bef7cdac8f,Anesthesia,c2ee57ca-d485-4a72-8cab-d075c5357d88,07dc4d58-4e33-4133-866d-9d8929e17776,66788c8f-d8d6-4cf5-8bc1-dd0ccd5e7323
341b7ca6-523c-43ae-ab5f-281f20a07fe6,Public Health,77edd873-6f71-4f90-bec4-c177de034b77,07dc4d58-4e33-4133-866d-9d8929e17776,cb6abe38-0fa4-4015-8dc3-ebcbd43977ba
7577eb25-d9dc-4206-92ae-0d4ecd5c1103,Rheumatologic,a3fa4166-ef00-4a9f-b451-be2b1cee8eae,07dc4d58-4e33-4133-866d-9d8929e17776,590ac82b-ceeb-4878-81df-ffbb1dbfc00c
c3df7325-a16d-4f2f-8034-d7dfb352739c,Rheum,e0eb4dee-984f-4778-856e-522992fdc46d,07dc4d58-4e33-4133-866d-9d8929e17776,0e9f1f77-de5c-4a9f-b8b1-00d3ec896e79
07a0b7cb-b7b8-4ad3-9d7e-265f61523ec7,Mental Health Services,e579f198-317c-4ece-b7fc-c5bf8a5d12ba,07dc4d58-4e33-4133-866d-9d8929e17776,6a6cc72d-cfca-4927-9930-c999ce8a9459
7df287ab-664a-4dff-b471-fb9536e70f89,Arthritis & Rheumatism Center,99d49a7c-8222-4dd1-a99c-a2e9a10cd7ef,07dc4d58-4e33-4133-866d-9d8929e17776,17d2edd0-1794-49bf-8c52-b52299c8c510
6dd76dce-35d3-47c1-ab36-8cf704f29d67,Surg,fc345b56-d258-40b0-b151-4e498cae6671,07dc4d58-4e33-4133-866d-9d8929e17776,797411dc-d19b-4556-820d-1d0aa0f84d25
1f8248d9-1c68-4e47-bafb-99fac833a953,Hematoloogiline,fbee603a-417e-4933-9059-b42ea3c7f011,07dc4d58-4e33-4133-866d-9d8929e17776,ee5e784a-16d6-435a-9449-2c93e5fc14a7
5329e6ca-833f-4f59-9d84-16ce19accfc6,Vision Care Center,403eb467-56da-43b0-b401-47240a11e3e3,23ea04d5-3fdd-44a9-aa5a-aeb43b8faff3,7e4ce3cd-db3b-45fc-9120-258a53e5c934
eee0a23e-1ec1-4d17-bb79-3b86ed485c87,Neurologisch,205e2b4d-60d3-4f5d-a5db-b8b434c93e2d,23ea04d5-3fdd-44a9-aa5a-aeb43b8faff3,39b43a78-826e-4d5c-a918-8a4b039181ef
f1f86329-6b70-4671-8fd4-f3395ebbb4e1,PÃ¤diatrisch,a7fbf6d5-ae90-45d2-9c96-970a821e7498,23ea04d5-3fdd-44a9-aa5a-aeb43b8faff3,bb7a62f2-d77d-4cda-92e6-3b2aac59ae7e
dd26fcc6-ea4d-48b3-82d6-dea726d4f85e,Endokrin,1a725bdc-27ce-40c2-8def-b27a110f3c75,23ea04d5-3fdd-44a9-aa5a-aeb43b8faff3,0044694c-4d3d-4d43-ad15-ff9818345830
71e194b6-1abc-4602-8f10-a54bcecd6c1c,Diagnostic Pathology,f9e95504-3228-434b-af4b-87bce0a9736b,23ea04d5-3fdd-44a9-aa5a-aeb43b8faff3,d0140ebc-9768-409a-9011-5fc6abe737c3
3fed20c5-00bf-4ecf-b5ad-f9a08a4966b5,Radiographie,dbc7ec5e-dda1-42ab-b53c-dc39a4ec060e,23ea04d5-3fdd-44a9-aa5a-aeb43b8faff3,5071dbc7-0978-4120-b72f-7caf653a5f1e
8100e044-6f5b-4db8-9674-3f4bb9f3ddc5,Geburtshilfe,e3c4cbd4-7fc8-48cb-99f0-c014b85eeeaa,23ea04d5-3fdd-44a9-aa5a-aeb43b8faff3,b0835044-1507-4a5a-a2fb-7716650cd468
5ccdf707-c5a2-47c0-b5b1-063bd0243ef6,Toxikologisch,d0de6815-0520-4d61-850a-79c32da7ee52,23ea04d5-3fdd-44a9-aa5a-aeb43b8faff3,304b1150-a111-41f0-be80-8d7800250501
a30b619e-4734-4264-b77c-dedb5b497707,Derm,67dc785a-a88d-47b5-94a4-308aafaefcec,23ea04d5-3fdd-44a9-aa5a-aeb43b8faff3,6b161323-5209-425a-a2b3-0a012ebe17d4
012c5080-06af-49f6-b858-daf906f066e7,Physiotherapie,ab2dae31-374d-477f-8dd3-ba55791f4076,2ebb719d-c2a2-454a-ae3b-0ae9f13d4694,0bd083eb-dc7c-4f0b-b8d8-41f734d58760
c37b3dae-1cbf-46fd-9b4a-9c78f5f93642,Tox,68b32e5a-ebf2-4bdc-a8eb-298a97510de3,2ebb719d-c2a2-454a-ae3b-0ae9f13d4694,ea80c43a-d921-4824-b3f1-5154bc6568d9
454d3ba0-36bb-4354-b616-1c1e546dd82a,Elderly Care Services,dd890347-dbcf-4c33-8280-dc9cddae7b61,2ebb719d-c2a2-454a-ae3b-0ae9f13d4694,2a906468-2d1c-4347-8e5d-cc9f39f0218b
5d774afb-266c-4df6-81e8-ad017cef6a41,Geriatric,6055456d-a9fe-4baf-8a13-c01e6580ec86,2ebb719d-c2a2-454a-ae3b-0ae9f13d4694,77254d3f-e04e-41ed-88ed-33f3c6c16d46
02eb9cd9-9c42-47b4-bf36-6d1014e58fef,Derm,9e1056b8-efb9-4145-bd9d-ab3ef5d7fefe,2ebb719d-c2a2-454a-ae3b-0ae9f13d4694,22efcd90-c239-43d2-9efa-8ac4f9a9c13e
e1924e71-83d3-4735-8b4e-4a8ca046616a,Rheum,44a825d3-5cd6-4156-bc1b-935e80809baf,2ebb719d-c2a2-454a-ae3b-0ae9f13d4694,a928d519-71ff-4ef5-8e41-10dfe48cf2e7
1f8a2405-2082-40b0-b587-e2101522e795,Population Health Center,ff05742e-cf8c-455d-84fe-0a73a1ff4cfe,2ebb719d-c2a2-454a-ae3b-0ae9f13d4694,f2ed1230-ae9f-44e5-9b80-8bbda9efda08
d71c9704-68de-4290-b98c-470635522267,Radiographie,51f7099b-a1da-443c-8ddb-06bc06312fbe,2ebb719d-c2a2-454a-ae3b-0ae9f13d4694,3432753c-3f11-46f2-9fb8-334c2798a419
bd19190b-926f-43c3-8c97-ce5ebc0c41bd,Gastroenterologisch,d5224890-9427-4ceb-94f1-3a5eed823684,f8c57f7e-db93-4a7b-96c6-3f06f9d52282,423c17c6-fef6-4a6f-af9b-0023205518af
38d84439-535d-42a2-9ac8-75c4e4c6bb7b,Speech & Language Therapy,aba33208-ef88-49c6-846c-053e15b0fca4,f8c57f7e-db93-4a7b-96c6-3f06f9d52282,356210b1-b37f-414a-915d-241961836b66
d0335747-9356-46b8-9d5f-e9c1571d157c,Vision Care Center,07351eac-3bbe-409c-bc7b-130183b74ac1,f8c57f7e-db93-4a7b-96c6-3f06f9d52282,7c1efb1b-85b8-4b2d-abe0-d0f5b99ca63c
ceda3f4e-f172-472c-9de3-ddec6b0f8d22,Respiratory Care Services,13712ff8-ab84-4771-be7a-433d165dfcf3,f8c57f7e-db93-4a7b-96c6-3f06f9d52282,e3e182b5-0637-45b5-9239-6c6a22f6f857
427501ab-9ec8-4c31-8b10-aae47922d0c4,Uro,77cff886-6143-4611-be7d-98ca29744c27,f8c57f7e-db93-4a7b-96c6-3f06f9d52282,041d2bbb-c7bc-4f5d-b232-3d9dabcac17a
87cba3a7-99f8-4e6e-8b76-add6c24e2d8d,Vision Care Center,2a89632b-6992-4847-85db-f2f2ab139894,f8c57f7e-db93-4a7b-96c6-3f06f9d52282,37ae3ec9-5985-4137-88a2-293941ce1d0f
0ce1809e-522b-4ebd-9f91-533128c97523,Podiatrisch,078f80d8-c629-4e33-951f-6d43a6f4626d,f8c57f7e-db93-4a7b-96c6-3f06f9d52282,c3a5d0e8-b42b-42b1-b871-e2a450467454
03a60983-6e09-4dae-ba64-3e379973b1d4,Genetisch,bb6571a4-f0c0-4a70-968f-a8e7e53dad52,f8c57f7e-db93-4a7b-96c6-3f06f9d52282,69c0d999-96f2-41c6-9a02-039c7e6fb2e3
ff4d2c27-6ed4-4a9d-a5c6-2b4c856d424b,Anesth Dept,8be0c841-4a99-48e5-809d-e67a457cf3fd,f8c57f7e-db93-4a7b-96c6-3f06f9d52282,63976d61-1e37-4eb7-89dd-1d9a31dcb0fc
65b6c448-2853-475d-9352-cee8e44f9970,Heart Center,5ad667ad-54a5-49aa-908c-06b7cdad1754,f8c57f7e-db93-4a7b-96c6-3f06f9d52282,1adcd24e-6e71-4cf5-9f16-fa4cf8f38dbe
f4783af1-17db-409e-a055-eb0c3c2bebb7,Long-,09b747b4-645e-4aec-8892-f7ca2748601f,27b0881c-c916-4dd1-b18d-693d1eb82b09,b3264d54-ae3a-4eb9-9968-5b0d649aae8e
9c9a7b9c-3289-4e84-8882-a886856bd607,Otolaryngologic,e1797813-a3a4-479e-81fe-fb3adefd5135,27b0881c-c916-4dd1-b18d-693d1eb82b09,97a0588f-0565-48f1-8e00-bb5b1a2e46fd
e21433d4-bc75-41d8-a63f-8a46503d625a,Infection Control & Prevention,b672b8e7-b5af-4d7f-a29f-7a058e371a75,27b0881c-c916-4dd1-b18d-693d1eb82b09,8d197547-26e6-4ef1-8d46-dc3cc05331ec
a608ac9b-a787-4c06-b584-c9aa42814788,Volksgezondheid,1aaaece9-80fe-4556-8b6f-474792931a6c,27b0881c-c916-4dd1-b18d-693d1eb82b09,eff35acf-d1e8-46e0-ab67-56658eb8cc28
a43c30f2-d230-4d8e-b1c2-328ce9788ca0,Elderly Care Services,bb60862f-af1f-404d-949e-56075757da63,27b0881c-c916-4dd1-b18d-693d1eb82b09,0da2ff8a-5a1d-46c6-8d37-d3d7d4027889
318617a7-f53f-4c96-8f47-abf16d5c7ad2,Elderly Care Services,d3e975fa-ae82-4543-b55d-b399e5619c08,27b0881c-c916-4dd1-b18d-693d1eb82b09,3d5b3d4e-e5a1-4247-bbad-542ac176820c
924a9432-1d8f-4e26-9080-41f1e30cc5f8,Lab,00961ba4-a383-4b3d-82ff-16ec4f8110c5,27b0881c-c916-4dd1-b18d-693d1eb82b09,e57c312f-a42e-49eb-aab0-7656f80c2558
0f848ab7-563a-4167-ae1d-6420b2b501e0,Hormone & Metabolism Center,b8d7b6cd-29e8-452b-9a97-e716e3225ad1,27b0881c-c916-4dd1-b18d-693d1eb82b09,261b74ba-26a7-4b72-a5e3-dd69c8532f40
fe5fa7ac-6da2-4726-8ffc-a75db390cd2a,OB,add1ec0c-bfe6-4489-a8f9-b8a160c787c4,27b0881c-c916-4dd1-b18d-693d1eb82b09,ca849803-8974-49e5-9eb1-3d671cd9c080
12a89b1a-8e05-44d6-8953-6d0b0b3a2f3e,Obstetric,2cf0fdfe-d5eb-4785-905b-08f3dae6fd55,27b0881c-c916-4dd1-b18d-693d1eb82b09,566dc472-9842-4118-bba1-021ea4311c81
f5715e2c-9de7-4056-96b7-eb9be40290b1,Geri,6ffc6c46-5ea2-4802-9598-55dc37817dc9,264434e2-9340-42f2-b4cb-534b1c0ec8d5,e63c3a18-ad51-476e-aaa0-d364bdf9478e
fd0ba081-7b5c-4c55-8c3f-168829092a50,Vision Care Center,d06e8e22-7d78-4d03-a5ca-e9765757dc52,264434e2-9340-42f2-b4cb-534b1c0ec8d5,24566880-6a7d-4633-8437-1accd979c962
13c8f5a4-9de4-4130-9315-98d157e3d604,Emergency Services,b0a1bbbd-0143-4176-822b-cdec9c8be378,264434e2-9340-42f2-b4cb-534b1c0ec8d5,fa841298-f398-4247-9a8f-81808286472a
3c2e3ad7-9352-485d-b0a5-4dba4ae9c649,ErnÃ¤hrung der ErnÃ¤hrung,4c6595d7-ce56-4861-86fc-611e0d360134,264434e2-9340-42f2-b4cb-534b1c0ec8d5,68a7622f-3ce4-4c10-ab45-d16cf5f307db
620ef664-6a48-4daa-91ca-d6c090b1bdcb,Medical Imaging,9496cfd4-581a-4fd3-93ee-1ae7f9d8c270,264434e2-9340-42f2-b4cb-534b1c0ec8d5,08d0f52b-5367-4d38-a9a6-db7710fe0eb2
6b4dcfa4-44fa-4d45-ad44-966f45912f54,Otolaryngologisch,20c55162-c6ab-46e4-b706-7d092539f597,264434e2-9340-42f2-b4cb-534b1c0ec8d5,d58d641f-de99-43aa-ac0d-9887372b22c4
99d81495-433b-4604-b9d0-27efd09d5ce6,Gastroenterologisch,bf51c991-3d2e-448d-a4f4-a4b01941c2ea,264434e2-9340-42f2-b4cb-534b1c0ec8d5,86ee7682-4c9f-4c20-9a9d-02f40a9e75b3
c54a7bc7-7458-4e28-b26a-d0ea582fa9f0,HÃ¤matologisch,5512d69e-0980-459f-ab55-c8ac7dfe3bc1,264434e2-9340-42f2-b4cb-534b1c0ec8d5,8d8d56b9-adfe-4430-8a60-c780a0e7491c
33fc0d2b-8fd6-45a5-8ab3-a69184be72b4,Nurs,59a8afdf-c8b6-410c-9289-04caea78c7df,264434e2-9340-42f2-b4cb-534b1c0ec8d5,2fdac530-e9e1-4803-9fc8-f4b2ddb8f1d1
b52fcb8d-d689-4996-95a6-29e02772cc56,Anesth Dept,e6539771-9de0-4054-89f9-19efeb12ae7f,264434e2-9340-42f2-b4cb-534b1c0ec8d5,19ca413f-6519-44c2-acd5-bc566550fb64
4211cfd5-1aef-49cf-bbe1-99e84df94932,Genetic,cd625ead-cb0f-4025-871b-769f8c9c60f6,815d7cbd-9aca-455e-829b-fda2a08ed015,4aceb602-3d89-4629-97a9-bf2c5581cc65
87065170-6261-4035-964e-44539da93b91,Pub Health,ab4a8608-44e9-43f5-a0b0-e2db732ad76a,815d7cbd-9aca-455e-829b-fda2a08ed015,79b95b49-c585-4464-b81a-9e92aca03da0
854f3a0f-acdd-4bd0-840a-8441af6ad163,Heart Center,edec6c23-d4ba-438c-bae2-5d1d039e026b,815d7cbd-9aca-455e-829b-fda2a08ed015,746827a4-74ff-4b49-8d41-9200ce6f54ac
b73f70b4-1676-424c-9003-5c3c1beb0403,OtolarÃ¼ngoloogiline,dfb5f206-e97f-4aec-81bc-01bc34b58137,815d7cbd-9aca-455e-829b-fda2a08ed015,86cb75aa-7321-40b5-a2c0-4eeed079c83b
218e2baa-2776-4d11-9ed3-b0a654751df9,Respiratory Care Services,4d87e4a6-0f22-470a-aae1-a772302e710e,815d7cbd-9aca-455e-829b-fda2a08ed015,1c6c5271-df7b-45c8-9b8b-1da5dac1f090
50a05c81-a6dd-4c99-aece-43bf304ec784,Mental Health Services,cde2f827-34ff-477e-8dc6-cfadc9855089,815d7cbd-9aca-455e-829b-fda2a08ed015,0934f19b-0bc5-43f1-9868-1ddf5b791204
2f5bb936-1f3f-4b26-b986-a8fed3a97c20,Patoloogia,74884c61-4e6a-4fa0-830e-449c031379c9,815d7cbd-9aca-455e-829b-fda2a08ed015,6256d08d-fb43-46f2-965b-5de1d364622c
1566fd95-a38e-4a88-8bad-3d8de269fc7f,Emergency,fba66488-9c22-4940-9f37-5fea664befd8,815d7cbd-9aca-455e-829b-fda2a08ed015,72703285-8974-4804-85b7-0e4696bff89f
5edf84d1-d7e2-444c-a664-1a6d8ac098bf,Pathology,d8f8aa29-b1c3-4068-8bf9-8f5e20d7b7f0,59cd79cd-f6e1-4384-9093-937288c54c29,25367cc7-790b-42c2-b544-92401214a125
1170b38c-8dfc-480e-9f25-b126ccb71c8a,PT,166b7d36-a019-408a-88f7-65ff355206a4,59cd79cd-f6e1-4384-9093-937288c54c29,bf914ed0-3bb9-4077-8de9-2973aab87a6f
0036f517-eda8-488d-ace2-0fe3bd7efcb4,Infection Control & Prevention,38bf0e28-ebfa-4483-b239-6d7504c0e3e8,59cd79cd-f6e1-4384-9093-937288c54c29,9b3f35ee-78b2-4155-8947-09d45e3b4ffa
4ca98c40-d859-49b6-904d-feb894cfc7ba,Opt,0ef1323a-eaf6-47cf-a108-00b93f8c6279,59cd79cd-f6e1-4384-9093-937288c54c29,907588ea-a8cb-4533-9370-6bf83907e42e
30f9ca8a-8f5e-46b1-ac17-0b8c5aaf2c64,Plastiline kirurgia,cc9172d3-1545-4f10-8d75-20ac8a66210f,59cd79cd-f6e1-4384-9093-937288c54c29,73118a87-2bff-4dab-a3d5-71954dd0c97c
f76ab5df-cf46-494d-9315-b45b02764ba0,Plastiline kirurgia,32729be0-5943-4511-83c0-38609d01199d,59cd79cd-f6e1-4384-9093-937288c54c29,23d624b0-d5bd-4ac6-9206-a9749e5480e5
cb33acf3-ebdb-4655-862a-bacedd8e6ff0,Poison Control Center,a4c8362b-b37e-4628-960a-b17e5a839a03,59cd79cd-f6e1-4384-9093-937288c54c29,851efedd-08ac-4c65-a0b5-33df99e48548
ebf3ee31-7518-4113-a9ad-a6583b46a89c,Hormone & Metabolism Center,adf63ba8-a909-4225-8b73-179ea0052ed0,59cd79cd-f6e1-4384-9093-937288c54c29,65d13f10-54b3-4169-942b-2925584722a8
e2783be7-042e-4ba0-9e53-195c31d6a7b0,ID,fbe4ac12-aae7-41e8-8146-b340f9f0baea,59cd79cd-f6e1-4384-9093-937288c54c29,cde98eb7-91e7-44cb-b10c-ad0c94c0aae2
643acae5-d286-4960-ae42-e7b114d4217f,OtolarÃ¼ngoloogiline,cef0c6f3-1876-4ff6-9d30-bfc1221befaf,59cd79cd-f6e1-4384-9093-937288c54c29,b845b110-b6c9-4012-8375-0c032a21a7e2
